data;horario;n_da_ocorrencia;tipo_de_ocorrencia;km;trecho;sentido;tipo_de_acidente;caminhao;ilesos;levemente_feridos;moderadamente_feridos;gravemente_feridos;mortos;3
14/01/2015;07:28:00;75;ac02 - Acidente com Vítima;358;BR-262/MG;Leste;Saida de Pista;1;1;;1;;;2
14/01/2015;07:48:00;82;ac02 - Acidente com Vítima;82;BR-153/MG;Sul;Tombamento;1;0;1;;;;1
14/01/2015;11:26:00;198;ac02 - Acidente com Vítima;440;BR-262/MG;Oeste;Colisão Traseira;1;1;1;;;;1
14/01/2015;11:45:00;206;sem vítima;114;BR-060/GO;Sul;Tombamento;1;1;;;;;1
14/01/2015;12:37:00;216;ac02 - Acidente com Vítima;80,7;BR-153/MG;Sul;Colisão Lateral;1;0;5;;;;1
14/01/2015;14:43:00;250;sem vítima;363;BR-262/MG;Leste;Colisão Lateral;1;3;;;;;1
15/01/2015;23:07:00;16;sem vítima;677;BR-262/MG;Leste;Colisão Traseira;2;2;;;;;1
15/01/2015;03:46:00;25;ac02 - Acidente com Vítima;703;BR-262/MG;Oeste;Choque - Outros;2;1;1;;;;1
15/01/2015;13:40:00;261;sem vítima;639,3;BR-153/GO;Norte;Colisão Traseira;1;2;;;;;1
15/01/2015;17:35:00;362;ac02 - Acidente com Vítima;69,07;BR-153/MG;Sul;Saida de Pista;1;0;2;;;;1
15/01/2015;17:31:00;451;ac02 - Acidente com Vítima;95;BR-060/GO;Sul;Saida de Pista;1;0;3;;;;1
16/01/2015;09:54:00;203;ac02 - Acidente com Vítima;527;BR-153/GO;Norte;Colisão Traseira;2;1;1;;;;1
17/01/2015;06:42:00;60;ac02 - Acidente com Vítima;552;BR-153/GO;Sul;Colisão Traseira;1;0;1;;;;1
17/01/2015;10:45:00;185;sem vítima;109;BR-060/GO;Norte;Colisão Lateral;1;2;;;;;1
17/01/2015;14:51:00;246;sem vítima;675,2;BR-153/GO;Sul;Colisão Lateral;1;2;;;;;1
17/01/2015;15:33:00;271;ac02 - Acidente com Vítima;511;BR-262/MG;Leste;Saida de Pista;1;1;1;;;;1
17/01/2015;17:41:00;318;ac02 - Acidente com Vítima;382;BR-262/MG;Oeste;Outros - sequências;1;0;1;;;;1
17/01/2015;18:02:00;324;ac01 - Acidente com Vítima Fatal;755;BR-262/MG;Oeste;Colisão Lateral;1;1;;;1;1;3
17/01/2015;21:05:00;383;ac01 - Acidente com Vítima Fatal;574;BR-153/GO;Norte;Capotamento;1;0;;;;1;3
19/01/2015;23:45:00;8;sem vítima;477;BR-262/MG;Leste;Colisão Lateral;1;2;;;;;1
19/01/2015;10:46:00;195;ac01 - Acidente com Vítima Fatal;509;BR-262/MG;Leste;Tombamento;1;0;1;;;1;3
19/01/2015;23:46:00;321;ac02 - Acidente com Vítima;112,5;BR-153/MG;Norte;Colisão Traseira;1;1;1;;;;1
20/01/2015;08:35:00;109;sem vítima;414;BR-262/MG;Oeste;Colisão Lateral;1;2;;;;;1
20/01/2015;16:24:00;318;ac02 - Acidente com Vítima;52;BR-153/MG;Norte;Carreta deu L;1;0;1;;;;1
20/01/2015;16:32:00;320;sem vítima;502;BR-153/GO;Sul;Colisão Lateral;1;2;;;;;1
20/01/2015;18:32:00;361;sem vítima;93;BR-060/GO;Norte;Colisão Lateral;1;2;;;;;1
21/01/2015;05:44:00;40;sem vítima;370;BR-262/MG;Leste;;1;1;;;;;1
21/01/2015;05:48:00;41;sem vítima;382;BR-262/MG;Leste;Saida de Pista;1;1;;;;;1
21/01/2015;08:27:00;66;sem vítima;674;BR-262/MG;Oeste;Carreta deu L;1;1;;;;;1
21/01/2015;16:17:00;232;ac02 - Acidente com Vítima;358,5;BR-262/MG;Oeste;Capotamento;1;0;1;1;;;2
21/01/2015;17:21:00;272;ac02 - Acidente com Vítima;113;BR-060/GO;Sul;Colisão Traseira;1;2;;1;;;2
21/01/2015;17:21:00;358;ac01 - Acidente com Vítima Fatal;113;BR-060/GO;Norte;Colisão Frontal;2;2;;;;1;3
21/01/2015;15:00:00;376;sem vítima;509,5;BR-153/GO;Norte;Colisão Traseira;4;4;;;;;1
22/01/2015;12:08:00;189;sem vítima;659;BR-153/GO;Sul;Colisão Traseira;1;2;;;;;1
22/01/2015;16:25:00;268;sem vítima;88;BR-153/MG;Sul;Colisão Lateral;1;2;;;;;1
22/01/2015;22:37:00;411;ac02 - Acidente com Vítima;58;BR-153/MG;Sul;Colisão Traseira;2;1;1;;;;1
23/01/2015;03:00:00;24;ac02 - Acidente com Vítima;58;BR-153/MG;Norte;Tombamento;1;0;1;;;;1
23/01/2015;06:35:00;53;sem vítima;580;BR-262/MG;Leste;Saida de Pista;1;1;;;;;1
23/01/2015;09:20:00;115;sem vítima;575;BR-262/MG;Leste;Carreta deu L;2;2;;;;;1
23/01/2015;17:38:00;341;ac02 - Acidente com Vítima;96;BR-060/GO;Norte;Colisão Traseira;1;0;2;;;;1
24/01/2015;00:35:00;16;ac02 - Acidente com Vítima;127,4;BR-060/GO;Norte;Tombamento;1;0;;1;;;2
24/01/2015;04:10:00;49;ac02 - Acidente com Vítima;31;BR-060/DF;Norte;Colisão Traseira;2;1;2;;;;1
24/01/2015;11:28:00;204;sem vítima;584;BR-153/GO;Norte;Colisão Lateral;1;2;;;;;1
24/01/2015;13:26:00;239;sem vítima;4,9;BR-060/GO;Sul;Colisão Traseira;1;2;;;;;1
24/01/2015;13:26:00;241;ac02 - Acidente com Vítima;4,9;BR-060/GO;Sul;Colisão Traseira;1;1;5;;;;1
24/01/2015;15:54:00;314;ac02 - Acidente com Vítima;639;BR-153/GO;Norte;Colisão Transversal;1;1;1;;;;1
24/01/2015;19:35:00;427;sem vítima;28,8;BR-060/DF;Norte;Engavetamento;1;8;;;;;1
24/01/2015;21:04:00;444;sem vítima;498;BR-153/GO;Sul;Colisão Lateral;1;2;;;;;1
26/01/2015;04:51:00;54;sem vítima;132;BR-060/GO;Sul;Saida de Pista;1;2;;;;;1
26/01/2015;10:19:00;178;sem vítima;91;BR-060/GO;Sul;Colisão Lateral;1;3;;;;;1
26/01/2015;17:26:00;320;sem vítima;492,8;BR-153/GO;Sul;"Choque - Defensa, barreira ou ""submarino""";1;1;;;;;1
26/01/2015;17:40:00;329;ac02 - Acidente com Vítima;595;BR-262/MG;Leste;Capotamento;1;0;1;;;;1
28/01/2015;11:28:00;221;sem vítima;133;BR-060/GO;Norte;Saida de Pista;1;1;;;;;1
28/01/2015;17:25:00;357;ac02 - Acidente com Vítima;661;BR-153/GO;Sul;Atropelamento - Andarilho;1;1;1;;;;1
28/01/2015;17:28:00;361;sem vítima;133,2;BR-060/GO;Sul;Saida de Pista;1;1;;;;;1
28/01/2015;17:39:00;364;ac02 - Acidente com Vítima;574,5;BR-262/MG;Oeste;Colisão Frontal;2;1;;1;;;2
29/01/2015;09:32:00;148;sem vítima;644;BR-153/GO;Norte;Colisão Traseira;2;2;;;;;1
29/01/2015;13:00:00;227;ac01 - Acidente com Vítima Fatal;582,7;BR-262/MG;Leste;Colisão Frontal;1;2;;;;1;3
29/01/2015;14:39:00;253;sem vítima;396;BR-262/MG;Leste;Colisão Traseira;1;2;;;;;1
29/01/2015;15:05:00;272;ac02 - Acidente com Vítima;598;BR-153/GO;Norte;Tombamento;1;0;2;;;;1
30/01/2015;14:15:00;266;ac02 - Acidente com Vítima;575;BR-262/MG;Leste;Colisão Frontal;2;1;;1;;;2
30/01/2015;15:58:00;305;ac02 - Acidente com Vítima;111;BR-060/GO;Sul;Outros - sequências;3;4;1;;;;1
30/01/2015;17:41:00;351;sem vítima;94;BR-060/GO;Norte;Colisão Lateral;1;2;;;;;1
30/01/2015;18:08:00;369;ac02 - Acidente com Vítima;369;BR-262/MG;Oeste;Tombamento;1;0;1;;;;1
30/01/2015;20:48:00;426;ac01 - Acidente com Vítima Fatal;6,6;BR-060/DF;Sul;Atropelamento - Andarilho;1;1;;;;1;3
31/01/2015;08:15:00;121;ac02 - Acidente com Vítima;73;BR-060/GO;Sul;Engavetamento;2;6;6;;1;;2
31/01/2015;14:55:00;272;ac02 - Acidente com Vítima;849;BR-262/MG;Leste;Colisão Frontal;2;0;1;1;;;2
31/01/2015;16:10:00;304;ac02 - Acidente com Vítima;124;BR-153/MG;Norte;Saida de Pista;1;0;1;;;;1
01/02/2015;18:22:00;299;sem vítima;400;BR-262/MG;Leste;Colisão Lateral;1;2;;;;;1
01/02/2015;22:45:00;392;sem vítima;548;BR-262/MG;Oeste;Tombamento;1;1;;;;;1
01/02/2015;22:19:00;383;sem vítima;626;BR-262/MG;Oeste;Colisão Traseira;2;2;;;;;1
02/02/2015;18:11:00;324;sem vítima;499;BR-153/GO;Sul;Colisão Traseira;3;3;;;;;1
02/02/2015;14:41:00;250;sem vítima;590;BR-153/GO;Sul;Colisão Traseira;2;3;;;;;1
02/02/2015;17:29:00;305;ac02 - Acidente com Vítima;696,2;BR-153/GO;Norte;Choque - Elemento de Drenagem;1;0;;1;;;2
02/02/2015;12:29:00;221;ac02 - Acidente com Vítima;700;BR-153/GO;Sul;Atropelamento - Ciclista;1;1;1;;;;1
03/02/2015;18:35:00;374;sem vítima;40,6;BR-060/GO;Sul;Colisão Traseira;2;2;;;;;1
03/02/2015;08:10:00;98;ac02 - Acidente com Vítima;501;BR-153/GO;Sul;Colisão Traseira;1;1;1;;;;1
03/02/2015;16:02:00;309;sem vítima;507;BR-153/GO;Sul;Colisão Traseira;2;2;;;;;1
04/02/2015;19:26:00;319;sem vítima;40;BR-060/GO;Norte;Colisão Traseira;1;2;;;;;1
04/02/2015;17:19:00;266;sem vítima;576;BR-262/MG;Leste;Colisão Lateral;2;2;;;;;1
04/02/2015;07:56:00;67;sem vítima;593;BR-153/GO;Sul;Colisão Lateral;1;2;;;;;1
05/02/2015;21:50:00;440;ac02 - Acidente com Vítima;448,9;BR-262/MG;Leste;Saida de Pista;1;0;2;;;;1
05/02/2015;15:22:00;308;sem vítima;477;BR-262/MG;Oeste;Tombamento;1;2;;;;;1
05/02/2015;14:10:00;277;sem vítima;108,3;BR-060/GO;Sul;Capotamento;1;1;;;;;1
05/02/2015;19:36:00;410;sem vítima;115;BR-060/GO;Sul;Saida de Pista;1;1;;;;;1
05/02/2015;14:15:00;280;sem vítima;779;BR-262/MG;Oeste;Saida de Pista;1;1;;;;;1
05/02/2015;10:34:00;188;sem vítima;123;BR-060/GO;Norte;Objeto lançado contra veículo;1;2;;;;;1
06/02/2015;18:40:00;371;sem vítima;500,5;BR-153/GO;Sul;Colisão Traseira;1;2;;;;;1
06/02/2015;13:25:00;230;sem vítima;501;BR-153/GO;Norte;Outros - sequências;1;2;;;;;1
06/02/2015;17:28:00;310;ac02 - Acidente com Vítima;501,6;BR-153/GO;Sul;Colisão Traseira;1;2;2;;;;1
06/02/2015;15:33:00;271;ac02 - Acidente com Vítima;476;BR-262/MG;Leste;Choque - Poste;2;3;1;;;;1
06/02/2015;08:03:00;110;ac02 - Acidente com Vítima;67;BR-153/MG;Norte;Outros - sequências;1;0;1;;;;1
06/02/2015;04:47:00;60;sem vítima;93;BR-060/GO;Norte;;1;1;;;;;1
06/02/2015;23:02:00;433;ac02 - Acidente com Vítima;529;BR-262/MG;Oeste;Saida de Pista;1;0;1;;;;1
06/02/2015;10:28:00;174;ac02 - Acidente com Vítima;134;BR-153/MG;Sul;Outros - sequências;1;0;1;;;;1
06/02/2015;10:36:00;180;sem vítima;28;BR-060/DF;Norte;Choque - Talude;1;1;;;;;1
07/02/2015;14:32:00;206;ac02 - Acidente com Vítima;56,5;BR-060/GO;Norte;Colisão Lateral;3;2;4;;;;1
07/02/2015;00:53:00;7;ac02 - Acidente com Vítima;502;BR-262/MG;Leste;Saida de Pista;1;0;1;;;;1
07/02/2015;19:24:00;329;sem vítima;514;BR-153/GO;Norte;Colisão Traseira;1;2;;;;;1
07/02/2015;02:12:00;20;ac02 - Acidente com Vítima;101;BR-060/GO;Norte;Choque - Elemento de Drenagem;1;0;1;;;;1
07/02/2015;22:24:00;365;ac02 - Acidente com Vítima;591;BR-262/MG;Leste;Tombamento;1;0;1;;;;1
08/02/2015;10:51:00;186;ac02 - Acidente com Vítima;554;BR-262/MG;Leste;Colisão Lateral;1;1;2;;;;1
09/02/2015;12:43:00;205;sem vítima;500,7;BR-153/GO;Norte;Colisão Lateral;1;2;;;;;1
09/02/2015;11:05:00;177;ac02 - Acidente com Vítima;450;BR-262/MG;Leste;Outros - sequências;1;0;4;;;;1
10/02/2015;10:27:00;167;ac02 - Acidente com Vítima;409,2;BR-262/MG;Oeste;Saida de Pista;1;0;1;;;;1
10/02/2015;13:11:00;216;ac02 - Acidente com Vítima;48;BR-060/GO;Sul;Colisão Traseira;2;2;2;;;;1
10/02/2015;19:41:00;376;sem vítima;76;BR-153/MG;Sul;Choque - Talude;1;1;;;;;1
10/02/2015;11:09:00;182;ac02 - Acidente com Vítima;573;BR-262/MG;Leste;Saida de Pista;1;0;1;;;;1
10/02/2015;15:36:00;273;sem vítima;632;BR-262/MG;Leste;Colisão Traseira;1;3;;;;;1
11/02/2015;12:45:00;225;ac02 - Acidente com Vítima;458;BR-262/MG;Leste;Colisão Traseira;1;1;1;;;;1
11/02/2015;07:43:00;78;ac02 - Acidente com Vítima;575;BR-262/MG;Leste;Colisão Frontal;1;1;1;;;;1
11/02/2015;13:52:00;254;ac02 - Acidente com Vítima;667;BR-262/MG;Leste;Capotamento;1;1;1;;;;1
11/02/2015;03:41:00;43;ac02 - Acidente com Vítima;913;BR-262/MG;Oeste;Tombamento;2;1;1;;;;1
12/02/2015;15:32:00;289;ac02 - Acidente com Vítima;58;BR-153/MG;Norte;Outros - sequências;3;1;3;;;;1
12/02/2015;08:24:00;91;ac02 - Acidente com Vítima;508;BR-153/GO;Sul;Colisão Lateral;1;0;2;;;;1
12/02/2015;16:09:00;310;sem vítima;473;BR-262/MG;Leste;Colisão Traseira;1;2;;;;;1
12/02/2015;20:46:00;431;sem vítima;510;BR-153/GO;Norte;Colisão Lateral;1;2;;;;;1
12/02/2015;00:35:00;8;ac02 - Acidente com Vítima;523,8;BR-153/GO;Norte;Colisão Traseira;2;1;1;;;;1
13/02/2015;20:25:00;459;sem vítima;94;BR-060/GO;Norte;Colisão Transversal;2;3;;;;;1
13/02/2015;17:38:00;364;sem vítima;516;BR-153/GO;Sul;Tombamento;1;1;;;;;1
13/02/2015;07:28:00;86;sem vítima;637;BR-262/MG;Leste;Tombamento;1;1;;;;;1
13/02/2015;18:35:00;397;sem vítima;118;BR-060/GO;Sul;Colisão Traseira;1;2;;;;;1
14/02/2015;05:15:00;47;ac02 - Acidente com Vítima;58;BR-153/MG;Sul;Colisão Traseira;1;1;1;;;;1
14/02/2015;11:12:00;174;ac02 - Acidente com Vítima;900;BR-262/MG;Leste;Colisão Traseira;2;1;3;;;;1
15/02/2015;13:56:00;207;ac02 - Acidente com Vítima;1;BR-153/MG;Norte;Colisão Traseira;1;1;1;;;;1
15/02/2015;04:48:00;53;ac02 - Acidente com Vítima;45,4;BR-153/MG;Sul;Tombamento;1;0;1;;;;1
15/02/2015;10:46:00;158;ac02 - Acidente com Vítima;109;BR-153/MG;Sul;Colisão Traseira;2;0;2;;;;1
15/02/2015;15:04:00;232;sem vítima;569,57;BR-153/GO;Norte;Carreta deu L;1;1;;;;;1
15/02/2015;09:10:00;127;ac02 - Acidente com Vítima;178;BR-153/MG;Sul;Colisão Traseira;2;0;3;;;;1
16/02/2015;10:33:00;153;ac02 - Acidente com Vítima;1;BR-060/GO;Sul;Colisão Lateral;1;1;1;;;;1
16/02/2015;17:21:00;310;ac02 - Acidente com Vítima;40;BR-153/MG;Sul;Saida de Pista;1;0;2;;;;1
16/02/2015;17:04:00;316;ac02 - Acidente com Vítima;578;BR-262/MG;Oeste;Tombamento;1;1;1;;;;1
16/02/2015;15:14:00;255;ac02 - Acidente com Vítima;135;BR-153/MG;Sul;Colisão Lateral;1;1;2;;;;1
17/02/2015;14:32:00;240;sem vítima;496;BR-153/GO;Sul;Colisão Lateral;1;2;;;;;1
17/02/2015;20:32:00;439;sem vítima;66,5;BR-153/MG;Norte;Saida de Pista;1;1;;;;;1
17/02/2015;18:48:00;400;sem vítima;550;BR-262/MG;Oeste;Colisão Traseira;1;2;;;;;1
17/02/2015;16:24:00;322;ac02 - Acidente com Vítima;127;BR-153/MG;Norte;Colisão Traseira;2;1;3;;;;1
18/02/2015;11:58:00;194;sem vítima;353;BR-262/MG;Leste;Colisão Lateral;1;2;;;;;1
18/02/2015;07:31:00;77;sem vítima;501;BR-153/GO;Norte;Colisão Traseira;1;2;;;;;1
18/02/2015;00:20:00;6;ac01 - Acidente com Vítima Fatal;492;BR-262/MG;Oeste;Colisão Traseira;1;1;;1;1;1;3
18/02/2015;13:45:00;220;ac02 - Acidente com Vítima;575;BR-262/MG;Leste;Colisão Frontal;2;0;;;2;;2
18/02/2015;08:02:00;87;sem vítima;109,9;BR-060/GO;Norte;Saida de Pista;1;1;;;;;1
18/02/2015;12:28:00;201;sem vítima;109,9;BR-060/GO;Norte;Objeto lançado contra veículo;2;3;;;;;1
18/02/2015;20:25:00;388;ac02 - Acidente com Vítima;129;BR-060/GO;Sul;Colisão Traseira;2;1;;1;;;2
19/02/2015;13:30:00;247;sem vítima;501;BR-153/GO;Norte;Colisão Traseira;1;2;;;;;1
19/02/2015;16:08:00;311;ac01 - Acidente com Vítima Fatal;240,5;BR-153/MG;Norte;Colisão Frontal;1;0;2;;;1;3
20/02/2015;15:23:00;295;ac02 - Acidente com Vítima;0,9;BR-153/MG;Norte;Colisão Traseira;2;2;1;;;;1
20/02/2015;12:12:00;236;sem vítima;362;BR-262/MG;Oeste;Objeto lançado contra veículo;1;2;;;;;1
20/02/2015;15:57:00;310;sem vítima;109;BR-060/GO;Sul;Colisão Traseira;1;2;;;;;1
20/02/2015;16:29:00;319;ac02 - Acidente com Vítima;844;BR-262/MG;Leste;Saida de Pista;1;0;1;2;;;2
21/02/2015;17:37:00;321;ac02 - Acidente com Vítima;522,3;BR-153/GO;Norte;Colisão Traseira;1;2;;2;;;2
22/02/2015;06:43:00;72;ac01 - Acidente com Vítima Fatal;46,5;BR-153/MG;Sul;Outros - sequências;1;0;;1;;1;3
22/02/2015;10:07:00;137;ac02 - Acidente com Vítima;546;BR-153/GO;Sul;Colisão Traseira;1;1;;1;;;2
23/02/2015;17:35:00;403;ac02 - Acidente com Vítima;31;BR-060/GO;Norte;Colisão Traseira;1;1;1;;;;1
23/02/2015;06:50:00;107;sem vítima;55;BR-060/GO;Sul;Colisão Traseira;2;2;;;;;1
23/02/2015;10:30:00;233;ac02 - Acidente com Vítima;443;BR-262/MG;Leste;Colisão Lateral;1;2;1;;;;1
23/02/2015;11:54:00;263;ac02 - Acidente com Vítima;106;BR-153/MG;Sul;Colisão Lateral;1;0;2;;;;1
23/02/2015;10:55:00;243;sem vítima;156;BR-153/MG;Sul;Tombamento;1;1;;;;;1
23/02/2015;16:03:00;367;sem vítima;691;BR-262/MG;Leste;Colisão Traseira;2;2;;;;;1
23/02/2015;11:00:00;246;sem vítima;878;BR-262/MG;Leste;Colisão Lateral;1;3;;;;;1
24/02/2015;18:46:00;334;sem vítima;505;BR-153/GO;Sul;Colisão Lateral;1;2;;;;;1
24/02/2015;07:20:00;95;ac02 - Acidente com Vítima;57;BR-153/MG;Sul;Colisão Traseira;2;0;2;;;;1
24/02/2015;15:17:00;253;sem vítima;843,9;BR-262/MG;Leste;Saida de Pista;1;2;;;;;1
25/02/2015;21:41:00;376;ac02 - Acidente com Vítima;6;BR-153/MG;Norte;Engavetamento;3;2;2;;;;1
25/02/2015;22:15:00;387;sem vítima;6;BR-153/MG;Sul;Colisão Lateral;1;2;;;;;1
25/02/2015;18:34:00;328;sem vítima;479;BR-262/MG;Leste;Outros - sequências;1;1;;;;;1
25/02/2015;14:56:00;245;ac02 - Acidente com Vítima;480;BR-262/MG;Leste;Colisão Frontal;3;2;1;1;;;2
25/02/2015;09:47:00;134;ac02 - Acidente com Vítima;513;BR-153/GO;Sul;Colisão Lateral;1;2;;1;;;2
25/02/2015;12:07:00;190;sem vítima;531,3;BR-153/GO;Norte;Colisão Traseira;1;2;;;;;1
25/02/2015;21:01:00;367;ac02 - Acidente com Vítima;97;BR-060/GO;Sul;Colisão Traseira;1;1;;1;;;2
25/02/2015;16:40:00;286;ac02 - Acidente com Vítima;585,5;BR-262/MG;Oeste;Saida de Pista;1;0;1;;;;1
25/02/2015;12:02:00;187;sem vítima;590;BR-262/MG;Leste;Capotamento;1;2;;;;;1
26/02/2015;15:38:00;330;ac02 - Acidente com Vítima;358;BR-262/MG;Oeste;Saida de Pista;2;1;1;;;;1
26/02/2015;15:55:00;341;sem vítima;24;BR-153/MG;Sul;Colisão Traseira;2;2;;;;;1
26/02/2015;22:19:00;500;ac02 - Acidente com Vítima;25,3;BR-153/MG;Sul;Saida de Pista;1;0;1;;;;1
26/02/2015;18:33:00;425;ac02 - Acidente com Vítima;506,8;BR-153/GO;Sul;Colisão Traseira;1;2;;1;;;2
26/02/2015;12:54:00;223;sem vítima;461;BR-262/MG;Oeste;Tombamento;1;2;;;;;1
26/02/2015;15:46:00;338;ac02 - Acidente com Vítima;585,9;BR-153/GO;Norte;Colisão Traseira;2;1;;1;;;2
26/02/2015;10:43:00;172;sem vítima;605,6;BR-153/GO;Norte;Colisão Traseira;2;2;;;;;1
26/02/2015;02:26:00;26;sem vítima;619;BR-153/GO;Norte;Colisão Frontal;1;1;;;;;1
27/02/2015;02:28:00;23;sem vítima;12;BR-060/GO;Norte;Saida de Pista;1;1;;;;;1
27/02/2015;12:30:00;250;sem vítima;585;BR-262/MG;Leste;Saida de Pista;1;1;;;;;1
27/02/2015;11:59:00;220;sem vítima;593;BR-262/MG;Leste;Colisão Lateral;2;2;;;;;1
27/02/2015;10:26:00;161;sem vítima;119,5;BR-060/GO;Norte;Saida de Pista;1;1;;;;;1
28/02/2015;22:30:00;380;ac02 - Acidente com Vítima;33;BR-153/MG;Norte;Atropelamento - Andarilho;1;1;1;;;;1
28/02/2015;13:40:00;201;ac02 - Acidente com Vítima;95;BR-060/GO;Sul;Colisão Lateral;2;2;1;;;;1
28/02/2015;10:47:00;121;sem vítima;26;BR-060/DF;Sul;Colisão Lateral;1;2;;;;;1
01/03/2015;08:32:00;146;sem vítima;7;BR-060/GO;Norte;Colisão Traseira;2;3;;;;;1
01/03/2015;13:05:00;272;ac02 - Acidente com Vítima;509;BR-262/MG;Leste;Tombamento;1;0;;1;;;2
01/03/2015;00:00:00;1;ac02 - Acidente com Vítima;752;BR-262/MG;Oeste;Capotamento;1;0;;1;;;2
01/03/2015;17:11:00;367;ac02 - Acidente com Vítima;753;BR-262/MG;Oeste;Colisão Traseira;1;1;2;;;;1
02/03/2015;08:13:00;92;sem vítima;491;BR-153/GO;Sul;Colisão Lateral;1;2;;;;;1
02/03/2015;06:36:00;60;ac02 - Acidente com Vítima;492;BR-153/GO;Sul;Colisão Traseira;2;2;1;;;;1
02/03/2015;07:55:00;89;sem vítima;496;BR-153/GO;Sul;Colisão Lateral;1;2;;;;;1
02/03/2015;09:48:00;143;ac02 - Acidente com Vítima;509;BR-153/GO;Norte;Colisão Lateral;1;0;2;;;;1
02/03/2015;16:10:00;296;sem vítima;549;BR-262/MG;Leste;Carreta deu L;1;1;;;;;1
02/03/2015;19:45:00;394;sem vítima;646;BR-153/GO;Norte;Colisão Lateral;1;2;;;;;1
02/03/2015;00:20:00;7;ac02 - Acidente com Vítima;138;BR-060/GO;Sul;Colisão Traseira;1;1;1;;;;1
03/03/2015;14:40:00;290;ac02 - Acidente com Vítima;499;BR-153/GO;Sul;Colisão Traseira;1;0;4;;;;1
03/03/2015;08:06:00;113;sem vítima;506,5;BR-153/GO;Sul;Colisão Lateral;1;3;;;;;1
03/03/2015;19:55:00;420;ac01 - Acidente com Vítima Fatal;461,2;BR-262/MG;Leste;Colisão Frontal;1;0;6;;;1;3
03/03/2015;15:47:00;318;ac02 - Acidente com Vítima;120;BR-153/MG;Sul;Colisão Traseira;2;1;2;;;;1
03/03/2015;16:49:00;340;sem vítima;116;BR-060/GO;Sul;Saida de Pista;1;5;;;;;1
04/03/2015;08:16:00;123;ac02 - Acidente com Vítima;370;BR-262/MG;Oeste;Colisão Traseira;1;1;1;;;;1
04/03/2015;14:45:00;274;sem vítima;566;BR-262/MG;Oeste;Colisão Traseira;1;3;;;;;1
04/03/2015;01:28:00;12;ac02 - Acidente com Vítima;579,9;BR-262/MG;Oeste;Tombamento;1;0;1;;;;1
04/03/2015;22:06:00;446;ac02 - Acidente com Vítima;548,5;BR-153/GO;Sul;Saida de Pista;1;0;1;;;;1
04/03/2015;19:20:00;394;sem vítima;108;BR-060/GO;Sul;Colisão Lateral;1;2;;;;;1
04/03/2015;15:20:00;298;ac02 - Acidente com Vítima;653,5;BR-153/GO;Norte;Outros - sequências;1;0;3;;;;1
04/03/2015;20:11:00;413;ac01 - Acidente com Vítima Fatal;239,8;BR-153/MG;Norte;Outros - sequências;2;0;2;;;1;3
05/03/2015;20:44:00;516;ac01 - Acidente com Vítima Fatal;451;BR-262/MG;Leste;Colisão Frontal;1;1;;;;2;3
05/03/2015;00:37:00;6;ac02 - Acidente com Vítima;503;BR-262/MG;Oeste;Colisão Traseira;4;0;3;1;;;2
05/03/2015;19:17:00;486;sem vítima;94;BR-060/GO;Norte;Colisão Traseira;1;2;;;;;1
05/03/2015;11:17:00;259;sem vítima;97;BR-060/GO;Norte;Colisão Traseira;1;2;;;;;1
05/03/2015;05:40:00;46;ac02 - Acidente com Vítima;591;BR-262/MG;Leste;Saida de Pista;1;0;1;;;;1
05/03/2015;11:56:00;282;ac02 - Acidente com Vítima;244;BR-153/MG;Norte;Colisão Transversal;1;0;3;1;;;2
06/03/2015;12:35:00;264;ac02 - Acidente com Vítima;21,5;BR-153/MG;Norte;Colisão Traseira;1;1;2;;;;1
06/03/2015;06:52:00;101;ac02 - Acidente com Vítima;31,3;BR-060/GO;Sul;Colisão Lateral;1;1;;1;;;2
06/03/2015;14:59:00;326;sem vítima;500,1;BR-153/GO;Sul;Colisão Traseira;1;2;;;;;1
06/03/2015;12:49:00;272;sem vítima;434,9;BR-262/MG;Oeste;Tombamento;1;1;;;;;1
06/03/2015;05:40:00;98;sem vítima;462,5;BR-262/MG;Leste;Colisão Lateral;2;2;;;;;1
06/03/2015;07:01:00;106;ac02 - Acidente com Vítima;89;BR-153/MG;Sul;Colisão Lateral;2;1;1;;;;1
06/03/2015;07:59:00;126;sem vítima;545,7;BR-262/MG;Leste;Saida de Pista;1;1;;;;;1
06/03/2015;12:45:00;271;ac02 - Acidente com Vítima;553;BR-262/MG;Leste;Tombamento;1;0;1;;;;1
06/03/2015;11:14:00;225;ac02 - Acidente com Vítima;575,4;BR-262/MG;Leste;Tombamento;1;0;1;;;;1
06/03/2015;16:27:00;373;sem vítima;106;BR-060/GO;Norte;Tombamento;1;2;;;;;1
06/03/2015;17:34:00;409;sem vítima;106;BR-060/GO;Sul;Colisão Traseira;1;2;;;;;1
06/03/2015;16:40:00;380;sem vítima;173,7;BR-153/MG;Norte;Saida de Pista;1;1;;;;;1
07/03/2015;07:31:00;119;ac02 - Acidente com Vítima;444;BR-262/MG;Leste;Atropelamento - Ciclista;1;1;;1;;;2
07/03/2015;16:04:00;423;ac02 - Acidente com Vítima;75;BR-153/MG;Norte;Saida de Pista;1;0;1;;;;1
07/03/2015;10:53:00;232;ac02 - Acidente com Vítima;575;BR-262/MG;Leste;Engavetamento;3;0;3;;;;1
07/03/2015;23:15:00;494;sem vítima;612,8;BR-262/MG;Leste;Saida de Pista;1;1;;;;;1
07/03/2015;06:35:00;86;sem vítima;780;BR-262/MG;Leste;Saida de Pista;1;2;;;;;1
08/03/2015;00:35:00;11;ac02 - Acidente com Vítima;585;BR-262/MG;Oeste;Saida de Pista;1;0;1;;;;1
09/03/2015;07:21:00;65;sem vítima;364,5;BR-262/MG;Oeste;Colisão Traseira;1;3;;;;;1
09/03/2015;18:43:00;399;sem vítima;498;BR-153/GO;Sul;Colisão Traseira;1;3;;;;;1