data;horario;n_da_ocorrencia;tipo_de_ocorrencia;km;trecho;sentido;tipo_de_acidente;caminhao;ilesos;levemente_feridos;moderadamente_feridos;gravemente_feridos;mortos;3
09/03/2015;12:00:00;241;ac02 - Acidente com Vítima;408;BR-262/MG;Leste;Engavetamento;2;2;1;;;;1
09/03/2015;11:43:00;205;ac02 - Acidente com Vítima;409;BR-262/MG;Leste;Tombamento;1;0;1;;;;1
09/03/2015;19:35:00;413;sem vítima;109;BR-153/MG;Sul;Colisão Traseira;1;2;;;;;1
09/03/2015;17:43:00;363;ac02 - Acidente com Vítima;163;BR-153/MG;Sul;Saida de Pista;1;0;1;;;;1
09/03/2015;03:05:00;41;ac01 - Acidente com Vítima Fatal;187,8;BR-153/MG;Sul;Colisão Frontal;2;0;1;;;1;3
09/03/2015;09:49:00;137;ac02 - Acidente com Vítima;200,1;BR-153/MG;Norte;Colisão Traseira;2;0;2;;;;1
10/03/2015;15:17:00;342;ac02 - Acidente com Vítima;29;BR-153/MG;Sul;Colisão Lateral;1;1;4;;;;1
10/03/2015;17:25:00;409;ac02 - Acidente com Vítima;574,6;BR-262/MG;Leste;Saida de Pista;1;0;1;;;;1
10/03/2015;10:52:00;237;sem vítima;126;BR-060/GO;Norte;Saida de Pista;1;1;;;;;1
10/03/2015;08:43:00;150;sem vítima;127;BR-060/GO;Sul;Tombamento;1;1;;;;;1
11/03/2015;20:41:00;467;sem vítima;28,1;BR-060/GO;Norte;Saida de Pista;1;1;;;;;1
11/03/2015;22:49:00;503;ac02 - Acidente com Vítima;30;BR-060/GO;Norte;Colisão Lateral;1;0;2;;;;1
11/03/2015;23:29:00;509;ac02 - Acidente com Vítima;58;BR-153/MG;Norte;Saida de Pista;1;0;1;;;;1
11/03/2015;16:07:00;329;sem vítima;547;BR-262/MG;Leste;Saida de Pista;1;1;;;;;1
11/03/2015;17:18:00;389;sem vítima;575;BR-262/MG;Oeste;Saida de Pista;1;2;;;;;1
11/03/2015;19:20:00;455;ac02 - Acidente com Vítima;584,5;BR-262/MG;Oeste;Carreta deu L;1;0;1;;;;1
11/03/2015;20:03:00;452;sem vítima;601;BR-153/GO;Sul;Colisão Lateral;1;2;;;;;1
12/03/2015;14:04:00;277;sem vítima;365;BR-262/MG;Leste;Colisão Traseira;1;2;;;;;1
12/03/2015;16:00:00;404;ac02 - Acidente com Vítima;511;BR-262/MG;Oeste;Saida de Pista;1;0;1;;;;1
12/03/2015;21:16:00;2;ac02 - Acidente com Vítima;537,5;BR-262/MG;Oeste;Saida de Pista;1;1;1;;;;1
12/03/2015;17:32:00;358;sem vítima;136;BR-153/MG;Sul;Colisão Lateral;2;2;;;;;1
12/03/2015;07:05:00;76;sem vítima;612;BR-262/MG;Oeste;Carreta deu L;1;1;;;;;1
12/03/2015;15:59:00;318;ac02 - Acidente com Vítima;649;BR-153/GO;Sul;Colisão Lateral;1;0;3;;;;1
13/03/2015;18:49:00;490;sem vítima;507;BR-153/GO;Norte;Engavetamento;1;6;;;;;1
13/03/2015;03:35:00;63;sem vítima;557;BR-153/GO;Sul;Saida de Pista;1;1;;;;;1
13/03/2015;10:00:00;237;ac02 - Acidente com Vítima;587;BR-262/MG;Leste;Saida de Pista;1;0;5;;;;1
13/03/2015;07:28:00;117;ac02 - Acidente com Vítima;608;BR-262/MG;Leste;Carreta deu L;1;0;1;;;;1
13/03/2015;09:15:00;202;sem vítima;123,5;BR-060/GO;Sul;Colisão Lateral;1;3;;;;;1
13/03/2015;10:15:00;244;ac02 - Acidente com Vítima;830;BR-262/MG;Leste;Colisão Transversal;2;0;4;;;;1
14/03/2015;15:25:00;321;ac02 - Acidente com Vítima;392;BR-262/MG;Oeste;Colisão Traseira;1;1;4;;;;1
14/03/2015;08:30:00;152;ac02 - Acidente com Vítima;472;BR-262/MG;Leste;Colisão Transversal;1;1;1;;;;1
14/03/2015;05:08:00;63;sem vítima;557;BR-153/GO;Sul;Saida de Pista;1;1;;;;;1
14/03/2015;15:41:00;286;ac02 - Acidente com Vítima;779;BR-262/MG;Oeste;Tombamento;2;0;2;;;;1
15/03/2015;19:22:00;368;ac02 - Acidente com Vítima;363;BR-262/MG;Leste;Colisão Frontal;1;0;3;;;;1
16/03/2015;03:11:00;42;ac02 - Acidente com Vítima;5;BR-153/MG;Sul;Saida de Pista;1;1;1;;;;1
16/03/2015;21:32:00;458;ac02 - Acidente com Vítima;461;BR-262/MG;Oeste;Colisão Traseira;2;0;2;;;;1
16/03/2015;17:09:00;366;sem vítima;514;BR-153/GO;Sul;Colisão Lateral;1;2;;;;;1
16/03/2015;16:54:00;357;sem vítima;120;BR-060/GO;Sul;Saida de Pista;1;1;;;;;1
16/03/2015;16:55:00;433;ac02 - Acidente com Vítima;120;BR-060/GO;Sul;Saida de Pista;1;1;1;;;;1
17/03/2015;17:57:00;436;ac02 - Acidente com Vítima;524;BR-262/MG;Oeste;Colisão Traseira;1;0;3;;;;1
17/03/2015;07:17:00;133;sem vítima;548;BR-262/MG;Leste;Saida de Pista;1;1;;;;;1
17/03/2015;14:14:00;329;sem vítima;530;BR-153/GO;Norte;Choque - Outros;1;1;;;;;1
17/03/2015;13:35:00;321;sem vítima;97;BR-060/GO;Norte;Saida de Pista;1;1;;;;;1
17/03/2015;19:47:00;468;sem vítima;537;BR-153/GO;Sul;Colisão Traseira;1;2;;;;;1
17/03/2015;09:06:00;188;sem vítima;554;BR-153/GO;Sul;Colisão Traseira;1;1;;;;;1
17/03/2015;07:42:00;143;sem vítima;108;BR-060/GO;Norte;Colisão Traseira;1;2;;;;;1
17/03/2015;07:19:00;134;sem vítima;171,9;BR-153/MG;Norte;Tombamento;1;1;;;;;1
17/03/2015;13:27:00;316;sem vítima;185,2;BR-153/MG;Sul;Saida de Pista;1;1;;;;;1
17/03/2015;13:26:00;315;sem vítima;186;BR-153/MG;Norte;Saida de Pista;1;1;;;;;1
17/03/2015;22:54:00;509;sem vítima;607;BR-153/GO;Norte;Saida de Pista;1;1;;;;;1
17/03/2015;08:04:00;154;ac02 - Acidente com Vítima;119;BR-060/GO;Sul;Colisão Frontal;1;2;;1;;;2
17/03/2015;21:30:00;508;sem vítima;786;BR-262/MG;Leste;Colisão Lateral;1;3;;;;;1
18/03/2015;14:39:00;422;sem vítima;395;BR-262/MG;Leste;Tombamento;1;1;;;;;1
18/03/2015;05:49:00;114;sem vítima;579;BR-153/GO;Norte;Saida de Pista;1;1;;;;;1
18/03/2015;18:37:00;565;sem vítima;751;BR-262/MG;Leste;Saida de Pista;1;1;;;;;1
18/03/2015;18:06:00;542;ac02 - Acidente com Vítima;618,05;BR-153/GO;Norte;Colisão Lateral;1;0;1;;;;1
18/03/2015;06:08:00;132;sem vítima;223;BR-153/MG;Norte;Colisão Traseira;1;2;;;;;1
19/03/2015;16:33:00;337;sem vítima;496;BR-153/GO;Norte;Colisão Traseira;3;3;;;;;1
19/03/2015;11:50:00;228;ac02 - Acidente com Vítima;500;BR-153/GO;Norte;Colisão Traseira;1;2;3;;;;1
19/03/2015;15:21:00;313;sem vítima;553,3;BR-262/MG;Leste;Tombamento;1;1;;;;;1
19/03/2015;12:53:00;248;ac02 - Acidente com Vítima;140;BR-153/MG;Sul;Saida de Pista;1;0;1;;;;1
19/03/2015;02:51:00;50;sem vítima;673;BR-262/MG;Leste;Choque - Elemento de Drenagem;1;1;;;;;1
19/03/2015;19:00:00;115;sem vítima;752;BR-262/MG;Leste;Saida de Pista;1;1;;;;;1
19/03/2015;14:17:00;283;ac02 - Acidente com Vítima;656;BR-153/GO;Sul;Saida de Pista;1;1;1;;;;1
19/03/2015;15:01:00;303;sem vítima;133;BR-060/GO;Sul;Saida de Pista;1;1;;;;;1
20/03/2015;03:39:00;43;ac02 - Acidente com Vítima;9;BR-153/MG;Sul;Outros - sequências;1;0;1;;;;1
20/03/2015;15:40:00;350;sem vítima;28;BR-153/MG;Norte;Outros - sequências;1;1;;;;;1
20/03/2015;16:15:00;364;sem vítima;506,5;BR-153/GO;Norte;Colisão Traseira;1;2;;;;;1
20/03/2015;10:36:00;199;sem vítima;459,1;BR-262/MG;Leste;Colisão Traseira;2;2;;;;;1
20/03/2015;05:21:00;77;ac02 - Acidente com Vítima;523;BR-262/MG;Leste;Colisão Lateral;1;2;3;;;;1
20/03/2015;16:13:00;363;ac02 - Acidente com Vítima;180;BR-153/MG;Sul;Colisão Traseira;3;2;1;;;;1
20/03/2015;15:19:00;343;ac02 - Acidente com Vítima;663;BR-262/MG;Oeste;Saida de Pista;1;0;1;;;;1
21/03/2015;15:31:00;398;ac02 - Acidente com Vítima;501;BR-153/GO;Sul;Colisão Traseira;1;2;;1;;;2
21/03/2015;10:48:00;254;ac02 - Acidente com Vítima;28,7;BR-153/MG;Norte;Saida de Pista;1;0;1;;;;1
21/03/2015;13:11:00;337;sem vítima;480;BR-262/MG;Leste;;1;1;;;;;1
21/03/2015;13:07:00;335;sem vítima;94;BR-153/MG;Norte;Colisão Lateral;3;3;;;;;1
21/03/2015;19:00:00;431;sem vítima;517;BR-262/MG;Oeste;Colisão Traseira;2;2;;;;;1
21/03/2015;22:15:00;571;sem vítima;593;BR-153/GO;Sul;Saida de Pista;1;1;;;;;1
21/03/2015;10:49:00;255;sem vítima;117;BR-060/GO;Norte;Colisão Lateral;1;2;;;;;1
22/03/2015;06:12:00;94;ac02 - Acidente com Vítima;58,2;BR-153/MG;Sul;Tombamento;1;0;1;;;;1
22/03/2015;18:45:00;407;ac02 - Acidente com Vítima;94;BR-153/MG;Sul;Colisão Lateral;2;1;3;;;;1
22/03/2015;17:27:00;357;ac02 - Acidente com Vítima;111,4;BR-153/MG;Norte;Colisão Lateral;1;1;1;;;;1
22/03/2015;17:30:00;369;ac02 - Acidente com Vítima;207;BR-153/MG;Norte;Choque - Outros;1;1;3;2;;;2
23/03/2015;18:14:00;434;ac01 - Acidente com Vítima Fatal;512,308;BR-153/GO;Norte;Outros - sequências;1;1;;;;1;3
23/03/2015;11:40:00;233;ac02 - Acidente com Vítima;598;BR-153/GO;Sul;Colisão Traseira;1;0;2;;;;1
23/03/2015;14:57:00;308;ac02 - Acidente com Vítima;776;BR-262/MG;Oeste;Saida de Pista;1;0;3;;;;1
23/03/2015;13:56:00;288;sem vítima;675,5;BR-153/GO;Sul;Tombamento;1;1;;;;;1
24/03/2015;15:25:00;381;sem vítima;14,2;BR-153/MG;Sul;Outros - sequências;1;2;;;;;1
24/03/2015;11:14:00;250;ac02 - Acidente com Vítima;500;BR-153/GO;Norte;Engavetamento;3;0;4;;;;1
24/03/2015;00:36:00;7;ac02 - Acidente com Vítima;58;BR-153/MG;Sul;Saida de Pista;1;1;1;;;;1
24/03/2015;18:54:00;489;sem vítima;510;BR-153/GO;Sul;Colisão Traseira;1;6;;;;;1
24/03/2015;22:49:00;587;ac02 - Acidente com Vítima;660;BR-153/GO;Norte;Tombamento;2;1;1;;;;1
25/03/2015;12:18:00;384;sem vítima;187;BR-153/MG;Sul;Colisão Lateral;1;2;;;;;1
26/03/2015;16:25:00;443;ac02 - Acidente com Vítima;462;BR-262/MG;Oeste;Engavetamento;3;1;4;;;;1
26/03/2015;15:10:00;395;ac02 - Acidente com Vítima;134,7;BR-153/MG;Norte;Tombamento;1;0;;2;;;2
26/03/2015;19:37:00;544;sem vítima;143;BR-153/MG;Norte;Colisão Traseira;1;2;;;;;1
26/03/2015;18:26:00;507;sem vítima;125;BR-060/GO;Norte;Saida de Pista;1;1;;;;;1
26/03/2015;16:18:00;439;ac02 - Acidente com Vítima;672,5;BR-153/GO;Norte;Saida de Pista;1;1;1;;;;1
27/03/2015;18:43:00;442;sem vítima;504;BR-153/GO;Sul;Colisão Traseira;1;1;;;;;1
27/03/2015;08:08:00;133;sem vítima;509,5;BR-153/GO;Norte;Colisão Traseira;1;2;;;;;1
27/03/2015;16:35:00;372;sem vítima;553;BR-262/MG;Leste;Colisão Lateral;1;2;;;;;1
27/03/2015;12:55:00;256;ac02 - Acidente com Vítima;574;BR-262/MG;Leste;Colisão Traseira;1;1;1;;;;1
27/03/2015;13:06:00;266;sem vítima;574,6;BR-262/MG;Oeste;Saida de Pista;1;1;;;;;1
27/03/2015;13:15:00;267;sem vítima;576;BR-262/MG;Leste;Saida de Pista;1;1;;;;;1
27/03/2015;17:27:00;401;sem vítima;132;BR-060/GO;Norte;Saida de Pista;1;2;;;;;1
27/03/2015;09:51:00;181;ac02 - Acidente com Vítima;863;BR-262/MG;Oeste;Atropelamento - Usuário;1;1;;1;;;2
28/03/2015;13:46:00;340;sem vítima;494;BR-153/GO;Sul;Tombamento;1;1;;;;;1
28/03/2015;22:44:00;533;sem vítima;428;BR-262/MG;Oeste;Tombamento;1;1;;;;;1
28/03/2015;05:21:00;94;ac02 - Acidente com Vítima;58;BR-153/MG;Sul;Saida de Pista;1;0;1;;;;1
28/03/2015;16:02:00;392;sem vítima;83;BR-060/GO;Sul;Saida de Pista;2;3;;;;;1
28/03/2015;13:49:00;341;ac01 - Acidente com Vítima Fatal;574;BR-262/MG;Oeste;Outros - sequências;2;0;1;;;1;3
28/03/2015;14:25:00;358;sem vítima;109;BR-060/GO;Norte;Colisão Traseira;1;3;;;;;1
28/03/2015;07:58:00;139;ac02 - Acidente com Vítima;657,4;BR-153/GO;Sul;Colisão Traseira;2;0;2;;;;1
28/03/2015;20:12:00;488;ac02 - Acidente com Vítima;697;BR-153/GO;Norte;Colisão Lateral;1;1;;;2;;2
29/03/2015;17:08:00;388;ac02 - Acidente com Vítima;128;BR-153/MG;Norte;Colisão Lateral;1;1;2;;;;1
29/03/2015;12:42:00;286;sem vítima;579;BR-262/MG;Oeste;Carreta deu L;1;1;;;;;1
30/03/2015;10:16:00;254;ac02 - Acidente com Vítima;20;BR-060/GO;Sul;Colisão Traseira;1;0;1;;1;;2
30/03/2015;19:11:00;504;sem vítima;500;BR-153/GO;Sul;Colisão Traseira;2;2;;;;;1
30/03/2015;19:24:00;507;ac02 - Acidente com Vítima;78;BR-060/GO;Norte;Atropelamento - Usuário;1;1;;;1;;2
30/03/2015;17:23:00;454;sem vítima;535;BR-153/GO;Norte;Carreta deu L;1;1;;;;;1
30/03/2015;13:24:00;342;ac02 - Acidente com Vítima;582;BR-262/MG;Oeste;Saida de Pista;1;0;1;;;;1
30/03/2015;16:34:00;431;sem vítima;586,9;BR-153/GO;Sul;Saida de Pista;1;1;;;;;1
31/03/2015;08:20:00;125;ac02 - Acidente com Vítima;478;BR-262/MG;Leste;Colisão Lateral;1;0;3;;;;1
31/03/2015;05:01:00;60;ac02 - Acidente com Vítima;548,8;BR-262/MG;Leste;Colisão Lateral;1;1;3;;;;1
31/03/2015;08:56:00;131;ac02 - Acidente com Vítima;120;BR-153/MG;Norte;Colisão Traseira;2;0;2;;;;1
31/03/2015;08:05:00;100;sem vítima;583;BR-262/MG;Leste;Carreta deu L;1;1;;;;;1
31/03/2015;22:31:00;484;ac01 - Acidente com Vítima Fatal;242;BR-153/MG;Sul;Atropelamento - Usuário;1;0;1;;;1;3
01/04/2015;07:40:00;130;sem vítima;509;BR-262/MG;Oeste;Colisão Lateral;1;2;;;;;1
01/04/2015;11:21:00;268;ac02 - Acidente com Vítima;512;BR-153/GO;Sul;Colisão Lateral;1;1;1;;;;1
01/04/2015;03:20:00;55;ac02 - Acidente com Vítima;107;BR-060/GO;Sul;"Choque - Defensa, barreira ou ""submarino""";1;0;2;;;;1
01/04/2015;01:23:00;28;ac02 - Acidente com Vítima;608;BR-153/GO;Sul;Colisão Traseira;2;1;1;;;;1
02/04/2015;20:42:00;549;sem vítima;496;BR-153/GO;Sul;Engavetamento;1;3;;;;;1
03/04/2015;05:58:00;200;sem vítima;5;BR-060/GO;Sul;Tombamento;2;2;;;;;1
04/04/2015;06:58:00;233;ac02 - Acidente com Vítima;511,8;BR-153/GO;Sul;Colisão Traseira;1;1;1;;;;1
04/04/2015;12:54:00;447;ac02 - Acidente com Vítima;522;BR-153/GO;Sul;Colisão Traseira;1;1;1;;;;1
04/04/2015;23:30:00;717;ac02 - Acidente com Vítima;210;BR-153/MG;Norte;Tombamento;1;0;1;;;;1
05/04/2015;11:39:00;391;ac02 - Acidente com Vítima;482,5;BR-262/MG;Oeste;Colisão Frontal;1;1;1;;;;1
05/04/2015;15:28:00;488;ac01 - Acidente com Vítima Fatal;549,6;BR-262/MG;Leste;Outros - sequências;2;2;3;;;1;3
05/04/2015;06:15:00;102;ac02 - Acidente com Vítima;580;BR-262/MG;Leste;Tombamento;1;0;1;;;;1
05/04/2015;15:37:00;494;sem vítima;553;BR-153/GO;Norte;Colisão Lateral;1;2;;;;;1
05/04/2015;14:30:00;461;sem vítima;635,2;BR-262/MG;Leste;Colisão Traseira;2;2;;;;;1
05/04/2015;21:49:00;691;ac02 - Acidente com Vítima;118;BR-060/GO;Sul;Colisão Traseira;1;0;2;;;;1
06/04/2015;14:30:00;345;sem vítima;506;BR-153/GO;Sul;Objeto lançado contra veículo;2;3;;;;;1
06/04/2015;15:28:00;379;sem vítima;473;BR-262/MG;Oeste;Engavetamento;2;3;;;;;1
06/04/2015;01:22:00;29;ac02 - Acidente com Vítima;76;BR-153/MG;Norte;Outros - sequências;4;3;;1;;;2
06/04/2015;15:38:00;383;sem vítima;519,5;BR-262/MG;Oeste;Colisão Lateral;1;2;;;;;1
06/04/2015;15:09:00;370;ac02 - Acidente com Vítima;527,5;BR-262/MG;Leste;Choque - Arvore;1;0;1;;;;1
06/04/2015;06:32:00;82;sem vítima;99;BR-060/GO;Sul;Colisão Lateral;1;2;;;;;1
06/04/2015;08:10:00;144;sem vítima;606;BR-153/GO;Norte;Colisão Traseira;2;2;;;;;1
06/04/2015;16:22:00;423;ac02 - Acidente com Vítima;632;BR-153/GO;Sul;Colisão Traseira;2;0;2;;;;1
07/04/2015;04:12:00;96;ac02 - Acidente com Vítima;81;BR-153/MG;Norte;Colisão Traseira;1;1;1;;;;1
07/04/2015;06:26:00;122;ac02 - Acidente com Vítima;109;BR-060/GO;Norte;Saida de Pista;1;0;1;;;;1
07/04/2015;16:23:00;400;sem vítima;749;BR-262/MG;Oeste;Saida de Pista;1;2;;;;;1
07/04/2015;08:42:00;183;ac02 - Acidente com Vítima;125;BR-060/GO;Norte;Saida de Pista;1;1;1;;;;1
07/04/2015;10:03:00;233;sem vítima;680;BR-153/GO;Norte;Colisão Traseira;2;2;;;;;1
07/04/2015;15:10:00;365;sem vítima;697,3;BR-153/GO;Sul;Tombamento;1;1;;;;;1
08/04/2015;15:25:00;381;ac02 - Acidente com Vítima;436,5;BR-262/MG;Leste;Tombamento;1;0;1;;;;1
08/04/2015;05:25:00;85;sem vítima;61,6;BR-153/MG;Norte;Saida de Pista;1;1;;;;;1
08/04/2015;16:25:00;432;ac02 - Acidente com Vítima;676;BR-262/MG;Oeste;Tombamento;1;0;1;;;;1
08/04/2015;11:12:00;269;ac02 - Acidente com Vítima;810;BR-262/MG;Leste;Tombamento;1;0;1;;;;1
09/04/2015;20:17:00;595;ac02 - Acidente com Vítima;461;BR-262/MG;Oeste;Colisão Traseira;2;0;2;;;;1
09/04/2015;02:00:00;14;ac02 - Acidente com Vítima;183,1;BR-153/MG;Sul;Atropelamento - Animal;1;0;1;;;;1
09/04/2015;12:38:00;341;ac01 - Acidente com Vítima Fatal;615;BR-262/MG;Oeste;Saida de Pista;1;0;;;;1;3
09/04/2015;21:50:00;62;sem vítima;640;BR-153/GO;Sul;Saida de Pista;1;1;;;;;1
09/04/2015;18:11:00;542;sem vítima;864;BR-262/MG;Oeste;Tombamento;1;1;;;;;1
10/04/2015;16:04:00;369;ac02 - Acidente com Vítima;42;BR-153/MG;Norte;Saida de Pista;1;0;3;1;;;2
10/04/2015;13:18:00;289;sem vítima;4,4;BR-060/DF;Sul;Colisão Lateral;1;2;;;;;1
10/04/2015;22:50:00;570;sem vítima;57;BR-060/GO;Norte;Atropelamento - Animal;1;1;;;;;1
10/04/2015;17:35:00;430;sem vítima;505;BR-153/GO;Norte;Colisão Traseira;1;2;;;;;1
10/04/2015;17:21:00;421;ac02 - Acidente com Vítima;510;BR-153/GO;Norte;Colisão Traseira;1;1;1;;;;1
10/04/2015;06:38:00;91;ac02 - Acidente com Vítima;96;BR-060/GO;Sul;Colisão Traseira;1;2;1;;;;1
10/04/2015;20:19:00;506;sem vítima;100,45;BR-060/GO;Sul;Colisão Traseira;1;3;;;;;1
10/04/2015;19:55:00;495;sem vítima;100,5;BR-060/GO;Sul;Colisão Traseira;2;2;;;;;1
10/04/2015;10:47:00;231;ac02 - Acidente com Vítima;190;BR-153/MG;Norte;Colisão Traseira;2;5;2;;;;1
11/04/2015;07:52:00;145;ac01 - Acidente com Vítima Fatal;510,5;BR-153/GO;Sul;Colisão Traseira;1;2;;;;1;3
11/04/2015;20:14:00;551;sem vítima;135;BR-153/MG;Sul;Colisão Traseira;1;2;;;;;1
11/04/2015;15:22:00;381;sem vítima;196,9;BR-153/MG;Sul;Colisão Transversal;1;2;;;;;1
11/04/2015;09:39:00;216;ac02 - Acidente com Vítima;129,1;BR-060/GO;Norte;Colisão Lateral;1;2;1;;;;1
13/04/2015;07:22:00;100;sem vítima;90;BR-060/GO;Norte;Tombamento;1;1;;;;;1
14/04/2015;18:37:00;488;ac02 - Acidente com Vítima;1,8;BR-153/MG;Sul;Colisão Traseira;1;0;4;;;;1
14/04/2015;17:25:00;451;ac02 - Acidente com Vítima;364;BR-262/MG;Oeste;Tombamento;1;0;;1;;;2
14/04/2015;13:56:00;328;sem vítima;415,5;BR-262/MG;Leste;;1;1;;;;;1
14/04/2015;15:02:00;366;sem vítima;503;BR-153/GO;Sul;Colisão Traseira;2;2;;;;;1
14/04/2015;15:18:00;372;ac02 - Acidente com Vítima;75;BR-060/GO;Norte;Outros - sequências;1;0;1;;;;1
14/04/2015;17:29:00;458;sem vítima;114,9;BR-060/GO;Sul;Capotamento;1;1;;;;;1
15/04/2015;15:51:00;411;sem vítima;18;BR-060/GO;Sul;Colisão Traseira;1;2;;;;;1
15/04/2015;12:20:00;324;sem vítima;368,2;BR-262/MG;Leste;Colisão Traseira;1;2;;;;;1
15/04/2015;18:37:00;499;sem vítima;502;BR-153/GO;Sul;Colisão Traseira;1;2;;;;;1
15/04/2015;15:22:00;397;sem vítima;508;BR-153/GO;Sul;Colisão Traseira;1;2;;;;;1
15/04/2015;22:52:00;591;ac02 - Acidente com Vítima;574;BR-262/MG;Oeste;Outros - sequências;2;1;1;;;;1
15/04/2015;15:40:00;407;ac02 - Acidente com Vítima;103;BR-060/GO;Sul;Choque - Outros;1;2;3;;;;1
15/04/2015;22:00:00;582;ac02 - Acidente com Vítima;611;BR-262/MG;Leste;Saida de Pista;1;0;1;;;;1
15/04/2015;17:57:00;484;ac02 - Acidente com Vítima;764,6;BR-262/MG;Leste;Tombamento;1;1;1;;;;1
15/04/2015;19:36:00;520;ac02 - Acidente com Vítima;131;BR-060/GO;Sul;Colisão Frontal;1;1;1;;;;1
15/04/2015;00:16:00;8;ac01 - Acidente com Vítima Fatal;665;BR-153/GO;Norte;Colisão Traseira;2;2;;;;1;3
15/04/2015;06:52:00;123;sem vítima;680,2;BR-153/GO;Sul;Saida de Pista;1;1;;;;;1
16/04/2015;16:22:00;397;ac02 - Acidente com Vítima;17;BR-153/MG;Sul;Outros - sequências;1;0;3;;;;1
16/04/2015;08:57:00;145;sem vítima;53,4;BR-153/MG;Norte;Colisão Traseira;1;2;;;;;1
16/04/2015;02:55:00;43;sem vítima;58,2;BR-153/MG;Norte;Tombamento;1;1;;;;;1
16/04/2015;19:09:00;510;sem vítima;530;BR-262/MG;Oeste;Atropelamento - Animal;1;1;;;;;1
16/04/2015;20:50:00;547;ac01 - Acidente com Vítima Fatal;220;BR-153/MG;Norte;Outros - sequências;1;1;1;;;1;3
17/04/2015;02:20:00;38;ac02 - Acidente com Vítima;375,5;BR-262/MG;Leste;Saida de Pista;1;0;1;;;;1
17/04/2015;17:03:00;585;sem vítima;119;BR-153/MG;Norte;Carreta deu L;2;2;;;;;1
17/04/2015;22:01:00;741;sem vítima;770;BR-262/MG;Leste;Tombamento;1;1;;;;;1
18/04/2015;06:54:00;136;sem vítima;58;BR-153/MG;Sul;Tombamento;1;1;;;;;1
18/04/2015;04:20:00;70;ac02 - Acidente com Vítima;547,8;BR-262/MG;Leste;Tombamento;1;0;1;;;;1
18/04/2015;00:40:00;12;ac02 - Acidente com Vítima;146;BR-153/MG;Sul;Outros - sequências;1;0;1;;;;1
18/04/2015;11:02:00;330;sem vítima;612;BR-153/GO;Norte;Colisão Traseira;1;2;;;;;1
18/04/2015;19:21:00;662;ac02 - Acidente com Vítima;670;BR-153/GO;Norte;Tombamento;1;0;1;;;;1
19/04/2015;20:53:00;583;ac02 - Acidente com Vítima;506,8;BR-153/GO;Norte;Colisão Traseira;1;1;1;;;;1
19/04/2015;20:07:00;570;ac02 - Acidente com Vítima;548;BR-262/MG;Leste;Colisão Transversal;2;1;1;;;;1
19/04/2015;12:28:00;298;ac01 - Acidente com Vítima Fatal;589;BR-262/MG;Leste;Tombamento;1;0;;;;1;3
19/04/2015;13:35:00;327;sem vítima;583;BR-153/GO;Norte;Outros - sequências;2;2;;;;;1
19/04/2015;05:59:00;117;ac02 - Acidente com Vítima;113,8;BR-060/GO;Sul;Tombamento;1;0;1;;;;1
20/04/2015;15:15:00;329;ac02 - Acidente com Vítima;0,5;BR-153/MG;Norte;Carreta deu L;1;0;1;;;;1
20/04/2015;13:23:00;286;ac02 - Acidente com Vítima;133,5;BR-060/GO;Norte;Colisão Traseira;2;1;1;;;;1
20/04/2015;14:25:00;310;sem vítima;133,5;BR-060/GO;Norte;Colisão Traseira;1;2;;;;;1
21/04/2015;18:21:00;758;ac01 - Acidente com Vítima Fatal;477,7;BR-262/MG;Oeste;Colisão Transversal;1;0;2;;;1;3
21/04/2015;08:29:00;183;ac02 - Acidente com Vítima;563,8;BR-262/MG;Oeste;Tombamento;1;0;;1;;;2
21/04/2015;07:57:00;155;sem vítima;11,3;BR-060/DF;Norte;Colisão Lateral;1;2;;;;;1
21/04/2015;16:25:00;657;sem vítima;16;BR-060/DF;Norte;Tombamento;1;1;;;;;1
22/04/2015;04:45:00;92;ac02 - Acidente com Vítima;476;BR-262/MG;Oeste;Outros - sequências;2;1;;1;;;2
22/04/2015;04:26:00;90;ac02 - Acidente com Vítima;560,7;BR-153/GO;Sul;Tombamento;2;1;1;1;;;2
23/04/2015;08:40:00;217;sem vítima;503,8;BR-153/GO;Norte;Colisão Lateral;1;2;;;;;1
23/04/2015;10:04:00;314;sem vítima;544;BR-153/GO;Norte;Colisão Lateral;1;2;;;;;1
23/04/2015;17:45:00;570;sem vítima;608,3;BR-262/MG;Oeste;Saida de Pista;1;1;;;;;1
23/04/2015;02:08:00;30;sem vítima;189;BR-153/MG;Sul;Colisão Lateral;2;2;;;;;1
23/04/2015;17:13:00;550;ac02 - Acidente com Vítima;193,5;BR-153/MG;Sul;Colisão Traseira;1;0;2;;;;1
24/04/2015;15:01:00;434;ac02 - Acidente com Vítima;21;BR-153/MG;Norte;Saida de Pista;1;0;2;;;;1
24/04/2015;19:32:00;596;sem vítima;514;BR-262/MG;Leste;Objeto lançado contra veículo;1;2;;;;;1
25/04/2015;15:44:00;562;ac02 - Acidente com Vítima;391,9;BR-262/MG;Oeste;Objeto lançado contra veículo;1;2;1;;;;1
25/04/2015;13:00:00;460;ac02 - Acidente com Vítima;407,2;BR-262/MG;Leste;Tombamento;1;0;2;;;;1
25/04/2015;19:01:00;672;ac02 - Acidente com Vítima;509;BR-153/GO;Norte;Engavetamento;1;2;1;;;;1
25/04/2015;00:55:00;20;ac02 - Acidente com Vítima;114;BR-153/MG;Sul;Outros - sequências;2;1;1;;;;1
25/04/2015;00:55:00;44;sem vítima;114;BR-153/MG;Norte;Colisão Traseira;4;4;;;;;1
25/04/2015;01:22:00;29;sem vítima;689;BR-262/MG;Oeste;Saida de Pista;1;1;;;;;1
25/04/2015;14:50:00;524;ac02 - Acidente com Vítima;237,5;BR-153/MG;Norte;Colisão Lateral;1;1;1;;;;1
25/04/2015;11:12:00;357;sem vítima;246,7;BR-153/MG;Sul;Colisão Lateral;2;3;;;;;1