data;horario;n_da_ocorrencia;tipo_de_ocorrencia;km;trecho;sentido;tipo_de_acidente;caminhao;ilesos;levemente_feridos;moderadamente_feridos;gravemente_feridos;mortos;3
26/04/2015;21:49:00;613;ac02 - Acidente com Vítima;1;BR-153/MG;Sul;Colisão Traseira;1;0;3;;;;1
26/04/2015;19:40:00;563;sem vítima;92;BR-060/GO;Sul;Colisão Lateral;1;2;;;;;1
27/04/2015;14:01:00;430;ac02 - Acidente com Vítima;27;BR-153/MG;Norte;Tombamento;2;1;2;;;;1
27/04/2015;07:59:00;210;sem vítima;42,5;BR-153/MG;Sul;Tombamento;1;1;;;;;1
27/04/2015;22:20:00;682;sem vítima;505,8;BR-153/GO;Sul;"Choque - Defensa, barreira ou ""submarino""";1;1;;;;;1
27/04/2015;18:11:00;578;sem vítima;508,3;BR-153/GO;Sul;Colisão Lateral;1;2;;;;;1
27/04/2015;10:09:00;309;ac02 - Acidente com Vítima;94;BR-153/MG;Sul;Saida de Pista;1;0;;1;;;2
27/04/2015;18:00:00;570;ac02 - Acidente com Vítima;131,9;BR-060/GO;Sul;Colisão Lateral;1;1;1;;;;1
28/04/2015;20:39:00;592;sem vítima;378;BR-262/MG;Leste;Colisão Traseira;1;2;;;;;1
28/04/2015;17:00:00;488;sem vítima;75;BR-060/GO;Norte;Tombamento;1;1;;;;;1
28/04/2015;16:04:00;452;sem vítima;579,5;BR-262/MG;Leste;Carreta deu L;1;1;;;;;1
29/04/2015;19:45:00;690;sem vítima;500;BR-153/GO;Sul;Colisão Traseira;1;2;;;;;1
29/04/2015;15:39:00;536;sem vítima;42,6;BR-060/GO;Sul;Colisão Lateral;1;2;;;;;1
29/04/2015;09:57:00;284;sem vítima;91,5;BR-153/MG;Sul;Tombamento;1;2;;;;;1
29/04/2015;14:58:00;498;ac02 - Acidente com Vítima;590;BR-262/MG;Oeste;Colisão Frontal;1;1;1;;;;1
29/04/2015;18:00:00;616;sem vítima;750;BR-262/MG;Leste;Saida de Pista;1;1;;;;;1
29/04/2015;10:20:00;330;sem vítima;786;BR-262/MG;Leste;Colisão Traseira;1;2;;;;;1
30/04/2015;21:47:00;837;ac02 - Acidente com Vítima;29,8;BR-060/GO;Sul;Colisão Traseira;1;2;1;;;;1
30/04/2015;03:06:00;118;ac02 - Acidente com Vítima;58;BR-153/MG;Sul;Tombamento;1;0;1;;;;1
30/04/2015;10:33:00;402;ac02 - Acidente com Vítima;512,6;BR-153/GO;Norte;Colisão Lateral;1;1;1;;;;1
30/04/2015;20:06:00;762;ac02 - Acidente com Vítima;520;BR-153/GO;Sul;Choque - Outros;1;1;1;;;;1
30/04/2015;16:19:00;638;ac02 - Acidente com Vítima;818;BR-262/MG;Leste;Engavetamento;1;0;4;1;;;2
01/05/2015;07:07:00;147;ac02 - Acidente com Vítima;87;BR-060/GO;Norte;Tombamento;1;0;1;;;;1
01/05/2015;13:50:00;454;ac01 - Acidente com Vítima Fatal;582;BR-262/MG;Leste;Colisão Transversal;2;0;3;;;1;3
01/05/2015;14:33:00;455;ac02 - Acidente com Vítima;593,5;BR-262/MG;Oeste;Capotamento;1;1;2;;;;1
01/05/2015;20:19:00;636;ac02 - Acidente com Vítima;697;BR-153/GO;Norte;Colisão Lateral;1;1;1;;;;1
02/05/2015;08:32:00;134;ac02 - Acidente com Vítima;63,5;BR-060/GO;Sul;Colisão Traseira;1;1;3;;;;1
03/05/2015;16:16:00;559;sem vítima;377;BR-262/MG;Oeste;Colisão Traseira;1;3;;;;;1
03/05/2015;18:53:00;695;sem vítima;219;BR-153/MG;Norte;Colisão Traseira;1;2;;;;;1
04/05/2015;19:50:00;621;sem vítima;62,4;BR-060/GO;Norte;Colisão Lateral;1;2;;;;;1
04/05/2015;10:42:00;318;sem vítima;64;BR-060/GO;Sul;Colisão Lateral;1;2;;;;;1
04/05/2015;08:22:00;192;ac02 - Acidente com Vítima;508;BR-153/GO;Norte;Engavetamento;1;3;1;;;;1
04/05/2015;23:32:00;714;ac02 - Acidente com Vítima;120,3;BR-153/MG;Norte;Colisão Traseira;2;0;2;;;;1
04/05/2015;15:04:00;479;ac02 - Acidente com Vítima;779;BR-262/MG;Leste;Saida de Pista;1;0;1;;;;1
05/05/2015;17:35:00;407;sem vítima;500,5;BR-153/GO;Sul;Colisão Traseira;1;2;;;;;1
05/05/2015;16:00:00;335;ac02 - Acidente com Vítima;472;BR-262/MG;Oeste;Colisão Transversal;2;0;3;;;;1
05/05/2015;23:30:00;22;ac02 - Acidente com Vítima;77,1;BR-153/MG;Sul;Saida de Pista;1;0;1;;;;1
05/05/2015;04:50:00;100;ac02 - Acidente com Vítima;591;BR-262/MG;Leste;Saida de Pista;1;0;1;;;;1
05/05/2015;22:41:00;504;sem vítima;611;BR-262/MG;Leste;Tombamento;1;1;;;;;1
05/05/2015;07:30:00;399;sem vítima;783;BR-262/MG;Oeste;;1;1;;;;;1
06/05/2015;16:56:00;594;sem vítima;511;BR-153/GO;Norte;Colisão Traseira;1;2;;;;;1
06/05/2015;15:59:00;564;sem vítima;514;BR-153/GO;Norte;Colisão Lateral;2;2;;;;;1
06/05/2015;12:26:00;439;ac02 - Acidente com Vítima;593;BR-262/MG;Leste;Saida de Pista;1;0;2;;;;1
06/05/2015;15:21:00;533;sem vítima;114;BR-060/GO;Norte;Saida de Pista;1;1;;;;;1
07/05/2015;07:20:00;118;ac02 - Acidente com Vítima;58;BR-153/MG;Norte;Tombamento;1;0;1;;;;1
07/05/2015;07:52:00;134;ac02 - Acidente com Vítima;156;BR-153/MG;Sul;Saida de Pista;1;0;;;1;;2
07/05/2015;19:01:00;597;ac02 - Acidente com Vítima;136,5;BR-060/GO;Sul;Outros - sequências;1;2;2;;;;1
08/05/2015;15:25:00;610;ac02 - Acidente com Vítima;83,5;BR-060/GO;Sul;Colisão Traseira;1;1;1;;;;1
09/05/2015;11:59:00;358;ac02 - Acidente com Vítima;12;BR-060/GO;Norte;Colisão Traseira;2;1;;1;;;2
09/05/2015;10:20:00;303;ac02 - Acidente com Vítima;14;BR-153/MG;Sul;Tombamento;1;0;1;;;;1
09/05/2015;14:41:00;433;sem vítima;509;BR-153/GO;Sul;Outros - sequências;1;2;;;;;1
10/05/2015;00:10:00;29;sem vítima;536;BR-153/GO;Norte;Atropelamento - Animal;1;1;;;;;1
11/05/2015;10:11:00;168;ac02 - Acidente com Vítima;24;BR-060/GO;Sul;Saida de Pista;1;0;1;;;;1
11/05/2015;13:16:00;286;sem vítima;27;BR-060/GO;Norte;Tombamento;1;1;;;;;1
11/05/2015;22:50:00;669;ac01 - Acidente com Vítima Fatal;385;BR-262/MG;Leste;Tombamento;1;0;;;;1;3
11/05/2015;19:18:00;510;ac02 - Acidente com Vítima;411;BR-262/MG;Oeste;Colisão Traseira;1;1;1;;;;1
11/05/2015;20:24:00;533;sem vítima;491;BR-262/MG;Oeste;Colisão Traseira;2;2;;;;;1
11/05/2015;07:50:00;87;ac02 - Acidente com Vítima;558,5;BR-262/MG;Oeste;Capotamento;1;1;1;;;;1
11/05/2015;07:43:00;84;ac02 - Acidente com Vítima;540,4;BR-153/GO;Sul;Colisão Traseira;1;1;1;;;;1
11/05/2015;19:36:00;516;ac02 - Acidente com Vítima;597;BR-262/MG;Leste;Colisão Lateral;1;0;3;;;;1
11/05/2015;03:31:00;49;ac02 - Acidente com Vítima;128,4;BR-060/GO;Sul;Outros - sequências;1;0;1;;;;1
12/05/2015;07:19:00;162;ac02 - Acidente com Vítima;490;BR-153/GO;Norte;Colisão Lateral;1;1;1;;;;1
12/05/2015;09:49:00;257;sem vítima;493,2;BR-153/GO;Sul;Engavetamento;2;4;;;;;1
12/05/2015;09:52:00;261;sem vítima;4,6;BR-153/MG;Norte;Saida de Pista;2;2;;;;;1
12/05/2015;15:36:00;496;sem vítima;87;BR-060/GO;Sul;Saida de Pista;1;1;;;;;1
12/05/2015;19:17:00;649;sem vítima;94;BR-060/GO;Norte;Colisão Traseira;1;2;;;;;1
12/05/2015;16:15:00;534;sem vítima;534;BR-153/GO;Sul;Colisão Traseira;1;2;;;;;1
12/05/2015;05:55:00;148;ac02 - Acidente com Vítima;557;BR-153/GO;Norte;Colisão Traseira;2;1;2;;;;1
12/05/2015;05:11:00;134;sem vítima;644;BR-153/GO;Norte;Colisão Traseira;2;2;;;;;1
12/05/2015;05:13:00;136;sem vítima;137;BR-060/GO;Norte;Saida de Pista;1;1;;;;;1
13/05/2015;18:41:00;563;sem vítima;360;BR-262/MG;Oeste;Choque - Outros;1;2;;;;;1
13/05/2015;10:41:00;317;sem vítima;148;BR-153/MG;Norte;Outros - sequências;1;2;;;;;1
13/05/2015;13:46:00;400;ac02 - Acidente com Vítima;631,4;BR-153/GO;Norte;Outros - sequências;1;0;1;;;;1
14/05/2015;22:15:00;613;sem vítima;359;BR-262/MG;Oeste;Tombamento;1;1;;;;;1
14/05/2015;07:30:00;135;sem vítima;383;BR-262/MG;Oeste;Colisão Traseira;1;2;;;;;1
14/05/2015;19:55:00;561;sem vítima;385;BR-262/MG;Leste;Outros - sequências;1;2;;;;;1
14/05/2015;01:05:00;26;ac02 - Acidente com Vítima;52,8;BR-153/MG;Sul;Saida de Pista;1;0;1;;;;1
14/05/2015;14:00:00;382;ac02 - Acidente com Vítima;471;BR-262/MG;Leste;Colisão Lateral;2;2;2;;;;1
14/05/2015;05:19:00;105;sem vítima;547,5;BR-262/MG;Oeste;Tombamento;1;2;;;;;1
14/05/2015;06:01:00;115;ac02 - Acidente com Vítima;589,8;BR-153/GO;Sul;Saida de Pista;1;0;1;;;;1
15/05/2015;08:25:00;217;sem vítima;501;BR-153/GO;Norte;Engavetamento;2;4;;;;;1
15/05/2015;18:35:00;620;sem vítima;58;BR-153/MG;Sul;Saida de Pista;1;1;;;;;1
15/05/2015;12:05:00;408;sem vítima;508;BR-153/GO;Norte;Colisão Lateral;1;3;;;;;1
15/05/2015;20:12:00;668;sem vítima;542;BR-153/GO;Sul;Saida de Pista;1;1;;;;;1
15/05/2015;21:29:00;697;ac02 - Acidente com Vítima;624;BR-153/GO;Sul;Colisão Traseira;1;0;1;;;;1
15/05/2015;21:32:00;699;sem vítima;664,1;BR-153/GO;Norte;;1;1;;;;;1
16/05/2015;10:26:00;432;sem vítima;497;BR-153/GO;Sul;Colisão Traseira;1;3;;;;;1
16/05/2015;10:12:00;424;ac02 - Acidente com Vítima;405;BR-262/MG;Oeste;Saida de Pista;1;1;2;;;;1
16/05/2015;10:08:00;421;ac02 - Acidente com Vítima;432;BR-262/MG;Leste;Tombamento;1;0;1;;;;1
16/05/2015;11:39:00;480;ac02 - Acidente com Vítima;897;BR-262/MG;Oeste;Engavetamento;2;2;1;;;;1
17/05/2015;07:20:00;113;ac02 - Acidente com Vítima;93;BR-153/MG;Sul;Saida de Pista;1;0;1;;;;1
17/05/2015;19:50:00;464;ac02 - Acidente com Vítima;626;BR-153/GO;Norte;Colisão Traseira;1;1;1;;;;1
18/05/2015;09:31:00;212;sem vítima;14,8;BR-060/GO;Sul;Colisão Traseira;1;5;;;;;1
18/05/2015;17:08:00;486;sem vítima;16;BR-153/MG;Norte;Colisão Lateral;1;2;;;;;1
18/05/2015;14:39:00;398;sem vítima;499;BR-153/GO;Sul;Colisão Traseira;1;2;;;;;1
18/05/2015;14:58:00;411;ac02 - Acidente com Vítima;481,6;BR-262/MG;Leste;Saida de Pista;1;1;1;;;;1
18/05/2015;15:46:00;447;ac02 - Acidente com Vítima;145;BR-153/MG;Norte;Colisão Lateral;2;1;2;;;;1
18/05/2015;19:49:00;559;sem vítima;554;BR-153/GO;Sul;Choque - Suporte de Sinalização;1;1;;;;;1
19/05/2015;18:38:00;551;sem vítima;501;BR-153/GO;Sul;Colisão Traseira;2;2;;;;;1
19/05/2015;01:50:00;30;sem vítima;540,5;BR-262/MG;Oeste;Choque - Talude;1;1;;;;;1
19/05/2015;21:06:00;617;ac02 - Acidente com Vítima;114;BR-153/MG;Norte;Carreta deu L;1;0;1;;;;1
19/05/2015;09:00:00;107;sem vítima;591;BR-262/MG;Leste;Tombamento;1;2;;;;;1
19/05/2015;18:58:00;555;ac02 - Acidente com Vítima;240;BR-153/MG;Sul;Colisão Lateral;1;1;2;;;;1
20/05/2015;00:39:00;23;ac02 - Acidente com Vítima;4;BR-060/GO;Norte;Saida de Pista;1;0;1;;;;1
20/05/2015;09:28:00;238;sem vítima;513,2;BR-153/GO;Sul;Colisão Lateral;1;2;;;;;1
20/05/2015;09:56:00;258;sem vítima;699,8;BR-153/GO;Sul;Colisão Traseira;2;2;;;;;1
21/05/2015;11:55:00;333;sem vítima;491,5;BR-153/GO;Norte;Colisão Traseira;1;2;;;;;1
21/05/2015;14:35:00;393;ac02 - Acidente com Vítima;129;BR-153/MG;Norte;Colisão Traseira;1;2;1;;;;1
21/05/2015;14:31:00;389;sem vítima;200;BR-153/MG;Norte;Colisão Traseira;1;2;;;;;1
21/05/2015;11:58:00;335;sem vítima;623;BR-153/GO;Sul;Colisão Lateral;1;2;;;;;1
21/05/2015;14:40:00;397;sem vítima;698;BR-153/GO;Norte;Colisão Lateral;1;2;;;;;1
22/05/2015;15:07:00;342;ac02 - Acidente com Vítima;506,9;BR-153/GO;Sul;Colisão Lateral;1;2;1;;;;1
22/05/2015;00:45:00;14;ac02 - Acidente com Vítima;58;BR-153/MG;Sul;Saida de Pista;1;0;1;;;;1
22/05/2015;11:20:00;253;sem vítima;510;BR-262/MG;Oeste;Colisão Traseira;1;2;;;;;1
22/05/2015;06:19:00;91;ac02 - Acidente com Vítima;813;BR-262/MG;Leste;Capotamento;1;2;1;;;;1
23/05/2015;00:42:00;12;ac02 - Acidente com Vítima;38,7;BR-060/GO;Sul;Saida de Pista;1;0;1;;;;1
23/05/2015;09:19:00;192;ac02 - Acidente com Vítima;507;BR-153/GO;Sul;Colisão Lateral;2;0;2;;;;1
23/05/2015;07:55:00;112;ac02 - Acidente com Vítima;8,5;BR-060/DF;Norte;Saida de Pista;1;0;2;;;;1
23/05/2015;13:15:00;356;ac02 - Acidente com Vítima;185;BR-153/MG;Sul;Colisão Traseira;2;0;2;;;;1
24/05/2015;20:20:00;688;sem vítima;630;BR-153/GO;Norte;Tombamento;3;3;;;;;1
25/05/2015;15:31:00;408;ac02 - Acidente com Vítima;4,3;BR-060/GO;Norte;Colisão Traseira;1;1;1;;;;1
25/05/2015;05:45:00;86;ac02 - Acidente com Vítima;33;BR-060/GO;Norte;Colisão Traseira;1;1;;2;;;2
25/05/2015;08:21:00;157;ac02 - Acidente com Vítima;99;BR-060/GO;Sul;Colisão Traseira;1;0;2;;;;1
25/05/2015;09:25:00;213;sem vítima;801,2;BR-262/MG;Leste;Colisão Lateral;1;2;;;;;1
26/05/2015;19:13:00;578;sem vítima;34,8;BR-153/MG;Sul;Saida de Pista;1;2;;;;;1
26/05/2015;21:00:00;625;ac02 - Acidente com Vítima;553;BR-262/MG;Leste;Tombamento;1;0;1;;;;1
27/05/2015;11:06:00;296;sem vítima;369;BR-262/MG;Oeste;;1;1;;;;;1
27/05/2015;10:54:00;286;ac02 - Acidente com Vítima;513;BR-153/GO;Norte;Colisão Lateral;1;1;1;;;;1
27/05/2015;15:29:00;466;sem vítima;553;BR-153/GO;Norte;Colisão Traseira;1;2;;;;;1
28/05/2015;10:28:00;313;sem vítima;15,6;BR-153/MG;Norte;Colisão Traseira;2;2;;;;;1
28/05/2015;11:21:00;348;sem vítima;485,62;BR-262/MG;Oeste;Colisão Traseira;2;2;;;;;1
29/05/2015;15:53:00;474;ac02 - Acidente com Vítima;2,85;BR-060/GO;Sul;Carreta deu L;2;3;1;;;;1
29/05/2015;15:44:00;467;sem vítima;106;BR-060/GO;Sul;Colisão Traseira;1;2;;;;;1
29/05/2015;15:52:00;473;ac02 - Acidente com Vítima;593;BR-153/GO;Sul;Colisão Lateral;1;1;4;;;;1
30/05/2015;18:40:00;622;sem vítima;500;BR-153/GO;Norte;Colisão Lateral;1;2;;;;;1
30/05/2015;07:36:00;217;sem vítima;398;BR-262/MG;Leste;Colisão Lateral;1;2;;;;;1
30/05/2015;19:35:00;641;ac02 - Acidente com Vítima;425;BR-262/MG;Leste;Tombamento;1;0;1;;;;1
30/05/2015;21:41:00;685;sem vítima;537;BR-153/GO;Norte;Saida de Pista;1;1;;;;;1
30/05/2015;10:50:00;355;sem vítima;899;BR-262/MG;Leste;Tombamento;1;1;;;;;1
31/05/2015;11:33:00;400;sem vítima;493;BR-153/GO;Norte;Colisão Lateral;1;2;;;;;1
31/05/2015;17:09:00;582;sem vítima;58,5;BR-153/MG;Sul;Saida de Pista;1;2;;;;;1
01/06/2015;20:25:00;734;sem vítima;0,8;BR-153/MG;Sul;Colisão Traseira;2;2;;;;;1
01/06/2015;09:50:00;376;sem vítima;375,1;BR-262/MG;Leste;Colisão Traseira;2;2;;;;;1
01/06/2015;19:20:00;702;ac02 - Acidente com Vítima;495;BR-262/MG;Oeste;Capotamento;1;1;2;;;;1
01/06/2015;22:34:00;799;ac02 - Acidente com Vítima;509;BR-262/MG;Oeste;Outros - sequências;1;1;1;;;;1
01/06/2015;09:12:00;351;ac02 - Acidente com Vítima;109;BR-153/MG;Norte;Colisão Lateral;2;0;2;;;;1
01/06/2015;09:20:00;356;ac02 - Acidente com Vítima;144;BR-153/MG;Norte;Saida de Pista;1;1;1;;;;1
01/06/2015;09:11:00;349;ac01 - Acidente com Vítima Fatal;156,4;BR-153/MG;Norte;Outros - sequências;3;1;2;;;2;3
01/06/2015;13:42:00;525;ac02 - Acidente com Vítima;595,6;BR-153/GO;Sul;Saida de Pista;1;0;1;;;;1
02/06/2015;19:28:00;589;ac02 - Acidente com Vítima;0;BR-153/MG;Norte;Colisão Frontal;2;0;2;;;;1
02/06/2015;19:28:00;594;ac02 - Acidente com Vítima;1;BR-153/MG;Norte;Colisão Traseira;1;1;1;;;;1
02/06/2015;18:22:00;567;sem vítima;399;BR-262/MG;Leste;Carreta deu L;1;1;;;;;1
02/06/2015;06:56:00;137;ac02 - Acidente com Vítima;481;BR-262/MG;Leste;Saida de Pista;1;0;1;;;;1
02/06/2015;00:03:00;1;sem vítima;509,1;BR-262/MG;Leste;Outros - sequências;2;2;;;;;1
02/06/2015;07:27:00;153;ac02 - Acidente com Vítima;511,2;BR-262/MG;Oeste;Colisão Frontal;1;1;;2;;;2
02/06/2015;17:23:00;531;ac02 - Acidente com Vítima;548,9;BR-262/MG;Leste;Colisão Frontal;2;0;1;1;;;2
02/06/2015;15:19:00;458;ac02 - Acidente com Vítima;112;BR-060/GO;Sul;Colisão Lateral;1;1;3;;;;1
03/06/2015;22:11:00;672;ac02 - Acidente com Vítima;424;BR-262/MG;Oeste;Colisão Traseira;1;1;2;;;;1
03/06/2015;18:36:00;562;sem vítima;429;BR-262/MG;Leste;Tombamento;1;1;;;;;1
03/06/2015;14:13:00;369;sem vítima;505,4;BR-153/GO;Sul;Colisão Traseira;1;2;;;;;1
03/06/2015;14:22:00;375;sem vítima;505,4;BR-153/GO;Sul;Colisão Lateral;1;2;;;;;1
03/06/2015;21:26:00;652;ac02 - Acidente com Vítima;58;BR-153/MG;Norte;Colisão Traseira;2;1;1;;;;1
03/06/2015;05:22:00;64;sem vítima;520;BR-153/GO;Norte;Saida de Pista;1;2;;;;;1
03/06/2015;20:59:00;638;ac02 - Acidente com Vítima;659;BR-153/GO;Sul;Tombamento;1;0;1;;;;1
03/06/2015;10:00:00;216;sem vítima;850,1;BR-262/MG;Leste;Outros - sequências;1;2;;;;;1
04/06/2015;18:49:00;874;sem vítima;492;BR-153/GO;Norte;Outros - sequências;1;1;;;;;1
04/06/2015;07:03:00;174;sem vítima;77;BR-153/MG;Norte;Colisão Traseira;1;2;;;;;1
04/06/2015;00:52:00;17;sem vítima;103;BR-153/MG;Norte;Tombamento;1;1;;;;;1
04/06/2015;21:04:00;943;ac02 - Acidente com Vítima;553,8;BR-262/MG;Leste;Tombamento;1;0;1;;;;1
05/06/2015;09:09:00;215;sem vítima;127;BR-153/MG;Sul;Colisão Traseira;1;2;;;;;1
06/06/2015;10:53:00;235;sem vítima;504;BR-153/GO;Norte;Colisão Lateral;1;2;;;;;1
06/06/2015;23:22:00;550;ac02 - Acidente com Vítima;597,5;BR-153/GO;Sul;Saida de Pista;1;1;1;;;;1
06/06/2015;12:34:00;274;sem vítima;125,3;BR-060/GO;Norte;Colisão Lateral;1;2;;;;;1
06/06/2015;09:46:00;191;ac02 - Acidente com Vítima;135;BR-060/GO;Norte;Colisão Lateral;1;0;2;;;;1
07/06/2015;04:23:00;85;sem vítima;495;BR-262/MG;Leste;Tombamento;1;1;;;;;1
07/06/2015;11:30:00;306;ac02 - Acidente com Vítima;501;BR-262/MG;Leste;Colisão Traseira;1;0;2;;;;1
07/06/2015;16:38:00;508;sem vítima;537,4;BR-153/GO;Sul;Colisão Traseira;1;2;;;;;1
08/06/2015;19:30:00;597;ac02 - Acidente com Vítima;8,05;BR-060/GO;Norte;Engavetamento;2;5;;;1;;2
08/06/2015;06:00:00;95;ac02 - Acidente com Vítima;386;BR-262/MG;Leste;Tombamento;1;0;1;;;;1
08/06/2015;10:32:00;280;sem vítima;107,9;BR-060/GO;Norte;Colisão Lateral;1;2;;;;;1
09/06/2015;08:33:00;219;sem vítima;500;BR-153/GO;Norte;Engavetamento;3;4;;;;;1
10/06/2015;17:06:00;523;ac02 - Acidente com Vítima;431;BR-262/MG;Leste;Tombamento;1;0;1;;;;1
10/06/2015;11:30:00;344;sem vítima;462;BR-262/MG;Leste;Colisão Traseira;1;2;;;;;1
10/06/2015;11:20:00;329;sem vítima;535;BR-153/GO;Norte;Saida de Pista;2;2;;;;;1
10/06/2015;19:50:00;612;sem vítima;554;BR-153/GO;Sul;Choque - Suporte de Sinalização;1;1;;;;;1
10/06/2015;14:57:00;456;sem vítima;590;BR-153/GO;Sul;Colisão Traseira;1;2;;;;;1
11/06/2015;16:58:00;463;ac02 - Acidente com Vítima;353;BR-262/MG;Leste;Outros - sequências;1;2;1;;;;1
11/06/2015;19:32:00;548;ac02 - Acidente com Vítima;371,5;BR-262/MG;Leste;Outros - sequências;2;2;1;;;;1
11/06/2015;10:12:00;223;sem vítima;394,2;BR-262/MG;Oeste;Colisão Traseira;1;2;;;;;1
11/06/2015;10:44:00;247;sem vítima;541;BR-153/GO;Norte;Colisão Lateral;1;2;;;;;1
11/06/2015;09:01:00;170;sem vítima;553,1;BR-153/GO;Norte;"Choque - Defensa, barreira ou ""submarino""";1;1;;;;;1
11/06/2015;23:30:00;642;ac02 - Acidente com Vítima;575;BR-153/GO;Sul;Saida de Pista;1;0;1;;;;1
12/06/2015;14:24:00;442;sem vítima;496,5;BR-153/GO;Sul;Colisão Traseira;1;2;;;;;1
12/06/2015;13:14:00;392;ac02 - Acidente com Vítima;371;BR-262/MG;Oeste;Colisão Lateral;1;0;1;;1;;2
12/06/2015;12:08:00;356;sem vítima;417,418;BR-262/MG;Oeste;Colisão Lateral;1;2;;;;;1
12/06/2015;10:47:00;313;ac02 - Acidente com Vítima;481;BR-262/MG;Oeste;Engavetamento;2;0;3;;;;1
12/06/2015;23:17:00;753;ac01 - Acidente com Vítima Fatal;589,4;BR-153/GO;Sul;Colisão Traseira;2;1;;;;1;3
12/06/2015;11:25:00;333;ac02 - Acidente com Vítima;213;BR-153/MG;Norte;Saida de Pista;1;1;2;;;;1
13/06/2015;03:15:00;51;ac02 - Acidente com Vítima;6,4;BR-153/MG;Sul;Saida de Pista;1;0;1;;;;1
14/06/2015;16:17:00;351;sem vítima;1,9;BR-153/MG;Norte;Colisão Lateral;2;2;;;;;1
14/06/2015;10:24:00;171;ac02 - Acidente com Vítima;768,3;BR-262/MG;Leste;Saida de Pista;1;1;3;;;;1
15/06/2015;14:29:00;329;ac02 - Acidente com Vítima;495,7;BR-153/GO;Norte;Colisão Lateral;1;2;1;;;;1
15/06/2015;14:26:00;328;sem vítima;500;BR-153/GO;Norte;Colisão Lateral;1;2;;;;;1
15/06/2015;20:08:00;484;sem vítima;500,7;BR-153/GO;Sul;Colisão Traseira;1;2;;;;;1
15/06/2015;03:58:00;59;sem vítima;48;BR-060/GO;Sul;Outros - sequências;1;1;;;;;1
15/06/2015;18:37:00;450;ac02 - Acidente com Vítima;527,5;BR-153/GO;Sul;Colisão Traseira;1;2;1;;;;1
15/06/2015;14:25:00;326;sem vítima;107;BR-060/GO;Norte;"Choque - Defensa, barreira ou ""submarino""";1;1;;;;;1
15/06/2015;23:20:00;557;sem vítima;129;BR-060/GO;Sul;Colisão Traseira;1;2;;;;;1
16/06/2015;14:42:00;442;ac02 - Acidente com Vítima;46,7;BR-060/GO;Sul;Engavetamento;1;3;3;;;;1
16/06/2015;17:41:00;540;sem vítima;606,9;BR-262/MG;Leste;Saida de Pista;1;2;;;;;1
16/06/2015;23:06:00;669;sem vítima;621;BR-153/GO;Norte;Colisão Frontal;1;1;;;;;1
16/06/2015;23:20:00;694;sem vítima;621,1;BR-153/GO;Norte;Colisão Frontal;1;1;;;;;1
17/06/2015;14:03:00;421;sem vítima;43;BR-060/GO;Norte;Colisão Traseira;1;2;;;;;1
17/06/2015;03:00:00;68;ac02 - Acidente com Vítima;428;BR-262/MG;Leste;Colisão Traseira;2;1;1;;;;1
17/06/2015;06:56:00;150;ac02 - Acidente com Vítima;432;BR-262/MG;Leste;Tombamento;1;0;1;;;;1
17/06/2015;22:23:00;714;ac02 - Acidente com Vítima;138,5;BR-153/MG;Sul;Colisão Traseira;2;3;1;;;;1
18/06/2015;15:37:00;457;sem vítima;494;BR-153/GO;Sul;Colisão Lateral;2;2;;;;;1
18/06/2015;17:31:00;523;sem vítima;504,8;BR-153/GO;Sul;Colisão Traseira;2;3;;;;;1
18/06/2015;15:24:00;449;ac02 - Acidente com Vítima;462;BR-262/MG;Oeste;Engavetamento;1;0;4;;;;1
18/06/2015;07:16:00;123;sem vítima;510;BR-153/GO;Norte;Engavetamento;1;4;;;;;1
18/06/2015;16:15:00;482;sem vítima;578;BR-262/MG;Oeste;Tombamento;1;1;;;;;1
18/06/2015;12:42:00;369;ac01 - Acidente com Vítima Fatal;190;BR-153/MG;Sul;Outros - sequências;2;1;1;;;1;3
18/06/2015;08:52:00;212;sem vítima;195;BR-153/MG;Sul;Colisão Traseira;2;2;;;;;1
19/06/2015;17:08:00;461;sem vítima;47,049;BR-153/MG;Sul;;1;1;;;;;1
19/06/2015;05:01:00;75;ac02 - Acidente com Vítima;75;BR-060/GO;Norte;Tombamento;1;1;1;;;;1
19/06/2015;09:51:00;217;sem vítima;472,5;BR-262/MG;Leste;Colisão Traseira;2;2;;;;;1
19/06/2015;06:19:00;88;ac01 - Acidente com Vítima Fatal;592;BR-262/MG;Leste;Colisão Transversal;1;1;1;;;3;3
19/06/2015;17:36:00;473;ac02 - Acidente com Vítima;602;BR-262/MG;Leste;Outros - sequências;1;1;1;;;;1
20/06/2015;22:26:00;747;ac02 - Acidente com Vítima;1;BR-153/MG;Norte;Colisão Lateral;1;1;1;;;;1
20/06/2015;14:37:00;480;sem vítima;517;BR-153/GO;Sul;Colisão Traseira;1;2;;;;;1
20/06/2015;18:00:00;648;sem vítima;673,2;BR-153/GO;Sul;Carreta deu L;1;1;;;;;1
22/06/2015;07:33:00;131;sem vítima;493;BR-153/GO;Sul;Colisão Lateral;2;2;;;;;1
22/06/2015;19:12:00;501;ac02 - Acidente com Vítima;17;BR-153/MG;Norte;Saida de Pista;1;0;1;;;;1
22/06/2015;13:19:00;347;sem vítima;118;BR-060/GO;Sul;Colisão Lateral;1;2;;;;;1
23/06/2015;06:15:00;107;sem vítima;490;BR-153/GO;Sul;Colisão Lateral;1;2;;;;;1
23/06/2015;15:38:00;389;sem vítima;451,5;BR-262/MG;Leste;Colisão Traseira;2;2;;;;;1
23/06/2015;11:43:00;275;sem vítima;86;BR-060/GO;Sul;Tombamento;1;2;;;;;1
23/06/2015;06:39:00;121;sem vítima;513,5;BR-153/GO;Sul;Colisão Lateral;1;2;;;;;1
23/06/2015;07:50:00;137;sem vítima;554;BR-262/MG;Oeste;Saida de Pista;1;1;;;;;1
23/06/2015;06:16:00;108;sem vítima;650;BR-262/MG;Oeste;Colisão Lateral;1;2;;;;;1