data;horario;n_da_ocorrencia;tipo_de_ocorrencia;km;trecho;sentido;tipo_de_acidente;caminhao;ilesos;levemente_feridos;moderadamente_feridos;gravemente_feridos;mortos;3
23/06/2015;17:32:00;445;ac02 - Acidente com Vítima;746;BR-262/MG;Leste;Tombamento;1;0;1;;;;1
23/06/2015;12:15:00;292;ac01 - Acidente com Vítima Fatal;137,7;BR-060/GO;Sul;Atropelamento - Ambulante;1;1;;;;1;3
24/06/2015;19:04:00;513;sem vítima;30,3;BR-060/GO;Sul;Colisão Traseira;1;2;;;;;1
24/06/2015;20:52:00;549;ac02 - Acidente com Vítima;477;BR-262/MG;Oeste;Outros - sequências;1;0;2;;;;1
24/06/2015;21:27:00;565;ac02 - Acidente com Vítima;553;BR-262/MG;Leste;Saida de Pista;1;0;2;;;;1
24/06/2015;21:32:00;568;sem vítima;697,7;BR-153/GO;Norte;Colisão Frontal;1;2;;;;;1
25/06/2015;16:11:00;500;sem vítima;389;BR-262/MG;Oeste;Choque - Cancela de Pedagio;1;1;;;;;1
25/06/2015;18:14:00;568;sem vítima;500;BR-153/GO;Sul;Colisão Lateral;1;2;;;;;1
25/06/2015;23:55:00;729;sem vítima;443;BR-262/MG;Leste;Tombamento;1;2;;;;;1
25/06/2015;11:42:00;307;sem vítima;462;BR-262/MG;Leste;Saida de Pista;1;3;;;;;1
25/06/2015;03:40:00;74;sem vítima;116,9;BR-060/GO;Sul;Colisão Lateral;2;2;;;;;1
25/06/2015;20:52:00;643;sem vítima;782;BR-262/MG;Leste;Tombamento;1;2;;;;;1
26/06/2015;11:05:00;253;ac02 - Acidente com Vítima;144,6;BR-153/MG;Norte;Colisão Traseira;2;1;1;;;;1
27/06/2015;14:12:00;341;sem vítima;493;BR-153/GO;Norte;Colisão Lateral;1;2;;;;;1
27/06/2015;19:04:00;519;ac01 - Acidente com Vítima Fatal;369;BR-262/MG;Leste;Colisão Lateral;1;1;1;;;1;3
27/06/2015;19:14:00;521;sem vítima;25,4;BR-153/MG;Norte;Atropelamento - Animal;1;1;;;;;1
27/06/2015;20:00:00;548;sem vítima;567;BR-262/MG;Leste;Carreta deu L;1;1;;;;;1
27/06/2015;18:30:00;510;sem vítima;632;BR-262/MG;Leste;Colisão Lateral;1;2;;;;;1
27/06/2015;09:58:00;210;sem vítima;800;BR-262/MG;Leste;Tombamento;1;1;;;;;1
29/06/2015;21:27:00;728;sem vítima;512;BR-262/MG;Leste;Choque - Suporte de Sinalização;1;1;;;;;1
29/06/2015;21:18:00;723;ac02 - Acidente com Vítima;649;BR-262/MG;Leste;Tombamento;1;0;1;;;;1
30/06/2015;08:45:00;199;ac02 - Acidente com Vítima;707;BR-262/MG;Leste;Tombamento;1;0;1;;;;1
30/06/2015;08:53:00;213;ac02 - Acidente com Vítima;620,9;BR-153/GO;Norte;Outros - sequências;1;0;3;;;;1
01/07/2015;09:12:00;190;sem vítima;493;BR-153/GO;Norte;Colisão Lateral;1;2;;;;;1
01/07/2015;00:00:00;1;ac02 - Acidente com Vítima;548,7;BR-262/MG;Leste;Tombamento;1;0;1;;;;1
01/07/2015;06:23:00;95;ac01 - Acidente com Vítima Fatal;535,7;BR-153/GO;Sul;Colisão Frontal;1;0;1;;;3;3
02/07/2015;16:59:00;523;sem vítima;107;BR-060/GO;Norte;Colisão Traseira;1;2;;;;;1
02/07/2015;08:50:00;174;sem vítima;633;BR-262/MG;Leste;Colisão Traseira;2;2;;;;;1
02/07/2015;14:35:00;413;ac02 - Acidente com Vítima;669;BR-262/MG;Oeste;Colisão Traseira;2;0;2;;;;1
02/07/2015;11:28:00;298;sem vítima;227,9;BR-153/MG;Sul;Colisão Traseira;2;2;;;;;1
03/07/2015;07:34:00;172;sem vítima;495;BR-153/GO;Sul;Colisão Traseira;1;2;;;;;1
04/07/2015;13:21:00;330;ac02 - Acidente com Vítima;31,1;BR-060/GO;Norte;Atropelamento - Morador;1;1;;;1;;2
04/07/2015;15:21:00;396;sem vítima;60;BR-060/GO;Sul;Colisão Traseira;1;2;;;;;1
04/07/2015;07:44:00;139;sem vítima;451,5;BR-262/MG;Oeste;Tombamento;1;2;;;;;1
04/07/2015;06:58:00;128;ac02 - Acidente com Vítima;130;BR-153/MG;Norte;Tombamento;1;0;1;;;;1
04/07/2015;20:41:00;572;sem vítima;213,5;BR-153/MG;Norte;Atropelamento - Animal;1;1;;;;;1
04/07/2015;18:27:00;508;sem vítima;656,2;BR-153/GO;Sul;Tombamento;1;1;;;;;1
05/07/2015;15:19:00;355;ac02 - Acidente com Vítima;24,7;BR-153/MG;Sul;Colisão Traseira;1;0;2;;;;1
05/07/2015;21:27:00;549;sem vítima;127,9;BR-153/MG;Norte;Colisão Traseira;2;2;;;;;1
05/07/2015;07:06:00;102;sem vítima;160;BR-153/MG;Sul;Atropelamento - Animal;1;1;;;;;1
06/07/2015;12:07:00;326;sem vítima;4;BR-153/MG;Norte;Tombamento;1;1;;;;;1
06/07/2015;13:52:00;381;sem vítima;43;BR-060/GO;Sul;Colisão Traseira;1;2;;;;;1
06/07/2015;10:34:00;261;ac02 - Acidente com Vítima;508;BR-153/GO;Norte;Engavetamento;2;2;1;;;;1
06/07/2015;23:15:00;678;sem vítima;533,2;BR-153/GO;Norte;Choque - Objeto sobre a pista;1;2;;;;;1
06/07/2015;13:34:00;371;sem vítima;553;BR-153/GO;Norte;Colisão Lateral;1;2;;;;;1
06/07/2015;08:13:00;157;ac02 - Acidente com Vítima;181;BR-153/MG;Sul;Colisão Traseira;2;0;2;;;;1
06/07/2015;05:46:00;81;ac01 - Acidente com Vítima Fatal;231,1;BR-153/MG;Sul;Colisão Frontal;1;0;1;;;1;3
07/07/2015;05:59:00;111;ac02 - Acidente com Vítima;448;BR-262/MG;Leste;Atropelamento - Ciclista;1;1;;1;;;2
07/07/2015;18:27:00;574;sem vítima;99;BR-060/GO;Sul;Colisão Lateral;1;2;;;;;1
07/07/2015;15:46:00;468;sem vítima;107;BR-060/GO;Sul;Colisão Traseira;1;2;;;;;1
08/07/2015;10:52:00;229;sem vítima;364;BR-262/MG;Oeste;Tombamento;1;1;;;;;1
08/07/2015;15:45:00;346;sem vítima;495;BR-153/GO;Sul;Colisão Traseira;1;2;;;;;1
08/07/2015;07:40:00;129;ac02 - Acidente com Vítima;31;BR-153/MG;Sul;Colisão Traseira;1;2;1;;;;1
08/07/2015;07:42:00;130;ac02 - Acidente com Vítima;76,8;BR-153/MG;Sul;Colisão Lateral;3;0;3;;;;1
08/07/2015;08:00:00;140;ac02 - Acidente com Vítima;113;BR-153/MG;Norte;Colisão Traseira;1;0;2;;;;1
08/07/2015;14:28:00;298;sem vítima;522;BR-153/GO;Sul;Saida de Pista;1;1;;;;;1
08/07/2015;08:40:00;170;sem vítima;125;BR-153/MG;Norte;Colisão Lateral;2;2;;;;;1
08/07/2015;13:58:00;288;ac02 - Acidente com Vítima;188;BR-153/MG;Sul;Outros - sequências;1;0;1;;;;1
09/07/2015;08:34:00;141;ac02 - Acidente com Vítima;135;BR-153/MG;Sul;Colisão Traseira;3;1;1;1;;;2
09/07/2015;14:18:00;357;ac02 - Acidente com Vítima;570;BR-153/GO;Norte;Colisão Lateral;1;1;2;;;;1
09/07/2015;16:51:00;444;sem vítima;803;BR-262/MG;Leste;Colisão Lateral;1;2;;;;;1
09/07/2015;14:25:00;359;ac02 - Acidente com Vítima;811;BR-262/MG;Oeste;Choque - Veiculo parado no acostamento;1;1;;1;;;2
10/07/2015;17:49:00;576;sem vítima;127,9;BR-153/MG;Sul;Colisão Traseira;2;2;;;;;1
11/07/2015;21:20:00;688;sem vítima;507;BR-153/GO;Sul;Colisão Lateral;1;2;;;;;1
11/07/2015;07:59:00;182;ac02 - Acidente com Vítima;58;BR-153/MG;Norte;Tombamento;1;0;3;;;;1
11/07/2015;05:02:00;112;sem vítima;128,9;BR-153/MG;Norte;Saida de Pista;1;1;;;;;1
11/07/2015;13:06:00;405;sem vítima;99;BR-060/GO;Sul;Colisão Traseira;2;2;;;;;1
12/07/2015;19:29:00;486;sem vítima;501,3;BR-153/GO;Sul;Outros - sequências;1;2;;;;;1
12/07/2015;19:08:00;474;ac01 - Acidente com Vítima Fatal;45,8;BR-153/MG;Norte;Colisão Traseira;1;0;1;;;1;3
12/07/2015;10:45:00;209;ac01 - Acidente com Vítima Fatal;451,8;BR-262/MG;Leste;Colisão Frontal;1;0;1;;;1;3
13/07/2015;20:18:00;524;ac02 - Acidente com Vítima;48;BR-060/GO;Sul;Outros - sequências;1;1;;1;;;2
13/07/2015;04:43:00;59;ac02 - Acidente com Vítima;184,4;BR-153/MG;Sul;Colisão Transversal;2;2;2;;;;1
13/07/2015;02:42:00;39;ac02 - Acidente com Vítima;621;BR-262/MG;Leste;Tombamento;1;0;1;;;;1
13/07/2015;12:01:00;290;ac02 - Acidente com Vítima;136;BR-060/GO;Sul;Outros - sequências;1;2;5;5;1;;2
14/07/2015;12:08:00;331;ac02 - Acidente com Vítima;614;BR-153/GO;Sul;Saida de Pista;2;2;;1;;;2
14/07/2015;00:27:00;8;sem vítima;754;BR-262/MG;Oeste;Colisão Lateral;1;3;;;;;1
14/07/2015;10:41:00;271;ac02 - Acidente com Vítima;696,4;BR-153/GO;Norte;Tombamento;1;0;1;;;;1
15/07/2015;15:46:00;474;sem vítima;463;BR-262/MG;Leste;Engavetamento;1;4;;;;;1
15/07/2015;10:00:00;242;ac02 - Acidente com Vítima;9;BR-060/DF;Norte;Tombamento;1;1;1;;;;1
15/07/2015;21:34:00;663;ac02 - Acidente com Vítima;544;BR-262/MG;Oeste;Colisão Traseira;2;0;3;;;;1
15/07/2015;14:12:00;416;ac01 - Acidente com Vítima Fatal;583,2;BR-262/MG;Leste;Capotamento;1;0;;;;1;3
15/07/2015;20:03:00;600;sem vítima;225,3;BR-153/MG;Norte;Atropelamento - Animal;1;1;;;;;1
16/07/2015;19:42:00;601;ac02 - Acidente com Vítima;428;BR-262/MG;Leste;Colisão Traseira;2;1;;1;;;2
16/07/2015;20:20:00;622;sem vítima;480;BR-262/MG;Oeste;Saida de Pista;1;1;;;;;1
16/07/2015;08:14:00;175;sem vítima;514,3;BR-153/GO;Sul;Colisão Traseira;1;2;;;;;1
16/07/2015;23:43:00;715;ac02 - Acidente com Vítima;175;BR-153/MG;Sul;Colisão Transversal;2;1;2;;;;1
16/07/2015;09:15:00;224;sem vítima;116;BR-060/GO;Sul;Colisão Traseira;1;2;;;;;1
17/07/2015;07:47:00;142;ac02 - Acidente com Vítima;29;BR-153/MG;Sul;Colisão Traseira;1;2;1;;;;1
17/07/2015;18:33:00;595;ac02 - Acidente com Vítima;476;BR-262/MG;Oeste;Tombamento;1;0;1;;;;1
17/07/2015;22:09:00;709;ac02 - Acidente com Vítima;549;BR-262/MG;Leste;Saida de Pista;1;0;;1;;;2
17/07/2015;14:20:00;434;ac02 - Acidente com Vítima;553,5;BR-262/MG;Oeste;Colisão Traseira;3;0;3;;;;1
18/07/2015;13:41:00;357;ac02 - Acidente com Vítima;493,6;BR-153/GO;Sul;Colisão Lateral;1;0;6;;;;1
18/07/2015;17:11:00;503;sem vítima;668,6;BR-153/GO;Sul;Outros - sequências;1;2;;;;;1
19/07/2015;00:42:00;10;ac02 - Acidente com Vítima;442;BR-262/MG;Leste;Colisão Lateral;1;1;1;1;;;2
20/07/2015;15:03:00;452;sem vítima;494,6;BR-153/GO;Norte;Colisão Lateral;2;2;;;;;1
20/07/2015;11:04:00;293;ac02 - Acidente com Vítima;484;BR-262/MG;Leste;Tombamento;1;5;1;;;;1
20/07/2015;15:13:00;458;sem vítima;536,6;BR-153/GO;Sul;Tombamento;1;1;;;;;1
20/07/2015;15:56:00;489;sem vítima;118;BR-060/GO;Sul;Colisão Traseira;2;2;;;;;1
20/07/2015;17:18:00;529;sem vítima;132,7;BR-060/GO;Norte;Carreta deu L;1;1;;;;;1
20/07/2015;20:24:00;632;sem vítima;671,9;BR-153/GO;Sul;Saida de Pista;1;2;;;;;1
21/07/2015;22:41:00;663;ac01 - Acidente com Vítima Fatal;368,8;BR-262/MG;Leste;Atropelamento - Usuário;1;1;;;;1;3
21/07/2015;15:01:00;408;ac02 - Acidente com Vítima;126;BR-153/MG;Norte;Tombamento;1;0;;1;;;2
21/07/2015;07:00:00;88;sem vítima;138;BR-153/MG;Norte;Colisão Lateral;1;3;;;;;1
21/07/2015;13:20:00;334;ac02 - Acidente com Vítima;153,7;BR-153/MG;Sul;Capotamento;1;0;2;;;;1
22/07/2015;18:17:00;643;sem vítima;34;BR-060/GO;Norte;Colisão Traseira;2;2;;;;;1
22/07/2015;16:46:00;585;ac02 - Acidente com Vítima;69,6;BR-153/MG;Norte;Tombamento;2;1;2;;;;1
22/07/2015;08:54:00;222;ac02 - Acidente com Vítima;548;BR-262/MG;Leste;Tombamento;1;1;1;;;;1
22/07/2015;07:22:00;130;sem vítima;631;BR-262/MG;Leste;Colisão Lateral;1;2;;;;;1
22/07/2015;14:24:00;474;ac02 - Acidente com Vítima;629;BR-153/GO;Norte;Outros - sequências;1;1;1;;;;1
22/07/2015;03:34:00;62;ac02 - Acidente com Vítima;644,7;BR-153/GO;Sul;Saida de Pista;1;0;2;;;;1
23/07/2015;19:26:00;653;ac01 - Acidente com Vítima Fatal;493,7;BR-153/GO;Sul;Outros - sequências;1;2;;;;1;3
23/07/2015;11:36:00;331;ac02 - Acidente com Vítima;45;BR-153/MG;Norte;Colisão Traseira;1;1;3;;;;1
23/07/2015;20:33:00;683;ac02 - Acidente com Vítima;755;BR-262/MG;Leste;Tombamento;1;0;1;;;;1
24/07/2015;14:57:00;519;sem vítima;490;BR-153/GO;Norte;Colisão Traseira;1;2;;;;;1
24/07/2015;16:12:00;585;ac02 - Acidente com Vítima;31;BR-153/MG;Sul;Saida de Pista;1;0;1;;;;1
24/07/2015;14:59:00;520;sem vítima;103,5;BR-060/GO;Norte;Colisão Traseira;1;2;;;;;1
24/07/2015;19:10:00;705;ac01 - Acidente com Vítima Fatal;173,5;BR-153/MG;Norte;Colisão Frontal;1;1;2;1;1;1;3
25/07/2015;08:56:00;220;ac02 - Acidente com Vítima;364;BR-262/MG;Oeste;Tombamento;1;0;1;;;;1
25/07/2015;18:11:00;549;ac02 - Acidente com Vítima;33;BR-060/GO;Norte;Colisão Transversal;1;1;4;;;;1
26/07/2015;12:47:00;330;ac02 - Acidente com Vítima;27;BR-153/MG;Norte;Tombamento;1;0;1;;;;1
26/07/2015;19:46:00;586;sem vítima;475,5;BR-262/MG;Leste;Saida de Pista;1;1;;;;;1
26/07/2015;15:18:00;415;ac02 - Acidente com Vítima;480,3;BR-262/MG;Oeste;Outros - sequências;1;1;3;1;;;2
26/07/2015;18:40:00;559;ac02 - Acidente com Vítima;510;BR-262/MG;Leste;Colisão Frontal;1;1;2;;1;;2
26/07/2015;17:42:00;522;sem vítima;555;BR-262/MG;Leste;Saida de Pista;1;1;;;;;1
27/07/2015;22:15:00;703;sem vítima;415;BR-262/MG;Leste;Tombamento;1;1;;;;;1
27/07/2015;19:19:00;634;ac02 - Acidente com Vítima;81,5;BR-153/MG;Sul;Capotamento;1;0;1;;;;1
27/07/2015;16:35:00;536;sem vítima;900;BR-262/MG;Leste;Tombamento;1;1;;;;;1
28/07/2015;00:00:00;6;sem vítima;7;BR-060/GO;Sul;Atropelamento - Animal;1;1;;;;;1
28/07/2015;14:48:00;420;ac02 - Acidente com Vítima;67;BR-060/GO;Norte;Colisão Traseira;1;1;;;1;;2
28/07/2015;16:55:00;509;sem vítima;505,4;BR-153/GO;Sul;Colisão Lateral;1;2;;;;;1
28/07/2015;10:28:00;260;sem vítima;586,9;BR-153/GO;Norte;Tombamento;1;1;;;;;1
28/07/2015;23:08:00;679;ac02 - Acidente com Vítima;692;BR-262/MG;Oeste;Colisão Traseira;2;0;2;;;;1
28/07/2015;08:24:00;154;ac02 - Acidente com Vítima;803;BR-262/MG;Oeste;Colisão Traseira;1;1;1;;;;1
29/07/2015;05:18:00;74;ac02 - Acidente com Vítima;72,8;BR-060/GO;Norte;Saida de Pista;2;1;2;;;;1
29/07/2015;19:54:00;613;ac02 - Acidente com Vítima;774;BR-262/MG;Oeste;Tombamento;1;0;1;;;;1
30/07/2015;05:15:00;102;sem vítima;0,5;BR-153/MG;Sul;Colisão Lateral;2;2;;;;;1
30/07/2015;03:03:00;51;sem vítima;441;BR-262/MG;Oeste;Saida de Pista;1;1;;;;;1
31/07/2015;17:23:00;585;sem vítima;11;BR-060/GO;Sul;Colisão Traseira;2;2;;;;;1
31/07/2015;05:47:00;120;sem vítima;476;BR-262/MG;Oeste;Colisão Traseira;1;2;;;;;1
31/07/2015;17:57:00;611;sem vítima;510;BR-153/GO;Sul;Colisão Lateral;1;2;;;;;1
31/07/2015;03:50:00;95;ac02 - Acidente com Vítima;591,2;BR-153/GO;Norte;Capotamento;1;0;1;;;;1
31/07/2015;18:09:00;624;ac01 - Acidente com Vítima Fatal;786;BR-262/MG;Oeste;Choque - Outros;3;0;4;1;;1;3
01/08/2015;01:07:00;29;ac02 - Acidente com Vítima;96,3;BR-060/GO;Norte;Colisão Traseira;1;1;;1;;;2
01/08/2015;18:46:00;579;sem vítima;544;BR-153/GO;Norte;Colisão Lateral;1;2;;;;;1
01/08/2015;19:41:00;601;ac02 - Acidente com Vítima;626;BR-262/MG;Leste;Colisão Lateral;1;1;1;;;;1
02/08/2015;19:09:00;547;sem vítima;578;BR-262/MG;Oeste;Colisão Lateral;1;2;;;;;1
02/08/2015;21:24:00;620;sem vítima;107;BR-060/GO;Sul;Colisão Lateral;1;2;;;;;1
02/08/2015;11:22:00;261;sem vítima;115;BR-060/GO;Norte;Saida de Pista;1;1;;;;;1
02/08/2015;00:54:00;30;ac02 - Acidente com Vítima;699;BR-153/GO;Norte;Colisão Lateral;1;0;5;;;;1
03/08/2015;11:05:00;308;sem vítima;506;BR-153/GO;Sul;Engavetamento;1;3;;;;;1
03/08/2015;12:37:00;358;ac02 - Acidente com Vítima;586;BR-262/MG;Leste;Colisão Transversal;1;0;2;;;;1
03/08/2015;05:41:00;101;ac02 - Acidente com Vítima;168;BR-153/MG;Norte;Colisão Lateral;1;2;4;;;;1
04/08/2015;22:12:00;645;sem vítima;2;BR-060/DF;Norte;Tombamento;1;1;;;;;1
04/08/2015;23:32:00;672;ac02 - Acidente com Vítima;496;BR-153/GO;Sul;Atropelamento - Andarilho;1;1;;1;;;2
04/08/2015;05:12:00;91;sem vítima;410;BR-262/MG;Oeste;Colisão Lateral;1;2;;;;;1
04/08/2015;15:15:00;449;sem vítima;554;BR-262/MG;Oeste;Tombamento;1;1;;;;;1
04/08/2015;07:39:00;142;sem vítima;556;BR-262/MG;Oeste;Colisão Traseira;2;2;;;;;1
04/08/2015;11:11:00;309;ac02 - Acidente com Vítima;227,9;BR-153/MG;Norte;Colisão Traseira;2;1;;;2;;2
04/08/2015;09:51:00;243;ac02 - Acidente com Vítima;136;BR-060/GO;Sul;Outros - sequências;4;3;16;1;;;2
05/08/2015;06:03:00;101;ac02 - Acidente com Vítima;71;BR-060/GO;Sul;Colisão Traseira;2;0;5;;;;1
05/08/2015;18:37:00;559;sem vítima;94;BR-060/GO;Norte;Colisão Lateral;1;2;;;;;1
06/08/2015;08:04:00;126;sem vítima;494;BR-153/GO;Sul;Engavetamento;1;4;;;;;1
06/08/2015;12:11:00;301;sem vítima;498;BR-153/GO;Sul;Carreta deu L;1;1;;;;;1
06/08/2015;18:08:00;531;sem vítima;407;BR-262/MG;Leste;Carreta deu L;1;1;;;;;1
06/08/2015;07:05:00;100;ac02 - Acidente com Vítima;4;BR-060/DF;Sul;Colisão Lateral;1;1;1;;;;1
06/08/2015;11:36:00;289;sem vítima;546;BR-153/GO;Sul;Saida de Pista;1;1;;;;;1
06/08/2015;08:44:00;159;sem vítima;129;BR-060/GO;Norte;Colisão Lateral;1;2;;;;;1
06/08/2015;11:28:00;285;sem vítima;697,5;BR-153/GO;Sul;Tombamento;1;1;;;;;1
07/08/2015;23:36:00;735;ac02 - Acidente com Vítima;388,7;BR-262/MG;Oeste;Tombamento;1;0;;1;;;2
07/08/2015;20:51:00;675;ac02 - Acidente com Vítima;45;BR-060/GO;Norte;Colisão Traseira;1;0;6;;;;1
07/08/2015;00:12:00;5;sem vítima;504;BR-262/MG;Oeste;Saida de Pista;1;1;;;;;1
08/08/2015;19:47:00;581;sem vítima;449;BR-262/MG;Oeste;Colisão Traseira;1;2;;;;;1
08/08/2015;19:16:00;564;sem vítima;577;BR-262/MG;Oeste;Colisão Transversal;1;2;;;;;1
08/08/2015;10:46:00;297;ac02 - Acidente com Vítima;696,6;BR-153/GO;Norte;Outros - sequências;1;0;4;;;;1
09/08/2015;04:02:00;84;ac02 - Acidente com Vítima;20;BR-153/MG;Sul;Saida de Pista;1;0;1;;;;1
09/08/2015;07:01:00;122;ac02 - Acidente com Vítima;741;BR-262/MG;Leste;Saida de Pista;1;0;1;;;;1
10/08/2015;09:45:00;204;sem vítima;494;BR-153/GO;Sul;Colisão Lateral;2;2;;;;;1
10/08/2015;04:46:00;77;sem vítima;398;BR-262/MG;Leste;Carreta deu L;1;1;;;;;1
10/08/2015;07:06:00;98;ac02 - Acidente com Vítima;96;BR-060/GO;Sul;Colisão Traseira;1;1;1;;;;1
11/08/2015;09:00:00;181;sem vítima;195;BR-153/MG;Sul;"Choque - Defensa, barreira ou ""submarino""";1;1;;;;;1
11/08/2015;05:28:00;84;ac02 - Acidente com Vítima;677;BR-153/GO;Sul;Colisão Traseira;2;1;1;;;;1
12/08/2015;22:38:00;683;ac02 - Acidente com Vítima;20,5;BR-060/GO;Sul;Outros - sequências;1;1;;;1;;2
12/08/2015;01:14:00;34;sem vítima;383;BR-262/MG;Leste;Saida de Pista;1;1;;;;;1
12/08/2015;18:08:00;547;sem vítima;594,5;BR-153/GO;Sul;Saida de Pista;1;1;;;;;1
13/08/2015;13:02:00;303;ac02 - Acidente com Vítima;7;BR-060/DF;Norte;Colisão Traseira;2;1;1;;;;1
13/08/2015;23:57:00;627;sem vítima;516;BR-153/GO;Norte;Colisão Traseira;1;2;;;;;1
13/08/2015;14:17:00;348;ac02 - Acidente com Vítima;30;BR-060/DF;Sul;Atropelamento - Morador;1;1;;1;;;2
13/08/2015;10:34:00;209;ac02 - Acidente com Vítima;837;BR-262/MG;Leste;Colisão Lateral;1;1;1;;;;1
14/08/2015;00:06:00;2;ac02 - Acidente com Vítima;408;BR-262/MG;Leste;Colisão Lateral;1;0;2;;;;1
14/08/2015;14:07:00;338;ac02 - Acidente com Vítima;73,5;BR-153/MG;Norte;Outros - sequências;1;0;1;;;;1
14/08/2015;14:11:00;342;sem vítima;640;BR-153/GO;Norte;Carreta deu L;1;1;;;;;1
15/08/2015;15:59:00;423;sem vítima;360;BR-262/MG;Leste;Engavetamento;1;3;;;;;1
15/08/2015;14:52:00;378;ac02 - Acidente com Vítima;137;BR-060/GO;Sul;Outros - sequências;2;2;;;1;;2
16/08/2015;08:12:00;130;sem vítima;506;BR-153/GO;Norte;Colisão Traseira;1;2;;;;;1
16/08/2015;09:49:00;188;ac02 - Acidente com Vítima;539;BR-262/MG;Oeste;Tombamento;1;0;1;;;;1
16/08/2015;03:04:00;60;sem vítima;97;BR-060/GO;Sul;Colisão Traseira;1;2;;;;;1
16/08/2015;17:38:00;458;sem vítima;600,1;BR-153/GO;Sul;Colisão Traseira;1;2;;;;;1
17/08/2015;21:24:00;591;ac02 - Acidente com Vítima;41;BR-060/GO;Norte;Tombamento;1;0;1;;;;1
17/08/2015;08:06:00;155;sem vítima;503,4;BR-153/GO;Sul;Colisão Lateral;1;2;;;;;1
17/08/2015;15:50:00;426;ac02 - Acidente com Vítima;58;BR-153/MG;Norte;Engavetamento;2;0;4;;;;1
17/08/2015;10:58:00;263;ac02 - Acidente com Vítima;509;BR-153/GO;Norte;Colisão Lateral;1;1;;2;;;2
17/08/2015;00:41:00;7;sem vítima;553,5;BR-262/MG;Leste;Saida de Pista;1;1;;;;;1
17/08/2015;19:56:00;559;sem vítima;817;BR-262/MG;Leste;Saida de Pista;1;1;;;;;1
18/08/2015;16:34:00;460;ac02 - Acidente com Vítima;69,6;BR-153/MG;Sul;Tombamento;1;0;1;;;;1
18/08/2015;21:13:00;609;ac02 - Acidente com Vítima;520;BR-262/MG;Leste;Colisão Lateral;1;1;2;;;;1
18/08/2015;14:59:00;395;sem vítima;108;BR-060/GO;Sul;Colisão Lateral;1;2;;;;;1
19/08/2015;17:12:00;456;sem vítima;498;BR-153/GO;Norte;Outros - sequências;1;2;;;;;1
19/08/2015;13:51:00;344;ac02 - Acidente com Vítima;503;BR-153/GO;Norte;Outros - sequências;1;1;1;;;;1
19/08/2015;00:55:00;18;ac02 - Acidente com Vítima;76;BR-153/MG;Norte;Saida de Pista;1;0;1;;;;1
19/08/2015;15:02:00;382;sem vítima;92,7;BR-060/GO;Sul;Tombamento;1;1;;;;;1
19/08/2015;20:47:00;545;ac02 - Acidente com Vítima;582;BR-262/MG;Leste;Colisão Lateral;1;1;5;;;;1
20/08/2015;19:40:00;620;sem vítima;497;BR-153/GO;Sul;Colisão Lateral;1;2;;;;;1
20/08/2015;17:11:00;507;sem vítima;553;BR-262/MG;Leste;Tombamento;1;1;;;;;1
20/08/2015;16:10:00;467;sem vítima;126;BR-060/GO;Norte;Colisão Lateral;1;2;;;;;1
20/08/2015;05:49:00;88;ac02 - Acidente com Vítima;666,8;BR-153/GO;Norte;Tombamento;1;1;1;;;;1
21/08/2015;18:23:00;551;sem vítima;492;BR-153/GO;Norte;Colisão Lateral;1;2;;;;;1
21/08/2015;16:58:00;481;ac02 - Acidente com Vítima;412;BR-262/MG;Leste;Choque - Outros;1;0;2;;;;1
21/08/2015;11:30:00;304;ac02 - Acidente com Vítima;80;BR-060/GO;Norte;Colisão Traseira;1;1;1;;;;1
22/08/2015;02:09:00;37;sem vítima;499;BR-153/GO;Sul;Colisão Traseira;1;2;;;;;1
22/08/2015;13:02:00;329;sem vítima;417,9;BR-262/MG;Leste;Colisão Lateral;1;2;;;;;1
22/08/2015;17:59:00;517;ac02 - Acidente com Vítima;36,7;BR-153/MG;Norte;Colisão Traseira;2;2;1;;;;1
22/08/2015;14:59:00;392;sem vítima;608;BR-153/GO;Sul;Engavetamento;2;3;;;;;1
22/08/2015;11:18:00;268;sem vítima;839;BR-262/MG;Leste;Choque - Talude;1;1;;;;;1
22/08/2015;11:03:00;261;ac02 - Acidente com Vítima;702;BR-153/GO;Sul;Atropelamento - Outros;1;1;1;;;;1
23/08/2015;18:59:00;521;ac02 - Acidente com Vítima;429;BR-262/MG;Leste;Colisão Lateral;1;1;1;;;;1
23/08/2015;11:29:00;264;sem vítima;685,8;BR-153/GO;Norte;"Choque - Defensa, barreira ou ""submarino""";1;1;;;;;1
24/08/2015;07:40:00;152;ac02 - Acidente com Vítima;368,5;BR-262/MG;Leste;Tombamento;1;0;3;;;;1
25/08/2015;04:00:00;75;ac02 - Acidente com Vítima;353;BR-262/MG;Oeste;Colisão Traseira;2;3;1;;;;1
25/08/2015;14:38:00;430;sem vítima;496;BR-153/GO;Sul;Engavetamento;3;3;;;;;1
25/08/2015;19:27:00;618;ac02 - Acidente com Vítima;72,9;BR-060/GO;Norte;Tombamento;1;0;1;;;;1
25/08/2015;22:50:00;704;ac02 - Acidente com Vítima;55;BR-153/MG;Sul;Capotamento;1;1;1;1;;;2
25/08/2015;09:07:00;202;sem vítima;92,2;BR-153/MG;Norte;Choque - Objeto sobre a pista;1;1;;;;;1
25/08/2015;20:15:00;648;sem vítima;683,7;BR-153/GO;Sul;Carreta deu L;1;1;;;;;1
25/08/2015;10:18:00;247;sem vítima;245;BR-153/MG;Norte;Colisão Traseira;1;2;;;;;1
26/08/2015;16:45:00;462;sem vítima;495;BR-153/GO;Sul;Engavetamento;1;3;;;;;1
26/08/2015;05:36:00;64;sem vítima;405;BR-262/MG;Leste;Carreta deu L;1;2;;;;;1
27/08/2015;20:13:00;582;ac02 - Acidente com Vítima;3;BR-060/GO;Norte;Colisão Traseira;2;1;1;;;;1