data;horario;n_da_ocorrencia;tipo_de_ocorrencia;km;trecho;sentido;tipo_de_acidente;caminhao;ilesos;levemente_feridos;moderadamente_feridos;gravemente_feridos;mortos;3
27/08/2015;06:19:00;86;ac02 - Acidente com Vítima;239,1;BR-153/MG;Norte;Colisão Lateral;2;0;1;;1;;2
28/08/2015;16:21:00;456;ac02 - Acidente com Vítima;358;BR-262/MG;Leste;Colisão Traseira;1;2;1;1;;;2
28/08/2015;12:26:00;314;ac01 - Acidente com Vítima Fatal;4;BR-060/DF;Norte;Outros - sequências;1;2;1;;;1;3
28/08/2015;23:33:00;693;sem vítima;505;BR-153/GO;Sul;Colisão Lateral;1;2;;;;;1
28/08/2015;06:40:00;108;ac02 - Acidente com Vítima;573;BR-262/MG;Leste;Tombamento;1;0;1;;;;1
28/08/2015;11:26:00;287;sem vítima;577;BR-262/MG;Leste;;2;2;;;;;1
28/08/2015;15:35:00;425;sem vítima;107;BR-060/GO;Sul;Colisão Traseira;1;3;;;;;1
28/08/2015;10:32:00;255;sem vítima;110;BR-060/GO;Norte;Engavetamento;3;3;;;;;1
30/08/2015;12:24:00;259;sem vítima;653,2;BR-262/MG;Leste;Saida de Pista;1;3;;;;;1
30/08/2015;18:52:00;475;ac02 - Acidente com Vítima;241;BR-153/MG;Norte;Colisão Lateral;1;1;1;;;;1
31/08/2015;19:10:00;545;sem vítima;358;BR-262/MG;Oeste;Tombamento;1;1;;;;;1
31/08/2015;19:41:00;563;ac02 - Acidente com Vítima;501;BR-153/GO;Norte;Colisão Lateral;1;1;1;;;;1
31/08/2015;17:35:00;486;ac02 - Acidente com Vítima;505;BR-153/GO;Sul;Colisão Lateral;1;1;1;;;;1
31/08/2015;17:40:00;490;sem vítima;520;BR-262/MG;Oeste;Colisão Traseira;2;2;;;;;1
31/08/2015;10:42:00;256;ac02 - Acidente com Vítima;514;BR-153/GO;Norte;Colisão Lateral;1;2;1;;;;1
31/08/2015;22:40:00;645;ac02 - Acidente com Vítima;100;BR-060/GO;Norte;Atropelamento - Andarilho;1;0;1;;1;;2
31/08/2015;06:03:00;73;sem vítima;652;BR-262/MG;Oeste;Colisão Transversal;2;2;;;;;1
31/08/2015;06:30:00;110;sem vítima;652;BR-262/MG;Leste;Colisão Lateral;1;2;;;;;1
31/08/2015;02:23:00;36;ac02 - Acidente com Vítima;870;BR-262/MG;Oeste;Colisão Traseira;2;1;1;;;;1
01/09/2015;01:48:00;29;ac02 - Acidente com Vítima;11;BR-153/MG;Sul;Tombamento;1;0;;1;;;2
01/09/2015;06:01:00;97;ac02 - Acidente com Vítima;19;BR-153/MG;Sul;Atropelamento - Animal;2;0;2;;;;1
01/09/2015;17:41:00;537;sem vítima;506;BR-262/MG;Oeste;Colisão Lateral;2;2;;;;;1
01/09/2015;17:39:00;534;sem vítima;239,7;BR-153/MG;Sul;Carreta deu L;3;3;;;;;1
02/09/2015;11:46:00;276;sem vítima;100;BR-060/GO;Norte;Tombamento;1;2;;;;;1
02/09/2015;15:32:00;419;sem vítima;186,2;BR-153/MG;Sul;Colisão Traseira;1;2;;;;;1
02/09/2015;23:12:00;626;sem vítima;632;BR-262/MG;Leste;Tombamento;1;1;;;;;1
03/09/2015;09:17:00;165;sem vítima;73;BR-060/GO;Sul;Tombamento;1;1;;;;;1
03/09/2015;23:00:00;625;sem vítima;9;BR-060/DF;Sul;Carreta deu L;1;1;;;;;1
03/09/2015;13:36:00;324;sem vítima;99;BR-060/GO;Norte;Saida de Pista;1;1;;;;;1
04/09/2015;11:23:00;311;sem vítima;492;BR-153/GO;Sul;Colisão Traseira;1;2;;;;;1
04/09/2015;17:50:00;609;ac02 - Acidente com Vítima;17;BR-060/GO;Sul;Colisão Traseira;2;0;;1;1;;2
04/09/2015;07:59:00;142;sem vítima;78;BR-060/GO;Sul;Colisão Traseira;1;2;;;;;1
04/09/2015;05:05:00;75;sem vítima;108;BR-153/MG;Norte;Colisão Lateral;1;1;;;;;1
05/09/2015;01:47:00;49;sem vítima;510;BR-153/GO;Norte;Colisão Traseira;1;2;;;;;1
05/09/2015;15:21:00;521;ac02 - Acidente com Vítima;759;BR-262/MG;Leste;Colisão Frontal;1;0;3;1;;;2
06/09/2015;04:35:00;73;ac02 - Acidente com Vítima;80;BR-153/MG;Norte;Saida de Pista;1;0;1;;;;1
06/09/2015;18:14:00;637;ac02 - Acidente com Vítima;532;BR-153/GO;Sul;Tombamento;1;0;1;;;;1
06/09/2015;21:09:00;707;ac02 - Acidente com Vítima;131;BR-153/MG;Sul;Outros - sequências;1;0;7;1;;;2
06/09/2015;17:36:00;610;ac02 - Acidente com Vítima;166;BR-153/MG;Norte;Outros - sequências;1;1;2;2;;;2
07/09/2015;16:58:00;553;sem vítima;487;BR-262/MG;Leste;Colisão Traseira;2;2;;;;;1
08/09/2015;15:40:00;429;ac02 - Acidente com Vítima;440;BR-262/MG;Oeste;Colisão Traseira;1;1;;1;;;2
08/09/2015;10:22:00;231;ac02 - Acidente com Vítima;82;BR-060/GO;Norte;Capotamento;1;0;;1;;;2
08/09/2015;06:08:00;65;ac02 - Acidente com Vítima;577;BR-262/MG;Leste;Colisão Transversal;2;0;2;;;;1
08/09/2015;14:31:00;381;sem vítima;607;BR-153/GO;Sul;Colisão Traseira;2;2;;;;;1
08/09/2015;20:40:00;585;sem vítima;618;BR-153/GO;Norte;Atropelamento - Animal;1;1;;;;;1
09/09/2015;14:55:00;339;ac02 - Acidente com Vítima;378;BR-262/MG;Leste;Tombamento;1;0;1;;;;1
09/09/2015;12:00:00;307;ac02 - Acidente com Vítima;382;BR-262/MG;Oeste;Saida de Pista;1;0;1;;;;1
09/09/2015;18:06:00;430;sem vítima;399;BR-262/MG;Leste;Atropelamento - Usuário;1;2;;;;;1
09/09/2015;07:09:00;109;sem vítima;503;BR-153/GO;Norte;Outros - sequências;1;3;;;;;1
09/09/2015;12:53:00;281;ac02 - Acidente com Vítima;511,5;BR-153/GO;Norte;Outros - sequências;1;1;1;;;;1
09/09/2015;03:13:00;55;ac02 - Acidente com Vítima;549;BR-262/MG;Leste;Tombamento;1;0;1;;;;1
09/09/2015;10:28:00;219;sem vítima;118,9;BR-153/MG;Sul;Colisão Transversal;1;2;;;;;1
09/09/2015;15:37:00;364;sem vítima;583;BR-262/MG;Leste;Colisão Lateral;1;2;;;;;1
09/09/2015;21:49:00;506;ac02 - Acidente com Vítima;155;BR-153/MG;Norte;Colisão Lateral;1;0;1;1;;;2
09/09/2015;02:03:00;42;sem vítima;594;BR-262/MG;Leste;Outros - sequências;1;2;;;;;1
09/09/2015;00:21:00;10;ac02 - Acidente com Vítima;239;BR-153/MG;Norte;Saida de Pista;1;0;1;;;;1
10/09/2015;16:03:00;399;sem vítima;3,9;BR-153/MG;Norte;Saida de Pista;1;1;;;;;1
10/09/2015;07:39:00;117;sem vítima;368,5;BR-262/MG;Leste;Colisão Traseira;1;2;;;;;1
10/09/2015;07:07:00;95;sem vítima;42,55;BR-060/GO;Norte;Saida de Pista;1;1;;;;;1
10/09/2015;17:48:00;464;sem vítima;507;BR-153/GO;Sul;Engavetamento;2;3;;;;;1
10/09/2015;16:52:00;428;ac02 - Acidente com Vítima;508,5;BR-153/GO;Sul;Outros - sequências;1;2;;1;;;2
10/09/2015;08:43:00;155;sem vítima;109;BR-153/MG;Norte;Colisão Traseira;2;2;;;;;1
10/09/2015;11:26:00;261;ac02 - Acidente com Vítima;582;BR-262/MG;Oeste;Carreta deu L;1;0;1;;;;1
10/09/2015;21:59:00;555;sem vítima;552,8;BR-153/GO;Sul;Choque - Objeto sobre a pista;1;1;;;;;1
11/09/2015;01:53:00;38;ac02 - Acidente com Vítima;529;BR-153/GO;Norte;Tombamento;1;0;1;;;;1
11/09/2015;05:09:00;62;ac02 - Acidente com Vítima;610;BR-262/MG;Leste;Tombamento;1;0;3;;;;1
11/09/2015;04:52:00;58;sem vítima;239,5;BR-153/MG;Norte;Choque - Arvore;1;1;;;;;1
11/09/2015;15:20:00;344;sem vítima;138;BR-060/GO;Norte;Colisão Traseira;2;2;;;;;1
12/09/2015;07:09:00;77;sem vítima;443;BR-262/MG;Oeste;Tombamento;1;1;;;;;1
12/09/2015;01:19:00;24;sem vítima;510,5;BR-262/MG;Leste;Saida de Pista;1;1;;;;;1
12/09/2015;17:47:00;419;ac02 - Acidente com Vítima;96,8;BR-060/GO;Sul;Colisão Traseira;1;2;2;;;;1
12/09/2015;07:08:00;76;ac02 - Acidente com Vítima;581;BR-153/GO;Sul;Saida de Pista;1;0;2;;;;1
14/09/2015;07:02:00;92;sem vítima;58;BR-153/MG;Norte;Tombamento;1;1;;;;;1
14/09/2015;15:39:00;389;ac01 - Acidente com Vítima Fatal;503;BR-262/MG;Oeste;Colisão Frontal;1;1;;;;1;3
14/09/2015;12:23:00;282;ac02 - Acidente com Vítima;536;BR-153/GO;Sul;Tombamento;1;0;1;;;;1
15/09/2015;17:19:00;439;sem vítima;418;BR-262/MG;Oeste;Saida de Pista;1;1;;;;;1
15/09/2015;22:00:00;574;ac02 - Acidente com Vítima;58;BR-153/MG;Norte;Colisão Traseira;2;0;2;;;;1
15/09/2015;15:18:00;368;sem vítima;93,5;BR-060/GO;Sul;Choque - Outros;1;1;;;;;1
16/09/2015;10:12:00;232;ac02 - Acidente com Vítima;510;BR-153/GO;Norte;Colisão Traseira;1;0;2;;;;1
16/09/2015;13:59:00;347;sem vítima;121;BR-060/GO;Norte;Colisão Lateral;2;3;;;;;1
17/09/2015;07:54:00;152;sem vítima;33;BR-060/GO;Norte;Saida de Pista;1;2;;;;;1
17/09/2015;15:00:00;435;ac02 - Acidente com Vítima;558,6;BR-153/GO;Sul;Saida de Pista;1;0;1;;;;1
18/09/2015;06:30:00;107;sem vítima;1;BR-060/GO;Norte;Tombamento;1;1;;;;;1
18/09/2015;20:40:00;631;sem vítima;19;BR-153/MG;Norte;Choque - Objeto sobre a pista;1;1;;;;;1
18/09/2015;09:45:00;202;ac02 - Acidente com Vítima;512;BR-153/GO;Sul;Colisão Lateral;1;2;1;;;;1
18/09/2015;06:12:00;102;sem vítima;16;BR-060/DF;Norte;Colisão Traseira;1;3;;;;;1
18/09/2015;00:09:00;3;ac02 - Acidente com Vítima;582;BR-153/GO;Sul;Tombamento;1;0;1;;;;1
19/09/2015;16:27:00;366;sem vítima;107;BR-060/GO;Sul;Colisão Traseira;1;2;;;;;1
20/09/2015;18:28:00;550;ac01 - Acidente com Vítima Fatal;30;BR-060/GO;Norte;Colisão Frontal;1;1;;;;1;3
20/09/2015;15:51:00;448;sem vítima;153;BR-153/MG;Norte;Colisão Lateral;1;2;;;;;1
20/09/2015;18:18:00;541;ac01 - Acidente com Vítima Fatal;691,5;BR-262/MG;Oeste;Outros - sequências;2;1;1;;;1;3
21/09/2015;07:39:00;125;sem vítima;490;BR-153/GO;Norte;Colisão Lateral;1;2;;;;;1
21/09/2015;20:06:00;614;ac02 - Acidente com Vítima;414;BR-262/MG;Oeste;Atropelamento - Usuário;1;1;;;1;;2
21/09/2015;03:18:00;58;sem vítima;568;BR-262/MG;Leste;Tombamento;1;1;;;;;1
21/09/2015;08:36:00;162;ac02 - Acidente com Vítima;101;BR-060/GO;Sul;Colisão Transversal;1;0;2;;;;1
22/09/2015;11:55:00;292;sem vítima;34;BR-060/GO;Sul;Tombamento;1;1;;;;;1
22/09/2015;18:16:00;557;ac02 - Acidente com Vítima;520;BR-153/GO;Sul;Colisão Lateral;1;1;1;;;;1
22/09/2015;19:21:00;590;sem vítima;562;BR-262/MG;Leste;Saida de Pista;1;3;;;;;1
22/09/2015;09:11:00;163;sem vítima;633;BR-153/GO;Sul;Colisão Traseira;1;2;;;;;1
23/09/2015;20:55:00;595;sem vítima;496;BR-153/GO;Sul;Outros - sequências;1;2;;;;;1
23/09/2015;22:58:00;635;ac02 - Acidente com Vítima;510;BR-153/GO;Norte;Outros - sequências;1;0;3;;;;1
23/09/2015;21:57:00;616;sem vítima;599;BR-153/GO;Sul;Outros - sequências;2;2;;;;;1
24/09/2015;12:13:00;311;sem vítima;508;BR-153/GO;Sul;Colisão Traseira;2;2;;;;;1
24/09/2015;16:48:00;485;sem vítima;570;BR-262/MG;Oeste;Tombamento;1;1;;;;;1
24/09/2015;13:21:00;349;sem vítima;572;BR-262/MG;Oeste;Colisão Transversal;1;5;;;;;1
24/09/2015;20:45:00;620;sem vítima;113;BR-060/GO;Sul;Saida de Pista;1;1;;;;;1
24/09/2015;15:40:00;443;ac02 - Acidente com Vítima;241,9;BR-153/MG;Norte;Colisão Lateral;3;2;;1;;;2
25/09/2015;00:30:00;14;sem vítima;45;BR-153/MG;Norte;Colisão Traseira;2;2;;;;;1
25/09/2015;04:52:00;88;ac02 - Acidente com Vítima;476;BR-262/MG;Leste;Saida de Pista;1;1;1;;;;1
25/09/2015;15:25:00;460;ac02 - Acidente com Vítima;99;BR-060/GO;Sul;Tombamento;1;0;1;;;;1
25/09/2015;12:47:00;370;sem vítima;600;BR-153/GO;Norte;Tombamento;1;1;;;;;1
25/09/2015;02:16:00;51;ac02 - Acidente com Vítima;656;BR-153/GO;Sul;Saida de Pista;1;0;1;;;;1
26/09/2015;14:50:00;372;ac02 - Acidente com Vítima;93;BR-060/GO;Sul;Colisão Traseira;1;1;1;;;;1
26/09/2015;12:20:00;270;sem vítima;553;BR-153/GO;Sul;Colisão Traseira;1;2;;;;;1
26/09/2015;17:08:00;468;sem vítima;116;BR-060/GO;Sul;Outros - sequências;1;2;;;;;1
27/09/2015;23:09:00;564;sem vítima;523;BR-262/MG;Leste;Colisão Transversal;1;2;;;;;1
27/09/2015;16:17:00;368;ac02 - Acidente com Vítima;589,9;BR-262/MG;Oeste;Carreta deu L;1;2;1;;;;1
28/09/2015;00:03:00;700;ac02 - Acidente com Vítima;29;BR-060/GO;Sul;Colisão Traseira;2;1;;1;;;2
28/09/2015;19:50:00;598;sem vítima;135;BR-060/GO;Sul;Outros - sequências;1;1;;;;;1
29/09/2015;20:08:00;503;sem vítima;362;BR-262/MG;Oeste;Atropelamento - Animal;1;1;;;;;1
29/09/2015;23:43:00;578;sem vítima;46,5;BR-060/GO;Norte;Carreta deu L;1;1;;;;;1
29/09/2015;01:47:00;23;ac02 - Acidente com Vítima;116;BR-060/GO;Sul;Saida de Pista;1;0;1;;;;1
29/09/2015;04:50:00;51;ac02 - Acidente com Vítima;785;BR-262/MG;Oeste;Capotamento;1;0;1;;;;1
30/09/2015;13:07:00;349;sem vítima;501;BR-153/GO;Norte;Colisão Traseira;2;2;;;;;1
30/09/2015;18:52:00;531;sem vítima;509;BR-262/MG;Leste;Saida de Pista;1;1;;;;;1
30/09/2015;14:42:00;388;sem vítima;99;BR-060/GO;Sul;Colisão Lateral;1;2;;;;;1
30/09/2015;15:43:00;428;sem vítima;121,2;BR-060/GO;Sul;Saida de Pista;1;1;;;;;1
30/09/2015;00:13:00;4;ac02 - Acidente com Vítima;658,5;BR-153/GO;Sul;Saida de Pista;1;0;1;;;;1
01/10/2015;17:17:00;478;ac02 - Acidente com Vítima;58;BR-153/MG;Sul;Colisão Traseira;2;0;3;;;;1
01/10/2015;08:43:00;148;ac02 - Acidente com Vítima;111,8;BR-153/MG;Sul;Colisão Transversal;2;1;1;;;;1
01/10/2015;08:05:00;109;ac01 - Acidente com Vítima Fatal;95;BR-060/GO;Norte;Colisão Traseira;1;1;;;;1;3
01/10/2015;11:42:00;261;sem vítima;95;BR-060/GO;Norte;Colisão Traseira;1;2;;;;;1
01/10/2015;07:14:00;85;sem vítima;127,9;BR-153/MG;Sul;Colisão Traseira;2;2;;;;;1
01/10/2015;02:59:00;24;ac02 - Acidente com Vítima;623;BR-262/MG;Leste;Saida de Pista;1;0;1;;;;1
01/10/2015;13:40:00;328;sem vítima;31,3;BR-060/DF;Norte;Colisão Traseira;1;2;;;;;1
02/10/2015;17:24:00;518;sem vítima;360;BR-262/MG;Oeste;Tombamento;1;1;;;;;1
02/10/2015;07:04:00;80;sem vítima;503,3;BR-153/GO;Norte;Colisão Lateral;1;2;;;;;1
02/10/2015;21:54:00;660;sem vítima;479;BR-262/MG;Oeste;Colisão Traseira;1;2;;;;;1
02/10/2015;19:59:00;611;sem vítima;165,2;BR-153/MG;Sul;Tombamento;1;1;;;;;1
03/10/2015;17:54:00;511;ac02 - Acidente com Vítima;513;BR-153/GO;Norte;Tombamento;1;1;2;;;;1
04/10/2015;15:32:00;343;ac02 - Acidente com Vítima;9;BR-060/GO;Sul;Outros - sequências;1;1;4;;;;1
04/10/2015;17:05:00;395;ac02 - Acidente com Vítima;594;BR-262/MG;Leste;Saida de Pista;1;0;1;;;;1
05/10/2015;12:03:00;292;sem vítima;502;BR-153/GO;Norte;Colisão Traseira;1;2;;;;;1
05/10/2015;10:58:00;254;sem vítima;648;BR-262/MG;Oeste;Colisão Traseira;2;2;;;;;1
07/10/2015;16:23:00;478;sem vítima;27,8;BR-060/GO;Sul;Carreta deu L;1;1;;;;;1
07/10/2015;04:01:00;61;ac02 - Acidente com Vítima;27;BR-153/MG;Norte;Colisão Traseira;2;1;2;;;;1
07/10/2015;14:08:00;381;ac02 - Acidente com Vítima;502,8;BR-153/GO;Sul;Colisão Lateral;1;1;1;;;;1
07/10/2015;07:27:00;120;sem vítima;584;BR-153/GO;Sul;Tombamento;1;1;;;;;1
07/10/2015;17:31:00;518;ac02 - Acidente com Vítima;197;BR-153/MG;Sul;Colisão Transversal;1;2;1;;;;1
07/10/2015;13:24:00;350;sem vítima;230;BR-153/MG;Norte;Saida de Pista;1;1;;;;;1
07/10/2015;05:27:00;78;sem vítima;660;BR-153/GO;Sul;Choque - Poste;1;1;;;;;1
08/10/2015;16:22:00;469;sem vítima;19;BR-060/GO;Norte;Tombamento;1;1;;;;;1
08/10/2015;15:36:00;443;sem vítima;48;BR-060/GO;Sul;Colisão Traseira;2;2;;;;;1
08/10/2015;19:47:00;607;ac02 - Acidente com Vítima;147,1;BR-153/MG;Sul;Saida de Pista;2;2;1;;;;1
08/10/2015;20:45:00;12;sem vítima;557;BR-153/GO;Norte;Colisão Traseira;2;2;;;;;1
08/10/2015;11:00:00;245;sem vítima;107;BR-060/GO;Norte;Colisão Lateral;2;2;;;;;1
09/10/2015;14:12:00;405;ac02 - Acidente com Vítima;362;BR-262/MG;Leste;Saida de Pista;1;0;1;;;;1
09/10/2015;19:25:00;643;sem vítima;375;BR-262/MG;Leste;Colisão Transversal;1;2;;;;;1
09/10/2015;11:27:00;276;sem vítima;547;BR-153/GO;Norte;Tombamento;1;1;;;;;1
09/10/2015;16:17:00;495;sem vítima;557;BR-153/GO;Norte;Outros - sequências;1;2;;;;;1
10/10/2015;22:14:00;957;sem vítima;31,7;BR-060/GO;Norte;Colisão Traseira;1;2;;;;;1
10/10/2015;11:12:00;339;sem vítima;107;BR-060/GO;Norte;Colisão Lateral;1;2;;;;;1
10/10/2015;12:34:00;447;sem vítima;227,9;BR-153/MG;Norte;Colisão Transversal;2;2;;;;;1
11/10/2015;11:48:00;294;ac02 - Acidente com Vítima;455;BR-262/MG;Oeste;Colisão Lateral;1;1;2;;;;1
11/10/2015;14:08:00;366;ac02 - Acidente com Vítima;602;BR-153/GO;Sul;Tombamento;1;0;1;;;;1
12/10/2015;20:57:00;849;ac02 - Acidente com Vítima;597;BR-262/MG;Leste;Colisão Transversal;1;0;2;;;;1
12/10/2015;09:42:00;255;ac02 - Acidente com Vítima;639;BR-262/MG;Oeste;Colisão Traseira;1;0;4;;;;1
12/10/2015;14:58:00;498;sem vítima;129,5;BR-060/GO;Sul;Choque - Outros;1;2;;;;;1
13/10/2015;17:04:00;502;ac02 - Acidente com Vítima;426;BR-262/MG;Leste;Colisão Traseira;1;0;2;;;;1
13/10/2015;05:34:00;57;sem vítima;505;BR-262/MG;Leste;Tombamento;1;1;;;;;1
13/10/2015;18:39:00;569;ac02 - Acidente com Vítima;507;BR-262/MG;Oeste;Engavetamento;4;3;1;;;;1
13/10/2015;23:10:00;677;ac02 - Acidente com Vítima;568;BR-262/MG;Oeste;Colisão Frontal;1;0;2;1;;;2
14/10/2015;21:56:00;718;sem vítima;0,5;BR-153/MG;Sul;Colisão Traseira;1;2;;;;;1
14/10/2015;17:37:00;567;ac02 - Acidente com Vítima;500;BR-153/GO;Sul;Colisão Traseira;1;1;;;1;;2
14/10/2015;18:24:00;592;ac02 - Acidente com Vítima;24,7;BR-153/MG;Norte;Outros - sequências;2;0;2;;;;1
14/10/2015;04:04:00;50;ac02 - Acidente com Vítima;465;BR-262/MG;Leste;Colisão Lateral;1;1;4;;;;1
14/10/2015;07:43:00;124;sem vítima;101;BR-060/GO;Norte;Colisão Traseira;1;2;;;;;1
14/10/2015;06:34:00;85;sem vítima;128;BR-060/GO;Sul;Colisão Traseira;2;2;;;;;1
15/10/2015;00:52:00;19;ac02 - Acidente com Vítima;365;BR-262/MG;Oeste;Colisão Traseira;1;0;2;;1;;2
15/10/2015;19:46:00;676;ac02 - Acidente com Vítima;27;BR-153/MG;Norte;Tombamento;1;1;1;;;;1
15/10/2015;22:17:00;741;ac02 - Acidente com Vítima;69;BR-060/GO;Sul;Tombamento;1;0;2;;;;1
15/10/2015;20:07:00;689;sem vítima;485;BR-262/MG;Leste;Colisão Traseira;1;2;;;;;1
15/10/2015;22:54:00;757;ac02 - Acidente com Vítima;95;BR-153/MG;Sul;Carreta deu L;1;0;1;;;;1
15/10/2015;07:03:00;142;ac01 - Acidente com Vítima Fatal;114;BR-153/MG;Sul;Colisão Frontal;2;0;;;1;2;3
15/10/2015;06:20:00;126;ac02 - Acidente com Vítima;96;BR-060/GO;Norte;Colisão Lateral;1;1;1;;;;1
15/10/2015;08:37:00;202;ac02 - Acidente com Vítima;183;BR-153/MG;Norte;Colisão Traseira;1;1;1;;;;1
15/10/2015;23:20:00;766;sem vítima;747;BR-262/MG;Leste;Colisão Traseira;2;2;;;;;1
16/10/2015;12:12:00;323;sem vítima;26,5;BR-060/GO;Norte;Tombamento;1;1;;;;;1
16/10/2015;18:47:00;598;sem vítima;500;BR-153/GO;Sul;Colisão Traseira;1;2;;;;;1
16/10/2015;03:48:00;55;sem vítima;47;BR-060/GO;Norte;Outros - sequências;1;1;;;;;1
16/10/2015;17:17:00;536;ac02 - Acidente com Vítima;476;BR-262/MG;Leste;Colisão Lateral;1;1;1;;;;1
16/10/2015;00:01:00;1;sem vítima;76;BR-153/MG;Sul;Outros - sequências;1;2;;;;;1
16/10/2015;17:33:00;549;sem vítima;520;BR-153/GO;Norte;Outros - sequências;1;1;;;;;1
16/10/2015;14:40:00;419;sem vítima;598;BR-153/GO;Norte;Colisão Traseira;2;2;;;;;1
17/10/2015;18:15:00;510;ac02 - Acidente com Vítima;364;BR-262/MG;Leste;Outros - sequências;1;1;1;;;;1
17/10/2015;16:52:00;458;sem vítima;10,8;BR-153/MG;Norte;Saida de Pista;1;2;;;;;1
17/10/2015;05:40:00;76;sem vítima;563;BR-153/GO;Norte;Colisão Traseira;1;2;;;;;1
17/10/2015;00:51:00;15;sem vítima;28;BR-060/DF;Sul;Colisão Traseira;1;2;;;;;1
17/10/2015;11:02:00;241;sem vítima;686,5;BR-153/GO;Sul;Colisão Traseira;2;2;;;;;1
18/10/2015;23:04:00;633;ac02 - Acidente com Vítima;28;BR-153/MG;Norte;Colisão Traseira;1;1;1;;;;1
18/10/2015;16:00:00;382;ac01 - Acidente com Vítima Fatal;547;BR-262/MG;Leste;Colisão Frontal;1;0;2;;1;1;3
18/10/2015;13:34:00;289;ac02 - Acidente com Vítima;580;BR-262/MG;Leste;Tombamento;1;0;1;;;;1
18/10/2015;17:37:00;453;sem vítima;553;BR-153/GO;Sul;Choque - Outros;1;2;;;;;1
18/10/2015;10:08:00;174;sem vítima;623,9;BR-153/GO;Norte;Tombamento;1;1;;;;;1
19/10/2015;18:45:00;637;sem vítima;456;BR-262/MG;Oeste;Saida de Pista;1;2;;;;;1
19/10/2015;16:49:00;561;sem vítima;100,9;BR-060/GO;Sul;Colisão Traseira;1;2;;;;;1
19/10/2015;09:37:00;219;sem vítima;604;BR-153/GO;Norte;Colisão Traseira;1;2;;;;;1
20/10/2015;22:22:00;681;ac02 - Acidente com Vítima;620;BR-153/GO;Norte;Colisão Traseira;2;1;;;1;;2
21/10/2015;06:54:00;74;sem vítima;380;BR-262/MG;Leste;Colisão Lateral;1;2;;;;;1
21/10/2015;18:03:00;543;sem vítima;506;BR-153/GO;Norte;Colisão Lateral;1;2;;;;;1
21/10/2015;16:39:00;486;ac02 - Acidente com Vítima;506,6;BR-153/GO;Sul;Outros - sequências;1;1;1;;;;1
21/10/2015;14:22:00;386;ac02 - Acidente com Vítima;96;BR-060/GO;Sul;Colisão Lateral;1;2;1;;;;1
21/10/2015;18:53:00;573;sem vítima;574;BR-262/MG;Oeste;Saida de Pista;1;1;;;;;1
21/10/2015;01:27:00;16;ac02 - Acidente com Vítima;587;BR-262/MG;Leste;Outros - sequências;2;1;;1;;;2
21/10/2015;17:41:00;524;sem vítima;595,5;BR-262/MG;Leste;Outros - sequências;2;2;;;;;1
21/10/2015;09:18:00;165;ac02 - Acidente com Vítima;621;BR-153/GO;Norte;Saida de Pista;1;0;2;;;;1
21/10/2015;10:38:00;228;sem vítima;765,5;BR-262/MG;Leste;Saida de Pista;1;1;;;;;1
21/10/2015;13:14:00;342;ac02 - Acidente com Vítima;122,4;BR-060/GO;Sul;Choque - Veiculo parado no acostamento;1;1;;1;;;2
22/10/2015;09:48:00;249;ac02 - Acidente com Vítima;485,85;BR-262/MG;Leste;Colisão Traseira;2;0;2;;;;1
22/10/2015;16:56:00;558;ac02 - Acidente com Vítima;509;BR-262/MG;Oeste;Saida de Pista;1;0;1;;;;1
22/10/2015;16:19:00;526;ac02 - Acidente com Vítima;519;BR-262/MG;Leste;Saida de Pista;1;0;1;;;;1
22/10/2015;16:30:00;537;ac02 - Acidente com Vítima;579;BR-262/MG;Oeste;Outros - sequências;1;0;1;;;;1
22/10/2015;15:43:00;504;ac01 - Acidente com Vítima Fatal;584;BR-262/MG;Oeste;Outros - sequências;1;0;2;;;1;3
22/10/2015;15:54:00;512;ac02 - Acidente com Vítima;147;BR-153/MG;Sul;Colisão Traseira;1;3;2;;;;1
23/10/2015;00:24:00;5;sem vítima;19;BR-060/GO;Norte;Saida de Pista;1;1;;;;;1
23/10/2015;13:55:00;336;ac02 - Acidente com Vítima;568,5;BR-262/MG;Leste;Colisão Frontal;2;1;2;;;;1
23/10/2015;12:42:00;292;sem vítima;636;BR-262/MG;Leste;Colisão Lateral;1;2;;;;;1
24/10/2015;17:29:00;454;sem vítima;112,8;BR-153/MG;Sul;Saida de Pista;1;1;;;;;1
24/10/2015;06:42:00;99;sem vítima;101;BR-060/GO;Norte;Colisão Lateral;1;2;;;;;1
24/10/2015;11:31:00;262;sem vítima;685;BR-153/GO;Norte;Colisão Traseira;1;3;;;;;1
25/10/2015;18:06:00;466;ac02 - Acidente com Vítima;605;BR-153/GO;Norte;Saida de Pista;1;0;1;1;;;2
26/10/2015;20:41:00;610;ac02 - Acidente com Vítima;491;BR-262/MG;Oeste;Tombamento;1;0;1;;;;1
26/10/2015;18:54:00;568;ac02 - Acidente com Vítima;536;BR-262/MG;Leste;Colisão Traseira;2;0;2;;;;1
26/10/2015;15:59:00;418;sem vítima;119,4;BR-060/GO;Norte;Tombamento;1;1;;;;;1
26/10/2015;17:20:00;490;ac02 - Acidente com Vítima;239,4;BR-153/MG;Sul;Saida de Pista;1;0;1;;;;1
27/10/2015;17:31:00;543;ac02 - Acidente com Vítima;358;BR-262/MG;Leste;Tombamento;1;1;2;;;;1
27/10/2015;18:52:00;599;sem vítima;378;BR-262/MG;Leste;Colisão Traseira;1;2;;;;;1
27/10/2015;07:54:00;128;ac02 - Acidente com Vítima;500;BR-153/GO;Sul;Colisão Lateral;1;2;;1;;;2
27/10/2015;21:35:00;656;ac02 - Acidente com Vítima;46;BR-060/GO;Norte;Outros - sequências;1;0;2;;;;1
27/10/2015;17:29:00;538;ac02 - Acidente com Vítima;89;BR-153/MG;Norte;Colisão Frontal;2;0;2;;;;1