data;horario;n_da_ocorrencia;tipo_de_ocorrencia;km;trecho;sentido;tipo_de_acidente;caminhao;ilesos;levemente_feridos;moderadamente_feridos;gravemente_feridos;mortos;3
27/10/2015;14:49:00;430;sem vítima;534;BR-262/MG;Leste;Tombamento;1;1;;;;;1
27/10/2015;17:26:00;535;ac02 - Acidente com Vítima;575,3;BR-153/GO;Sul;Saida de Pista;1;0;1;;;;1
27/10/2015;18:26:00;571;sem vítima;594;BR-262/MG;Leste;Saida de Pista;1;1;;;;;1
28/10/2015;21:08:00;583;ac02 - Acidente com Vítima;25;BR-153/MG;Norte;Saida de Pista;1;1;1;;;;1
28/10/2015;09:14:00;175;ac02 - Acidente com Vítima;549;BR-262/MG;Oeste;Saida de Pista;1;0;1;;;;1
28/10/2015;04:52:00;69;sem vítima;105;BR-060/GO;Sul;Colisão Traseira;1;2;;;;;1
28/10/2015;13:48:00;333;sem vítima;591,5;BR-262/MG;Leste;Colisão Lateral;2;2;;;;;1
28/10/2015;09:03:00;167;ac02 - Acidente com Vítima;611;BR-262/MG;Leste;Carreta deu L;1;0;1;;;;1
29/10/2015;14:59:00;397;ac02 - Acidente com Vítima;508;BR-262/MG;Leste;Colisão Traseira;1;1;2;;;;1
29/10/2015;20:56:00;634;ac01 - Acidente com Vítima Fatal;857;BR-262/MG;Leste;Colisão Lateral;1;1;;;1;1;3
30/10/2015;18:55:00;630;sem vítima;38;BR-060/GO;Norte;Engavetamento;1;3;;;;;1
30/10/2015;18:54:00;627;sem vítima;47,5;BR-060/GO;Norte;Engavetamento;2;4;;;;;1
30/10/2015;16:58:00;550;sem vítima;69;BR-060/GO;Sul;Engavetamento;1;3;;;;;1
30/10/2015;23:38:00;771;sem vítima;506;BR-153/GO;Sul;Colisão Lateral;1;2;;;;;1
30/10/2015;22:25:00;751;ac02 - Acidente com Vítima;478;BR-262/MG;Leste;Colisão Frontal;1;1;;1;;;2
30/10/2015;16:54:00;546;sem vítima;89;BR-060/GO;Sul;Colisão Traseira;1;2;;;;;1
30/10/2015;01:53:00;37;ac01 - Acidente com Vítima Fatal;702;BR-262/MG;Leste;Tombamento;1;0;;;;1;3
30/10/2015;09:12:00;182;sem vítima;663,1;BR-153/GO;Sul;Outros - sequências;1;1;;;;;1
31/10/2015;02:44:00;52;ac02 - Acidente com Vítima;41;BR-060/GO;Norte;Saida de Pista;1;0;2;;;;1
31/10/2015;19:59:00;620;sem vítima;505;BR-153/GO;Sul;Engavetamento;2;6;;;;;1
31/10/2015;18:15:00;569;sem vítima;590;BR-153/GO;Sul;Colisão Lateral;1;2;;;;;1
01/11/2015;22:10:00;450;ac02 - Acidente com Vítima;28,4;BR-153/MG;Sul;Outros - sequências;1;0;1;;;;1
01/11/2015;12:52:00;236;ac02 - Acidente com Vítima;176,7;BR-153/MG;Norte;Colisão Frontal;2;0;1;1;;;2
01/11/2015;22:30:00;453;ac02 - Acidente com Vítima;26;BR-060/DF;Norte;Colisão Traseira;1;1;1;;;;1
01/11/2015;17:11:00;333;ac02 - Acidente com Vítima;687;BR-262/MG;Oeste;Colisão Frontal;1;0;1;;1;;2
02/11/2015;10:39:00;179;ac02 - Acidente com Vítima;45;BR-153/MG;Norte;Choque - Outros;1;1;4;;;;1
02/11/2015;15:50:00;392;ac02 - Acidente com Vítima;515,3;BR-153/GO;Sul;Colisão Lateral;1;1;;1;1;;2
02/11/2015;18:28:00;493;sem vítima;130,5;BR-153/MG;Norte;Saida de Pista;1;2;;;;;1
02/11/2015;17:06:00;440;ac02 - Acidente com Vítima;150;BR-153/MG;Norte;Colisão Traseira;1;1;3;;;;1
03/11/2015;15:55:00;406;ac02 - Acidente com Vítima;75,5;BR-153/MG;Norte;Saida de Pista;1;0;1;;;;1
03/11/2015;00:06:00;2;ac02 - Acidente com Vítima;146;BR-153/MG;Norte;Tombamento;1;1;1;1;;;2
03/11/2015;05:53:00;76;ac02 - Acidente com Vítima;634,7;BR-153/GO;Sul;Capotamento;1;0;2;;;;1
05/11/2015;05:26:00;81;ac01 - Acidente com Vítima Fatal;0;BR-060/GO;Norte;Outros - sequências;2;1;;;;1;3
05/11/2015;11:08:00;239;sem vítima;0;BR-153/MG;Norte;Outros - sequências;1;2;;;;;1
06/11/2015;17:34:00;455;ac02 - Acidente com Vítima;506,5;BR-153/GO;Norte;Outros - sequências;1;1;1;;;;1
06/11/2015;15:49:00;395;sem vítima;582;BR-262/MG;Oeste;Outros - sequências;1;3;;;;;1
06/11/2015;14:25:00;344;ac02 - Acidente com Vítima;111;BR-060/GO;Sul;Outros - sequências;1;3;;1;;;2
07/11/2015;06:37:00;69;ac02 - Acidente com Vítima;373;BR-262/MG;Oeste;Colisão Traseira;1;2;1;2;;;2
07/11/2015;19:14:00;539;ac02 - Acidente com Vítima;653;BR-153/GO;Norte;Colisão Traseira;1;1;1;;;;1
08/11/2015;09:03:00;202;sem vítima;490;BR-153/GO;Norte;Colisão Traseira;1;2;;;;;1
09/11/2015;11:38:00;234;sem vítima;389;BR-262/MG;Leste;Saida de Pista;1;1;;;;;1
09/11/2015;22:08:00;521;sem vítima;502;BR-153/GO;Sul;Colisão Lateral;1;2;;;;;1
09/11/2015;22:27:00;526;ac02 - Acidente com Vítima;125;BR-153/MG;Norte;Saida de Pista;1;1;1;;;;1
10/11/2015;18:05:00;454;ac02 - Acidente com Vítima;548;BR-262/MG;Oeste;Tombamento;1;0;1;;;;1
11/11/2015;02:11:00;34;sem vítima;1,3;BR-060/DF;Sul;Colisão Traseira;1;2;;;;;1
11/11/2015;16:53:00;463;sem vítima;407;BR-262/MG;Oeste;Colisão Traseira;1;2;;;;;1
11/11/2015;07:00:00;78;sem vítima;460;BR-262/MG;Oeste;Tombamento;1;1;;;;;1
12/11/2015;17:19:00;595;ac02 - Acidente com Vítima;464;BR-262/MG;Leste;Saida de Pista;1;0;1;;;;1
12/11/2015;21:57:00;761;sem vítima;559;BR-262/MG;Leste;Saida de Pista;1;1;;;;;1
12/11/2015;15:44:00;541;sem vítima;117,2;BR-153/MG;Sul;Colisão Traseira;1;2;;;;;1
12/11/2015;22:42:00;776;ac02 - Acidente com Vítima;542;BR-153/GO;Sul;Outros - sequências;1;0;2;1;;;2
12/11/2015;09:33:00;258;sem vítima;107;BR-060/GO;Sul;Colisão Traseira;2;2;;;;;1
12/11/2015;21:19:00;743;sem vítima;755;BR-262/MG;Oeste;Tombamento;1;1;;;;;1
12/11/2015;21:14:00;740;sem vítima;653;BR-153/GO;Sul;Colisão Lateral;1;2;;;;;1
13/11/2015;05:12:00;66;ac02 - Acidente com Vítima;0;BR-153/MG;Sul;Colisão Traseira;2;1;1;;;;1
13/11/2015;15:00:00;393;ac02 - Acidente com Vítima;353,5;BR-262/MG;Leste;Colisão Traseira;1;0;1;1;;;2
13/11/2015;15:35:00;416;sem vítima;0;BR-153/MG;Sul;Colisão Lateral;1;2;;;;;1
13/11/2015;11:40:00;300;sem vítima;90;BR-153/MG;Sul;Tombamento;1;1;;;;;1
13/11/2015;14:22:00;378;ac01 - Acidente com Vítima Fatal;578;BR-262/MG;Leste;Outros - sequências;1;0;3;;;2;3
13/11/2015;15:00:00;394;sem vítima;97;BR-060/GO;Norte;Colisão Traseira;1;2;;;;;1
13/11/2015;16:05:00;432;ac02 - Acidente com Vítima;631;BR-262/MG;Leste;Colisão Lateral;1;1;2;;;;1
13/11/2015;12:20:00;315;sem vítima;615;BR-153/GO;Norte;Saida de Pista;1;2;;;;;1
14/11/2015;18:06:00;562;sem vítima;498;BR-153/GO;Norte;Saida de Pista;1;1;;;;;1
14/11/2015;15:58:00;472;sem vítima;513;BR-153/GO;Sul;Outros - sequências;1;2;;;;;1
14/11/2015;16:10:00;484;sem vítima;652;BR-153/GO;Sul;Colisão Traseira;2;2;;;;;1
14/11/2015;12:43:00;348;ac02 - Acidente com Vítima;243;BR-153/MG;Sul;Colisão Transversal;1;1;3;;;;1
15/11/2015;02:13:00;37;ac01 - Acidente com Vítima Fatal;447;BR-262/MG;Leste;Outros - sequências;2;1;;;;1;3
15/11/2015;09:49:00;179;ac02 - Acidente com Vítima;554;BR-262/MG;Oeste;Saida de Pista;1;0;;1;;;2
15/11/2015;12:09:00;258;ac01 - Acidente com Vítima Fatal;116;BR-153/MG;Norte;Capotamento;1;0;;;;1;3
15/11/2015;08:55:00;152;sem vítima;587;BR-262/MG;Oeste;Saida de Pista;1;1;;;;;1
15/11/2015;20:56:00;522;sem vítima;107;BR-060/GO;Norte;Colisão Traseira;2;2;;;;;1
15/11/2015;19:36:00;481;sem vítima;133;BR-060/GO;Sul;Capotamento;1;1;;;;;1
16/11/2015;08:12:00;122;sem vítima;398;BR-262/MG;Oeste;Saida de Pista;1;1;;;;;1
16/11/2015;12:08:00;280;ac02 - Acidente com Vítima;491;BR-262/MG;Leste;Colisão Traseira;1;0;3;;;;1
16/11/2015;17:37:00;451;ac02 - Acidente com Vítima;139;BR-153/MG;Sul;Colisão Traseira;2;0;3;;;;1
16/11/2015;11:26:00;260;sem vítima;592;BR-262/MG;Leste;Colisão Traseira;1;2;;;;;1
16/11/2015;15:35:00;374;sem vítima;600;BR-262/MG;Leste;Colisão Traseira;1;2;;;;;1
16/11/2015;00:52:00;18;ac02 - Acidente com Vítima;597,1;BR-153/GO;Sul;Saida de Pista;1;0;2;;;;1
16/11/2015;05:49:00;68;ac01 - Acidente com Vítima Fatal;785;BR-262/MG;Oeste;Colisão Traseira;1;0;3;2;1;1;3
16/11/2015;13:58:00;332;ac02 - Acidente com Vítima;698;BR-153/GO;Sul;Outros - sequências;1;1;2;;;;1
17/11/2015;12:37:00;378;ac02 - Acidente com Vítima;466;BR-262/MG;Leste;Saida de Pista;1;0;;1;;;2
17/11/2015;15:59:00;508;ac02 - Acidente com Vítima;78;BR-153/MG;Norte;"Choque - Defensa, barreira ou ""submarino""";1;0;1;;;;1
17/11/2015;15:57:00;506;ac02 - Acidente com Vítima;132;BR-153/MG;Sul;Colisão Lateral;1;0;3;;;;1
17/11/2015;23:37:00;723;ac02 - Acidente com Vítima;751;BR-262/MG;Leste;Saida de Pista;1;0;1;;;;1
17/11/2015;14:56:00;466;sem vítima;137;BR-060/GO;Norte;Colisão Traseira;2;2;;;;;1
18/11/2015;21:41:00;583;ac02 - Acidente com Vítima;46;BR-060/GO;Norte;Colisão Frontal;1;1;2;1;1;;2
18/11/2015;09:03:00;144;sem vítima;80;BR-153/MG;Norte;Colisão Lateral;2;2;;;;;1
18/11/2015;15:43:00;392;sem vítima;139;BR-153/MG;Sul;Colisão Traseira;2;2;;;;;1
18/11/2015;04:42:00;39;ac02 - Acidente com Vítima;595;BR-262/MG;Leste;Saida de Pista;1;0;1;;;;1
18/11/2015;10:53:00;219;sem vítima;660;BR-153/GO;Sul;Colisão Lateral;2;2;;;;;1
18/11/2015;00:25:00;3;ac02 - Acidente com Vítima;137;BR-060/GO;Sul;Colisão Traseira;2;1;;1;;;2
19/11/2015;07:26:00;97;sem vítima;434;BR-262/MG;Leste;Saida de Pista;1;1;;;;;1
19/11/2015;00:23:00;3;sem vítima;577;BR-153/GO;Sul;Tombamento;1;1;;;;;1
19/11/2015;15:02:00;388;sem vítima;116;BR-060/GO;Sul;Tombamento;1;1;;;;;1
19/11/2015;12:08:00;283;ac02 - Acidente com Vítima;232;BR-153/MG;Norte;Engavetamento;3;0;5;;;;1
19/11/2015;08:28:00;132;sem vítima;137,8;BR-060/GO;Sul;Colisão Lateral;2;2;;;;;1
20/11/2015;15:32:00;410;ac02 - Acidente com Vítima;12;BR-060/GO;Norte;Colisão Traseira;1;1;;;1;;2
20/11/2015;15:15:00;401;ac02 - Acidente com Vítima;373;BR-262/MG;Oeste;Colisão Lateral;1;2;1;;;;1
20/11/2015;02:11:00;57;sem vítima;553;BR-262/MG;Leste;Tombamento;1;2;;;;;1
20/11/2015;16:07:00;426;sem vítima;568;BR-262/MG;Leste;Saida de Pista;1;1;;;;;1
21/11/2015;22:49:00;600;ac02 - Acidente com Vítima;2;BR-153/MG;Norte;Tombamento;2;1;1;;;;1
21/11/2015;09:42:00;207;ac02 - Acidente com Vítima;368;BR-262/MG;Leste;Saida de Pista;1;0;1;;;;1
23/11/2015;22:22:00;606;ac02 - Acidente com Vítima;471;BR-262/MG;Oeste;Tombamento;1;0;1;;;;1
23/11/2015;12:32:00;293;ac02 - Acidente com Vítima;549;BR-262/MG;Leste;Saida de Pista;1;0;1;;;;1
23/11/2015;16:47:00;439;sem vítima;608;BR-262/MG;Oeste;Outros - sequências;1;1;;;;;1
24/11/2015;15:39:00;394;ac02 - Acidente com Vítima;490,4;BR-153/GO;Norte;Tombamento;1;0;2;;;;1
24/11/2015;14:28:00;356;sem vítima;2;BR-060/DF;Sul;Colisão Lateral;1;2;;;;;1
24/11/2015;10:14:00;240;sem vítima;398;BR-262/MG;Oeste;Colisão Traseira;1;2;;;;;1
24/11/2015;15:28:00;391;sem vítima;429;BR-262/MG;Leste;Colisão Lateral;1;2;;;;;1
24/11/2015;17:27:00;437;sem vítima;551;BR-262/MG;Leste;Colisão Lateral;2;2;;;;;1
24/11/2015;02:02:00;32;ac02 - Acidente com Vítima;652;BR-262/MG;Oeste;Colisão Lateral;1;1;1;;;;1
24/11/2015;18:10:00;468;ac02 - Acidente com Vítima;654;BR-153/GO;Sul;Saida de Pista;1;0;1;;;;1
24/11/2015;09:23:00;197;ac01 - Acidente com Vítima Fatal;236;BR-153/MG;Norte;Atropelamento - Ambulante;2;2;;;;1;3
24/11/2015;14:47:00;371;sem vítima;243;BR-153/MG;Sul;Saida de Pista;1;1;;;;;1
24/11/2015;12:28:00;311;sem vítima;702;BR-153/GO;Norte;Colisão Traseira;2;2;;;;;1
25/11/2015;17:49:00;390;sem vítima;493;BR-153/GO;Sul;Colisão Traseira;1;2;;;;;1
25/11/2015;18:53:00;427;sem vítima;92;BR-060/GO;Sul;Choque - Outros;1;1;;;;;1
25/11/2015;08:19:00;91;sem vítima;554;BR-262/MG;Leste;Saida de Pista;1;1;;;;;1
25/11/2015;11:36:00;203;sem vítima;600;BR-262/MG;Leste;Colisão Traseira;2;2;;;;;1
25/11/2015;17:00:00;417;sem vítima;690;BR-262/MG;Leste;Colisão Traseira;1;2;;;;;1
25/11/2015;00:07:00;1;ac02 - Acidente com Vítima;682;BR-153/GO;Sul;Colisão Traseira;2;0;2;;;;1
26/11/2015;12:35:00;294;sem vítima;509;BR-153/GO;Norte;Colisão Traseira;1;3;;;;;1
26/11/2015;08:35:00;118;sem vítima;510;BR-153/GO;Sul;Tombamento;1;1;;;;;1
26/11/2015;19:48:00;562;ac02 - Acidente com Vítima;126;BR-153/MG;Sul;Tombamento;1;0;1;;;;1
26/11/2015;17:28:00;498;sem vítima;116;BR-060/GO;Sul;Saida de Pista;1;1;;;;;1
27/11/2015;12:14:00;280;ac02 - Acidente com Vítima;34;BR-153/MG;Norte;Colisão Lateral;1;1;1;;;;1
27/11/2015;16:11:00;399;sem vítima;55;BR-153/MG;Norte;Colisão Traseira;1;2;;;;;1
27/11/2015;18:30:00;486;sem vítima;94,2;BR-060/GO;Norte;Colisão Transversal;1;2;;;;;1
27/11/2015;00:42:00;9;sem vítima;650;BR-262/MG;Oeste;Colisão Traseira;2;2;;;;;1
27/11/2015;20:57:00;570;ac02 - Acidente com Vítima;751;BR-262/MG;Leste;Tombamento;1;0;;2;;;2
27/11/2015;16:23:00;409;sem vítima;133;BR-060/GO;Sul;Saida de Pista;1;1;;;;;1
28/11/2015;12:40:00;315;ac02 - Acidente com Vítima;460;BR-262/MG;Leste;Colisão Lateral;1;1;;1;;;2
28/11/2015;14:31:00;380;sem vítima;499;BR-262/MG;Leste;Carreta deu L;1;1;;;;;1
28/11/2015;23:44:00;685;ac02 - Acidente com Vítima;612,7;BR-153/GO;Norte;Tombamento;1;1;1;;;;1
29/11/2015;21:05:00;540;ac02 - Acidente com Vítima;373;BR-262/MG;Leste;Colisão Traseira;1;0;3;;;;1
29/11/2015;15:00:00;356;sem vítima;124,3;BR-153/MG;Sul;Outros - sequências;1;2;;;;;1
29/11/2015;19:30:00;490;sem vítima;116;BR-060/GO;Sul;Saida de Pista;1;3;;;;;1
30/11/2015;17:15:00;498;ac02 - Acidente com Vítima;413;BR-262/MG;Oeste;Colisão Traseira;1;1;1;1;;;2
30/11/2015;23:22:00;668;sem vítima;48;BR-060/GO;Norte;Saida de Pista;1;1;;;;;1
30/11/2015;15:27:00;423;ac02 - Acidente com Vítima;183,1;BR-153/MG;Sul;Outros - sequências;1;0;1;;;;1
30/11/2015;16:25:00;462;ac02 - Acidente com Vítima;587;BR-153/GO;Norte;Outros - sequências;1;0;4;;;;1
30/11/2015;05:07:00;72;sem vítima;685;BR-153/GO;Sul;Choque - Outros;1;1;;;;;1
01/12/2015;21:15:00;592;ac02 - Acidente com Vítima;55;BR-153/MG;Norte;Outros - sequências;1;1;1;;;;1
01/12/2015;22:29:00;621;ac02 - Acidente com Vítima;619;BR-153/GO;Norte;Colisão Traseira;1;1;1;;;;1
02/12/2015;14:15:00;377;ac02 - Acidente com Vítima;468,02;BR-262/MG;Oeste;Outros - sequências;1;7;2;;;;1
02/12/2015;17:18:00;467;sem vítima;553;BR-153/GO;Sul;Colisão Traseira;1;2;;;;;1
02/12/2015;13:29:00;345;sem vítima;597;BR-262/MG;Oeste;Saida de Pista;1;1;;;;;1
02/12/2015;15:32:00;424;sem vítima;595;BR-153/GO;Norte;Saida de Pista;1;2;;;;;1
02/12/2015;04:30:00;75;ac02 - Acidente com Vítima;634;BR-153/GO;Norte;Tombamento;1;0;2;;;;1
03/12/2015;05:57:00;71;sem vítima;493;BR-153/GO;Norte;Saida de Pista;1;1;;;;;1
03/12/2015;06:38:00;79;ac02 - Acidente com Vítima;521;BR-262/MG;Leste;Saida de Pista;1;0;1;;;;1
03/12/2015;16:51:00;457;sem vítima;648;BR-262/MG;Oeste;Saida de Pista;1;1;;;;;1
03/12/2015;13:56:00;360;sem vítima;701;BR-262/MG;Leste;Saida de Pista;1;2;;;;;1
04/12/2015;01:05:00;20;ac02 - Acidente com Vítima;20;BR-153/MG;Norte;Outros - sequências;1;1;1;;;;1
04/12/2015;10:02:00;202;sem vítima;437;BR-262/MG;Leste;Saida de Pista;1;3;;;;;1
04/12/2015;16:28:00;441;ac02 - Acidente com Vítima;510,3;BR-153/GO;Sul;Choque - Veiculo parado na pista;1;1;1;;;;1
04/12/2015;22:07:00;599;ac02 - Acidente com Vítima;509;BR-262/MG;Oeste;Saida de Pista;1;0;1;;;;1
04/12/2015;05:41:00;74;sem vítima;100;BR-060/GO;Sul;Colisão Traseira;2;3;;;;;1
04/12/2015;15:16:00;388;sem vítima;186;BR-153/MG;Norte;Colisão Lateral;1;2;;;;;1
04/12/2015;16:34:00;450;sem vítima;769;BR-262/MG;Leste;Saida de Pista;1;1;;;;;1
05/12/2015;09:33:00;186;sem vítima;357;BR-262/MG;Oeste;Saida de Pista;1;2;;;;;1
05/12/2015;08:20:00;130;sem vítima;47,9;BR-060/GO;Norte;Saida de Pista;1;1;;;;;1
05/12/2015;18:08:00;422;sem vítima;121,6;BR-153/MG;Sul;Colisão Traseira;2;2;;;;;1
05/12/2015;08:33:00;139;sem vítima;698,5;BR-153/GO;Norte;Colisão Traseira;2;2;;;;;1
06/12/2015;20:24:00;469;ac02 - Acidente com Vítima;462;BR-262/MG;Oeste;Colisão Traseira;1;1;3;;;;1
06/12/2015;13:37:00;272;sem vítima;507;BR-153/GO;Sul;Engavetamento;1;3;;;;;1
06/12/2015;02:29:00;43;sem vítima;58;BR-153/MG;Sul;;1;1;;;;;1
06/12/2015;02:16:00;39;sem vítima;105,5;BR-153/MG;Norte;;1;1;;;;;1
06/12/2015;21:39:00;498;sem vítima;553;BR-262/MG;Oeste;Saida de Pista;2;2;;;;;1
06/12/2015;14:42:00;296;ac02 - Acidente com Vítima;563;BR-153/GO;Norte;Tombamento;1;0;1;;;;1
07/12/2015;03:21:00;45;sem vítima;396;BR-262/MG;Oeste;Colisão Traseira;1;2;;;;;1
07/12/2015;07:16:00;93;sem vítima;55;BR-153/MG;Norte;Carreta deu L;1;1;;;;;1
07/12/2015;17:43:00;474;sem vítima;465;BR-262/MG;Oeste;Outros - sequências;2;2;;;;;1
07/12/2015;18:25:00;494;sem vítima;582;BR-262/MG;Oeste;Saida de Pista;1;1;;;;;1
07/12/2015;19:57:00;518;ac02 - Acidente com Vítima;591;BR-262/MG;Oeste;Saida de Pista;1;0;1;;;;1
08/12/2015;07:44:00;90;sem vítima;507;BR-153/GO;Norte;Colisão Traseira;1;2;;;;;1
09/12/2015;20:52:00;520;sem vítima;58;BR-153/MG;Sul;Outros - sequências;2;2;;;;;1
09/12/2015;08:18:00;103;ac02 - Acidente com Vítima;136;BR-060/GO;Norte;Atropelamento - Usuário;1;1;;;1;;2
10/12/2015;07:37:00;98;sem vítima;470;BR-262/MG;Leste;Saida de Pista;1;1;;;;;1
10/12/2015;21:09:00;532;sem vítima;538;BR-262/MG;Oeste;Saida de Pista;1;1;;;;;1
10/12/2015;17:35:00;435;sem vítima;594;BR-262/MG;Oeste;Colisão Lateral;2;2;;;;;1
10/12/2015;09:24:00;171;sem vítima;600;BR-262/MG;Leste;Colisão Lateral;1;2;;;;;1
11/12/2015;11:44:00;248;sem vítima;498;BR-153/GO;Norte;Colisão Lateral;1;2;;;;;1
11/12/2015;12:27:00;281;sem vítima;498,5;BR-153/GO;Sul;Colisão Frontal;1;3;;;;;1
11/12/2015;02:38:00;17;sem vítima;382;BR-262/MG;Leste;Choque - Veiculo parado no acostamento;2;2;;;;;1
11/12/2015;21:31:00;611;ac02 - Acidente com Vítima;501,5;BR-153/GO;Norte;Colisão Lateral;1;1;1;;;;1
11/12/2015;02:38:00;16;sem vítima;50;BR-153/MG;Norte;Colisão Traseira;2;4;;;;;1
11/12/2015;17:08:00;468;sem vítima;475,5;BR-262/MG;Oeste;Colisão Lateral;1;2;;;;;1
12/12/2015;17:52:00;461;sem vítima;85;BR-153/MG;Norte;Colisão Traseira;2;2;;;;;1
13/12/2015;16:52:00;360;sem vítima;480;BR-262/MG;Oeste;Saida de Pista;1;1;;;;;1
13/12/2015;17:52:00;400;sem vítima;548;BR-262/MG;Leste;Saida de Pista;1;1;;;;;1
14/12/2015;13:40:00;306;sem vítima;359;BR-262/MG;Oeste;Colisão Traseira;1;2;;;;;1
14/12/2015;18:12:00;441;ac02 - Acidente com Vítima;509;BR-153/GO;Norte;Colisão Traseira;1;1;;1;;;2
14/12/2015;17:48:00;429;sem vítima;768;BR-262/MG;Oeste;Outros - sequências;1;5;;;;;1
15/12/2015;20:29:00;469;sem vítima;44;BR-153/MG;Norte;Engavetamento;3;3;;;;;1
15/12/2015;15:07:00;339;sem vítima;58;BR-153/MG;Norte;Tombamento;1;1;;;;;1
15/12/2015;10:36:00;183;ac02 - Acidente com Vítima;515;BR-153/GO;Sul;Saida de Pista;1;1;1;;;;1
15/12/2015;07:10:00;87;ac02 - Acidente com Vítima;134;BR-153/MG;Sul;Tombamento;1;0;1;;;;1
15/12/2015;17:03:00;386;ac02 - Acidente com Vítima;125;BR-060/GO;Norte;Colisão Traseira;2;1;1;;;;1
15/12/2015;15:52:00;359;sem vítima;229;BR-153/MG;Sul;Outros - sequências;1;1;;;;;1
16/12/2015;14:18:00;332;sem vítima;408;BR-262/MG;Leste;Colisão Traseira;1;3;;;;;1
16/12/2015;18:27:00;482;sem vítima;66;BR-153/MG;Norte;Outros - sequências;2;3;;;;;1
16/12/2015;21:39:00;578;sem vítima;539;BR-262/MG;Oeste;Saida de Pista;1;1;;;;;1
16/12/2015;21:59:00;586;sem vítima;559;BR-262/MG;Oeste;Saida de Pista;1;1;;;;;1
16/12/2015;19:50:00;532;ac01 - Acidente com Vítima Fatal;578;BR-262/MG;Leste;Outros - sequências;2;0;1;1;;1;3
16/12/2015;20:57:00;563;sem vítima;147;BR-153/MG;Sul;Outros - sequências;1;1;;;;;1
16/12/2015;10:41:00;210;sem vítima;558,8;BR-153/GO;Sul;Colisão Traseira;2;2;;;;;1
17/12/2015;12:12:00;237;sem vítima;88;BR-060/GO;Norte;Colisão Lateral;1;2;;;;;1
17/12/2015;02:42:00;29;ac01 - Acidente com Vítima Fatal;109;BR-153/MG;Sul;Colisão Lateral;1;0;1;;;1;3
17/12/2015;09:58:00;165;ac02 - Acidente com Vítima;575;BR-262/MG;Oeste;Colisão Lateral;2;1;3;;;;1
18/12/2015;14:55:00;367;ac02 - Acidente com Vítima;18,5;BR-060/GO;Norte;"Choque - Defensa, barreira ou ""submarino""";1;0;1;;;;1
18/12/2015;23:45:00;652;sem vítima;25;BR-153/MG;Sul;Colisão Traseira;1;2;;;;;1
18/12/2015;03:45:00;33;sem vítima;48;BR-060/GO;Norte;Atropelamento - Animal;1;1;;;;;1
18/12/2015;22:19:00;616;sem vítima;422;BR-262/MG;Leste;Outros - sequências;1;2;;;;;1
18/12/2015;19:30:00;531;sem vítima;460;BR-262/MG;Leste;Tombamento;1;2;;;;;1
18/12/2015;01:39:00;17;ac02 - Acidente com Vítima;478;BR-262/MG;Leste;Colisão Lateral;1;1;1;;;;1
18/12/2015;01:04:00;13;ac02 - Acidente com Vítima;480;BR-262/MG;Leste;Colisão Lateral;1;1;2;;;;1
18/12/2015;20:07:00;554;sem vítima;121;BR-060/GO;Sul;Saida de Pista;1;1;;;;;1
19/12/2015;00:53:00;9;ac02 - Acidente com Vítima;494;BR-153/GO;Norte;Outros - sequências;1;1;1;1;;;2
19/12/2015;15:00:00;317;ac02 - Acidente com Vítima;25;BR-153/MG;Sul;Colisão Traseira;2;0;2;;;;1
19/12/2015;10:26:00;171;ac02 - Acidente com Vítima;460;BR-262/MG;Oeste;Engavetamento;1;3;1;;;;1
19/12/2015;07:06:00;57;sem vítima;583;BR-262/MG;Oeste;Colisão Traseira;1;5;;;;;1
19/12/2015;07:32:00;67;sem vítima;586;BR-262/MG;Leste;Saida de Pista;1;1;;;;;1
19/12/2015;13:56:00;287;sem vítima;651;BR-262/MG;Leste;Colisão Traseira;1;2;;;;;1
20/12/2015;22:42:00;517;sem vítima;549;BR-262/MG;Leste;Tombamento;1;2;;;;;1
20/12/2015;12:54:00;241;sem vítima;552;BR-262/MG;Oeste;Tombamento;1;1;;;;;1
20/12/2015;13:48:00;274;ac02 - Acidente com Vítima;227,9;BR-153/MG;Norte;Outros - sequências;3;1;2;;;;1
21/12/2015;10:44:00;223;ac02 - Acidente com Vítima;403;BR-262/MG;Oeste;Tombamento;1;0;1;;;;1
21/12/2015;07:30:00;77;sem vítima;107;BR-060/GO;Sul;Colisão Traseira;1;2;;;;;1
22/12/2015;21:43:00;566;sem vítima;356;BR-262/MG;Leste;;1;1;;;;;1
22/12/2015;21:18:00;557;ac02 - Acidente com Vítima;356,2;BR-262/MG;Oeste;Colisão Traseira;2;1;1;;;;1
22/12/2015;06:54:00;68;ac02 - Acidente com Vítima;80;BR-153/MG;Norte;Tombamento;1;0;2;;;;1
22/12/2015;08:10:00;101;ac02 - Acidente com Vítima;547;BR-262/MG;Leste;Tombamento;1;0;1;1;;;2
22/12/2015;08:21:00;117;sem vítima;547;BR-262/MG;Oeste;;1;1;;;;;1
22/12/2015;12:31:00;280;ac02 - Acidente com Vítima;116;BR-153/MG;Sul;Outros - sequências;1;0;3;;;;1
22/12/2015;14:32:00;340;sem vítima;113;BR-060/GO;Sul;Saida de Pista;1;1;;;;;1
22/12/2015;07:22:00;79;ac01 - Acidente com Vítima Fatal;685;BR-262/MG;Oeste;Outros - sequências;1;0;;;;1;3
22/12/2015;07:25:00;82;sem vítima;685;BR-262/MG;Oeste;;1;1;;;;;1
22/12/2015;06:01:00;54;sem vítima;688;BR-262/MG;Oeste;Colisão Traseira;1;2;;;;;1
22/12/2015;05:31:00;52;sem vítima;803;BR-262/MG;Leste;Tombamento;1;1;;;;;1
23/12/2015;20:43:00;566;ac02 - Acidente com Vítima;116;BR-153/MG;Norte;Tombamento;1;0;1;;;;1
23/12/2015;05:56:00;63;ac02 - Acidente com Vítima;534;BR-153/GO;Norte;Outros - sequências;2;1;1;1;;;2