data;horario;n_da_ocorrencia;tipo_de_ocorrencia;km;trecho;sentido;tipo_de_acidente;caminhao;ilesos;levemente_feridos;moderadamente_feridos;gravemente_feridos;mortos;3
01/03/2016;15:15:00;337;ac01 - Acidente com Vítima Fatal;466,5;BR-262/MG;Leste;Outros - sequências;2;0;4;;;1;3
01/03/2016;05:13:00;55;sem vítima;512;BR-262/MG;Oeste;Colisão Lateral;1;4;;;;;1
01/03/2016;19:20:00;461;ac02 - Acidente com Vítima;95;BR-060/GO;Norte;Queda de Moto;1;1;1;;;;1
01/03/2016;07:26:00;83;sem vítima;107;BR-060/GO;Sul;Colisão Traseira;1;2;;;;;1
01/03/2016;16:00:00;362;sem vítima;114;BR-060/GO;Sul;Tombamento;1;1;;;;;1
01/03/2016;17:47:00;420;ac02 - Acidente com Vítima;600;BR-153/GO;Norte;Tombamento;1;0;1;;;;1
02/03/2016;17:48:00;415;sem vítima;395;BR-262/MG;Oeste;Carreta deu L;1;1;;;;;1
02/03/2016;11:14:00;239;ac02 - Acidente com Vítima;501;BR-153/GO;Norte;Queda de Moto;1;1;2;;;;1
02/03/2016;04:28:00;41;sem vítima;73;BR-060/GO;Norte;Tombamento;1;1;;;;;1
03/03/2016;23:58:00;473;ac02 - Acidente com Vítima;2;BR-153/MG;Sul;Outros - sequências;2;0;1;;1;;2
03/03/2016;19:04:00;375;ac02 - Acidente com Vítima;47;BR-060/GO;Norte;Outros - sequências;1;1;2;2;;;2
03/03/2016;07:45:00;56;sem vítima;504;BR-153/GO;Norte;Colisão Lateral;1;2;;;;;1
03/03/2016;14:08:00;241;ac02 - Acidente com Vítima;93,4;BR-060/GO;Norte;Colisão Traseira;1;0;3;;;;1
03/03/2016;08:34:00;87;sem vítima;227,9;BR-153/MG;Norte;Colisão Lateral;1;3;;;;;1
04/03/2016;21:24:00;550;sem vítima;359;BR-262/MG;Oeste;Saida de Pista;1;1;;;;;1
04/03/2016;15:43:00;367;sem vítima;369,6;BR-262/MG;Leste;Outros - sequências;1;1;;;;;1
04/03/2016;16:18:00;384;ac02 - Acidente com Vítima;577;BR-262/MG;Leste;Colisão Transversal;1;2;;1;;;2
04/03/2016;19:12:00;478;sem vítima;594;BR-262/MG;Leste;Tombamento;1;1;;;;;1
04/03/2016;21:03:00;542;ac01 - Acidente com Vítima Fatal;119,2;BR-060/GO;Norte;Outros - sequências;1;0;;;;1;3
05/03/2016;16:52:00;405;ac01 - Acidente com Vítima Fatal;538;BR-262/MG;Leste;Saida de Pista;1;0;;;;1;3
05/03/2016;17:41:00;431;ac01 - Acidente com Vítima Fatal;550,8;BR-262/MG;Leste;Colisão Frontal;1;0;1;;1;1;3
05/03/2016;06:57:00;74;ac02 - Acidente com Vítima;668,5;BR-262/MG;Leste;Colisão Traseira;1;1;1;;;;1
06/03/2016;15:55:00;303;sem vítima;94;BR-153/MG;Sul;Colisão Traseira;1;5;;;;;1
06/03/2016;18:26:00;378;sem vítima;525;BR-153/GO;Norte;Outros - sequências;1;1;;;;;1
06/03/2016;07:13:00;48;sem vítima;141;BR-153/MG;Norte;Colisão Lateral;2;2;;;;;1
06/03/2016;14:36:00;261;ac02 - Acidente com Vítima;587;BR-262/MG;Oeste;Carreta deu L;1;0;1;;;;1
06/03/2016;15:26:00;285;ac02 - Acidente com Vítima;584;BR-153/GO;Norte;Outros - sequências;1;0;;1;;;2
06/03/2016;16:20:00;317;sem vítima;812;BR-262/MG;Oeste;Colisão Lateral;1;1;;;;;1
06/03/2016;14:18:00;250;sem vítima;661;BR-153/GO;Norte;Saida de Pista;1;1;;;;;1
07/03/2016;12:01:00;220;sem vítima;497;BR-153/GO;Sul;Colisão Lateral;1;2;;;;;1
07/03/2016;08:37:00;106;sem vítima;498;BR-153/GO;Norte;Colisão Traseira;1;2;;;;;1
07/03/2016;17:43:00;390;sem vítima;78,2;BR-153/MG;Norte;Saida de Pista;1;1;;;;;1
07/03/2016;06:05:00;42;ac02 - Acidente com Vítima;526;BR-262/MG;Leste;Tombamento;1;0;1;;;;1
07/03/2016;14:17:00;277;sem vítima;95;BR-060/GO;Sul;Saida de Pista;1;1;;;;;1
07/03/2016;07:01:00;59;ac02 - Acidente com Vítima;691;BR-153/GO;Norte;Colisão Traseira;2;1;1;;;;1
08/03/2016;17:51:00;419;sem vítima;506;BR-153/GO;Norte;Colisão Traseira;1;3;;;;;1
08/03/2016;08:58:00;117;ac02 - Acidente com Vítima;239;BR-153/MG;Norte;Colisão Traseira;1;0;2;1;;;2
08/03/2016;10:30:00;172;sem vítima;858;BR-262/MG;Oeste;Colisão Traseira;2;2;;;;;1
09/03/2016;13:32:00;315;ac02 - Acidente com Vítima;81;BR-060/GO;Sul;Saida de Pista;1;0;2;;;;1
09/03/2016;04:55:00;39;sem vítima;79,1;BR-153/MG;Sul;Tombamento;1;1;;;;;1
09/03/2016;13:28:00;313;sem vítima;104,8;BR-153/MG;Norte;Colisão Frontal;2;3;;;;;1
09/03/2016;09:42:00;160;sem vítima;513,2;BR-153/GO;Sul;Colisão Traseira;1;2;;;;;1
10/03/2016;09:34:00;177;sem vítima;46,3;BR-153/MG;Sul;Saida de Pista;1;1;;;;;1
10/03/2016;08:24:00;113;ac02 - Acidente com Vítima;513;BR-153/GO;Norte;Colisão Lateral;1;1;1;;;;1
10/03/2016;09:25:00;164;sem vítima;653;BR-262/MG;Leste;Saida de Pista;1;2;;;;;1
10/03/2016;13:15:00;313;sem vítima;690;BR-262/MG;Leste;Colisão Traseira;2;3;;;;;1
10/03/2016;19:37:00;521;sem vítima;799;BR-262/MG;Leste;Saida de Pista;1;2;;;;;1
11/03/2016;11:56:00;250;ac02 - Acidente com Vítima;405;BR-262/MG;Oeste;Colisão Lateral;1;1;1;;;;1
11/03/2016;15:55:00;381;sem vítima;501,5;BR-153/GO;Sul;Colisão Traseira;2;2;;;;;1
11/03/2016;14:01:00;315;ac02 - Acidente com Vítima;210;BR-153/MG;Sul;Tombamento;1;0;1;;;;1
11/03/2016;13:32:00;301;sem vítima;882;BR-262/MG;Leste;Saida de Pista;1;1;;;;;1
12/03/2016;08:00:00;98;sem vítima;45,5;BR-153/MG;Norte;Saida de Pista;1;3;;;;;1
12/03/2016;14:17:00;332;sem vítima;506;BR-153/GO;Sul;Colisão Traseira;1;2;;;;;1
12/03/2016;09:04:00;138;ac02 - Acidente com Vítima;587;BR-262/MG;Oeste;Outros - sequências;2;1;;;1;;2
12/03/2016;12:54:00;269;sem vítima;128;BR-060/GO;Sul;Saida de Pista;1;1;;;;;1
13/03/2016;17:10:00;327;sem vítima;509;BR-262/MG;Leste;Colisão Traseira;1;2;;;;;1
13/03/2016;08:01:00;85;ac02 - Acidente com Vítima;144;BR-153/MG;Norte;Colisão Traseira;2;1;1;;;;1
13/03/2016;02:59:00;23;sem vítima;639;BR-262/MG;Leste;Saida de Pista;1;1;;;;;1
13/03/2016;00:36:00;8;sem vítima;646;BR-262/MG;Leste;Saida de Pista;1;1;;;;;1
14/03/2016;04:53:00;27;sem vítima;578;BR-153/GO;Sul;Saida de Pista;1;1;;;;;1
14/03/2016;14:57:00;328;sem vítima;227;BR-153/MG;Sul;Colisão Lateral;2;2;;;;;1
15/03/2016;12:39:00;278;ac02 - Acidente com Vítima;657,6;BR-153/GO;Sul;Colisão Lateral;1;1;1;;;;1
16/03/2016;20:29:00;492;ac02 - Acidente com Vítima;13;BR-060/GO;Norte;Colisão Traseira;2;1;1;;1;;2
16/03/2016;14:11:00;295;ac02 - Acidente com Vítima;14;BR-153/MG;Sul;Colisão Traseira;1;1;1;1;;;2
16/03/2016;12:55:00;253;ac02 - Acidente com Vítima;432,3;BR-262/MG;Oeste;Saida de Pista;1;0;;1;1;;2
16/03/2016;21:27:00;512;ac02 - Acidente com Vítima;528;BR-262/MG;Oeste;Colisão Lateral;2;0;2;;;;1
16/03/2016;10:32:00;181;ac02 - Acidente com Vítima;213,8;BR-153/MG;Norte;Colisão Traseira;1;2;1;;;;1
16/03/2016;12:07:00;236;sem vítima;119;BR-060/GO;Norte;Colisão Lateral;1;2;;;;;1
17/03/2016;21:24:00;511;ac02 - Acidente com Vítima;16;BR-153/MG;Sul;Colisão Traseira;2;1;1;;;;1
17/03/2016;07:19:00;82;ac02 - Acidente com Vítima;430;BR-262/MG;Oeste;Tombamento;1;0;1;;;;1
17/03/2016;04:43:00;45;sem vítima;46;BR-153/MG;Sul;Carreta deu L;1;1;;;;;1
17/03/2016;07:44:00;96;sem vítima;138;BR-153/MG;Norte;Tombamento;1;1;;;;;1
17/03/2016;21:08:00;506;sem vítima;793;BR-262/MG;Leste;Colisão Traseira;1;3;;;;;1
17/03/2016;16:15:00;402;ac02 - Acidente com Vítima;691;BR-153/GO;Norte;Saida de Pista;1;1;2;;;;1
18/03/2016;22:46:00;579;ac02 - Acidente com Vítima;4;BR-060/GO;Sul;Engavetamento;4;7;3;;1;;2
18/03/2016;22:03:00;567;sem vítima;5;BR-060/GO;Sul;Colisão Traseira;1;2;;;;;1
18/03/2016;12:11:00;257;sem vítima;97;BR-060/GO;Norte;Colisão Lateral;1;2;;;;;1
18/03/2016;15:46:00;392;sem vítima;594;BR-262/MG;Leste;Saida de Pista;1;2;;;;;1
19/03/2016;22:03:00;482;sem vítima;4;BR-060/GO;Sul;Outros - sequências;1;1;;;;;1
19/03/2016;06:19:00;64;ac02 - Acidente com Vítima;393;BR-262/MG;Leste;Colisão Traseira;2;0;1;1;;;2
19/03/2016;11:14:00;257;ac02 - Acidente com Vítima;447;BR-262/MG;Leste;Outros - sequências;1;0;1;;;;1
19/03/2016;13:25:00;330;ac02 - Acidente com Vítima;549;BR-262/MG;Oeste;Saida de Pista;1;0;;1;;;2
19/03/2016;01:52:00;29;sem vítima;593;BR-262/MG;Leste;Saida de Pista;1;1;;;;;1
19/03/2016;14:33:00;359;sem vítima;803;BR-262/MG;Oeste;Colisão Lateral;2;2;;;;;1
19/03/2016;18:09:00;476;sem vítima;660,1;BR-153/GO;Sul;Tombamento;1;1;;;;;1
20/03/2016;17:10:00;363;sem vítima;7,6;BR-060/GO;Sul;Saida de Pista;1;2;;;;;1
20/03/2016;11:11:00;183;sem vítima;80;BR-060/GO;Sul;Colisão Traseira;1;2;;;;;1
20/03/2016;15:29:00;308;sem vítima;614,5;BR-153/GO;Norte;Outros - sequências;1;2;;;;;1
21/03/2016;22:54:00;564;ac01 - Acidente com Vítima Fatal;630,1;BR-153/GO;Sul;Colisão Traseira;2;0;;;1;1;3
21/03/2016;17:08:00;438;ac01 - Acidente com Vítima Fatal;801,5;BR-262/MG;Leste;Colisão Transversal;1;0;2;;;1;3
22/03/2016;15:48:00;417;sem vítima;3,6;BR-153/MG;Sul;Saida de Pista;1;2;;;;;1
22/03/2016;08:27:00;118;sem vítima;31;BR-060/GO;Norte;Colisão Lateral;1;2;;;;;1
22/03/2016;11:41:00;282;sem vítima;107;BR-060/GO;Norte;Colisão Traseira;1;2;;;;;1
22/03/2016;15:10:00;394;sem vítima;701;BR-153/GO;Norte;Colisão Traseira;2;2;;;;;1
23/03/2016;09:20:00;173;sem vítima;368;BR-262/MG;Leste;;1;1;;;;;1
23/03/2016;12:08:00;291;ac02 - Acidente com Vítima;500;BR-153/GO;Norte;Colisão Lateral;1;0;2;;;;1
23/03/2016;22:20:00;611;sem vítima;804,9;BR-262/MG;Oeste;"Choque - Defensa, barreira ou ""submarino""";1;1;;;;;1
24/03/2016;07:48:00;95;ac02 - Acidente com Vítima;58;BR-153/MG;Sul;Tombamento;1;0;1;;;;1
24/03/2016;04:03:00;30;sem vítima;554;BR-262/MG;Oeste;Tombamento;1;1;;;;;1
24/03/2016;05:32:00;40;sem vítima;586;BR-262/MG;Leste;Carreta deu L;1;1;;;;;1
24/03/2016;05:32:00;62;sem vítima;586;BR-262/MG;Leste;Saida de Pista;1;1;;;;;1
24/03/2016;10:37:00;191;sem vítima;246,6;BR-153/MG;Sul;Colisão Lateral;1;4;;;;;1
25/03/2016;05:18:00;48;ac02 - Acidente com Vítima;87;BR-060/GO;Sul;Colisão Traseira;1;1;1;;;;1
26/03/2016;15:13:00;317;ac02 - Acidente com Vítima;73;BR-060/GO;Norte;Colisão Traseira;1;3;;1;;;2
26/03/2016;10:49:00;183;ac02 - Acidente com Vítima;574;BR-262/MG;Leste;Saida de Pista;1;0;3;;;;1
26/03/2016;09:24:00;129;ac02 - Acidente com Vítima;582;BR-262/MG;Oeste;Colisão Lateral;2;1;1;;;;1
26/03/2016;20:58:00;451;ac02 - Acidente com Vítima;586;BR-262/MG;Leste;Colisão Traseira;1;0;4;;;;1
27/03/2016;15:58:00;382;ac02 - Acidente com Vítima;57,6;BR-060/GO;Norte;Colisão Transversal;1;1;2;1;;;2
27/03/2016;20:00:00;540;sem vítima;454;BR-262/MG;Oeste;Colisão Lateral;1;2;;;;;1
27/03/2016;20:50:00;572;ac02 - Acidente com Vítima;86,3;BR-060/GO;Sul;Colisão Traseira;1;2;1;;;;1
27/03/2016;16:08:00;387;ac02 - Acidente com Vítima;479;BR-262/MG;Leste;Outros - sequências;1;1;4;;;;1
27/03/2016;13:45:00;296;ac02 - Acidente com Vítima;577,5;BR-262/MG;Oeste;Colisão Lateral;1;1;;1;;;2
27/03/2016;00:57:00;10;sem vítima;134;BR-153/MG;Norte;Outros - sequências;1;2;;;;;1
27/03/2016;15:39:00;365;ac02 - Acidente com Vítima;594,8;BR-262/MG;Leste;Outros - sequências;1;0;7;;;;1
28/03/2016;04:52:00;34;sem vítima;407;BR-262/MG;Oeste;Tombamento;1;1;;;;;1
28/03/2016;17:45:00;411;ac02 - Acidente com Vítima;34;BR-153/MG;Norte;Tombamento;1;0;5;;;;1
28/03/2016;01:25:00;16;ac02 - Acidente com Vítima;67,8;BR-060/GO;Norte;Colisão Traseira;1;1;1;2;1;;2
28/03/2016;14:41:00;304;sem vítima;445;BR-262/MG;Oeste;Tombamento;1;1;;;;;1
28/03/2016;17:54:00;418;sem vítima;62;BR-153/MG;Sul;Carreta deu L;1;1;;;;;1
28/03/2016;11:14:00;197;ac02 - Acidente com Vítima;137,5;BR-153/MG;Norte;Colisão Traseira;1;2;2;;;;1
28/03/2016;06:16:00;48;ac01 - Acidente com Vítima Fatal;644;BR-262/MG;Leste;Outros - sequências;1;1;;;;1;3
28/03/2016;17:48:00;414;sem vítima;118,3;BR-060/GO;Sul;Colisão Lateral;1;5;;;;;1
29/03/2016;17:31:00;419;ac02 - Acidente com Vítima;506;BR-153/GO;Sul;Colisão Traseira;1;1;3;;;;1
29/03/2016;19:31:00;468;sem vítima;97;BR-060/GO;Sul;Outros - sequências;2;2;;;;;1
29/03/2016;21:14:00;478;ac02 - Acidente com Vítima;133;BR-153/MG;Sul;Colisão Traseira;2;1;1;;;;1
29/03/2016;21:19:00;481;sem vítima;135;BR-153/MG;Sul;;1;1;;;;;1
29/03/2016;16:24:00;386;sem vítima;900;BR-262/MG;Leste;Tombamento;1;1;;;;;1
30/03/2016;22:57:00;535;ac01 - Acidente com Vítima Fatal;362,5;BR-262/MG;Leste;Colisão Traseira;1;1;;;;1;3
30/03/2016;14:46:00;333;sem vítima;495,8;BR-153/GO;Sul;Colisão Traseira;1;2;;;;;1
30/03/2016;03:27:00;37;sem vítima;23,5;BR-153/MG;Norte;Tombamento;1;1;;;;;1
30/03/2016;03:30:00;38;ac02 - Acidente com Vítima;527;BR-153/GO;Norte;Colisão Traseira;1;1;1;;;;1
30/03/2016;06:04:00;48;sem vítima;737;BR-262/MG;Leste;Saida de Pista;1;1;;;;;1
31/03/2016;20:35:00;513;ac02 - Acidente com Vítima;64,1;BR-153/MG;Norte;Tombamento;1;0;1;;;;1
31/03/2016;03:41:00;32;ac02 - Acidente com Vítima;675,5;BR-153/GO;Sul;Tombamento;1;0;1;;;;1
01/04/2016;19:19:00;443;sem vítima;500;BR-153/GO;Sul;Colisão Traseira;1;2;;;;;1
01/04/2016;16:30:00;363;sem vítima;49,7;BR-153/MG;Norte;Saida de Pista;1;3;;;;;1
02/04/2016;14:37:00;288;ac02 - Acidente com Vítima;45;BR-153/MG;Sul;Outros - sequências;1;0;;1;;;2
03/04/2016;14:47:00;274;ac02 - Acidente com Vítima;60;BR-060/GO;Sul;Colisão Traseira;1;1;3;;;;1
03/04/2016;09:02:00;94;ac02 - Acidente com Vítima;198;BR-153/MG;Sul;Colisão Traseira;2;1;1;;;;1
04/04/2016;20:20:00;539;sem vítima;376,5;BR-262/MG;Leste;Saida de Pista;1;1;;;;;1
04/04/2016;22:18:00;578;ac01 - Acidente com Vítima Fatal;100;BR-060/GO;Sul;Outros - sequências;1;1;2;;;1;3
04/04/2016;22:42:00;582;ac02 - Acidente com Vítima;637,9;BR-262/MG;Oeste;Tombamento;1;0;1;;;;1
06/04/2016;14:17:00;313;ac02 - Acidente com Vítima;0;BR-060/DF;Sul;Outros - sequências;1;1;3;;;;1
06/04/2016;00:46:00;8;ac02 - Acidente com Vítima;508;BR-153/GO;Sul;Choque - Poste;1;1;1;;;;1
06/04/2016;22:55:00;520;ac02 - Acidente com Vítima;631,1;BR-153/GO;Sul;Colisão Traseira;2;1;;;1;;2
07/04/2016;14:08:00;305;sem vítima;52;BR-153/MG;Norte;Colisão Traseira;1;2;;;;;1
07/04/2016;01:46:00;20;sem vítima;467;BR-262/MG;Oeste;Atropelamento - Animal;1;1;;;;;1
07/04/2016;10:26:00;200;ac02 - Acidente com Vítima;554;BR-262/MG;Oeste;Tombamento;1;0;1;;;;1
07/04/2016;16:09:00;364;ac02 - Acidente com Vítima;525;BR-153/GO;Sul;Colisão Traseira;2;1;;1;;;2
07/04/2016;20:31:00;476;sem vítima;675;BR-153/GO;Norte;Colisão Lateral;1;2;;;;;1
08/04/2016;11:24:00;266;ac02 - Acidente com Vítima;14;BR-060/GO;Sul;Engavetamento;2;3;4;;;;1
08/04/2016;19:22:00;510;sem vítima;389;BR-262/MG;Leste;Colisão Traseira;2;2;;;;;1
08/04/2016;07:08:00;85;ac02 - Acidente com Vítima;88;BR-153/MG;Norte;Outros - sequências;2;1;1;;;;1
08/04/2016;11:18:00;262;ac02 - Acidente com Vítima;213,6;BR-153/MG;Sul;Saida de Pista;2;2;1;;;;1
08/04/2016;17:36:00;458;sem vítima;797;BR-262/MG;Oeste;Tombamento;2;2;;;;;1
09/04/2016;06:26:00;93;ac02 - Acidente com Vítima;426;BR-262/MG;Leste;Colisão Lateral;1;0;2;;;;1
09/04/2016;08:06:00;134;ac02 - Acidente com Vítima;477,8;BR-262/MG;Leste;Colisão Transversal;1;0;2;;;;1
09/04/2016;22:07:00;617;ac02 - Acidente com Vítima;70;BR-153/MG;Norte;Colisão Traseira;2;1;1;;;;1
09/04/2016;18:03:00;499;ac02 - Acidente com Vítima;546,5;BR-153/GO;Norte;Colisão Transversal;1;1;;1;;;2
09/04/2016;09:11:00;185;sem vítima;131,1;BR-060/GO;Norte;Colisão Traseira;2;2;;;;;1
10/04/2016;10:52:00;152;ac02 - Acidente com Vítima;646,5;BR-262/MG;Leste;Colisão Frontal;1;0;1;;1;;2
11/04/2016;01:32:00;15;ac02 - Acidente com Vítima;30;BR-060/GO;Sul;Colisão Traseira;2;1;;1;;;2
11/04/2016;12:23:00;267;ac02 - Acidente com Vítima;185,6;BR-153/MG;Sul;Tombamento;1;0;;1;;;2
11/04/2016;11:57:00;254;ac02 - Acidente com Vítima;693;BR-262/MG;Leste;Tombamento;1;0;1;;;;1
11/04/2016;10:40:00;212;sem vítima;880;BR-262/MG;Leste;Saida de Pista;1;2;;;;;1
12/04/2016;13:42:00;308;sem vítima;363;BR-262/MG;Oeste;Colisão Traseira;2;2;;;;;1
12/04/2016;19:37:00;510;ac02 - Acidente com Vítima;566;BR-262/MG;Oeste;Colisão Lateral;1;0;3;;;;1
13/04/2016;14:13:00;318;sem vítima;364;BR-262/MG;Oeste;Outros - sequências;1;2;;;;;1
13/04/2016;07:43:00;83;ac02 - Acidente com Vítima;500;BR-153/GO;Norte;Colisão Traseira;1;1;1;;;;1
13/04/2016;09:26:00;141;sem vítima;485;BR-262/MG;Oeste;Colisão Traseira;2;2;;;;;1
13/04/2016;05:28:00;40;ac02 - Acidente com Vítima;632;BR-262/MG;Leste;Tombamento;1;0;1;;;;1
14/04/2016;15:27:00;349;ac02 - Acidente com Vítima;113;BR-060/GO;Norte;Engavetamento;1;0;3;;;;1
14/04/2016;16:10:00;380;sem vítima;850,5;BR-262/MG;Oeste;Carreta deu L;1;1;;;;;1
15/04/2016;19:47:00;485;ac02 - Acidente com Vítima;494;BR-153/GO;Norte;Colisão Lateral;1;1;1;;;;1
15/04/2016;14:39:00;334;ac02 - Acidente com Vítima;494,5;BR-153/GO;Norte;Outros - sequências;1;0;2;;;;1
15/04/2016;18:10:00;452;sem vítima;94;BR-060/GO;Norte;Colisão Lateral;1;2;;;;;1
15/04/2016;07:52:00;65;sem vítima;133;BR-060/GO;Sul;Colisão Lateral;2;2;;;;;1
16/04/2016;04:43:00;48;sem vítima;442;BR-262/MG;Leste;Outros - sequências;1;1;;;;;1
16/04/2016;20:40:00;486;ac02 - Acidente com Vítima;89;BR-153/MG;Sul;Outros - sequências;1;2;4;;;;1
16/04/2016;10:10:00;158;ac02 - Acidente com Vítima;619;BR-153/GO;Norte;Colisão Lateral;1;0;2;;;;1
17/04/2016;23:12:00;473;sem vítima;602,5;BR-262/MG;Leste;Tombamento;1;1;;;;;1
17/04/2016;18:50:00;353;ac02 - Acidente com Vítima;783;BR-262/MG;Leste;Colisão Traseira;1;0;2;;;;1
18/04/2016;22:11:00;530;sem vítima;28;BR-153/MG;Sul;Colisão Traseira;2;2;;;;;1
18/04/2016;23:06:00;547;ac02 - Acidente com Vítima;28;BR-153/MG;Sul;Colisão Traseira;1;1;1;;;;1
18/04/2016;08:42:00;116;sem vítima;87;BR-060/GO;Norte;Outros - sequências;1;1;;;;;1
19/04/2016;02:36:00;18;ac02 - Acidente com Vítima;114;BR-153/MG;Sul;Tombamento;1;1;1;;;;1
19/04/2016;20:56:00;518;ac02 - Acidente com Vítima;585;BR-153/GO;Norte;Tombamento;1;0;;;1;;2
20/04/2016;13:59:00;332;sem vítima;496;BR-153/GO;Sul;Colisão Traseira;1;2;;;;;1
20/04/2016;22:08:00;600;ac02 - Acidente com Vítima;425;BR-262/MG;Leste;Tombamento;1;1;2;;;;1
20/04/2016;05:00:00;51;ac02 - Acidente com Vítima;477,5;BR-262/MG;Leste;Colisão Lateral;1;1;1;;;;1
21/04/2016;03:51:00;34;sem vítima;30;BR-060/GO;Sul;Colisão Traseira;1;5;;;;;1
21/04/2016;08:54:00;117;sem vítima;179;BR-153/MG;Norte;Colisão Lateral;1;3;;;;;1
22/04/2016;23:07:00;525;ac01 - Acidente com Vítima Fatal;583;BR-262/MG;Leste;Tombamento;1;0;1;;;1;3
22/04/2016;09:20:00;131;sem vítima;637;BR-153/GO;Norte;Colisão Frontal;1;2;;;;;1
23/04/2016;09:14:00;116;ac02 - Acidente com Vítima;419;BR-262/MG;Leste;Colisão Lateral;1;1;3;;;;1
23/04/2016;23:42:00;484;ac02 - Acidente com Vítima;210;BR-153/MG;Sul;Saida de Pista;1;0;2;;;;1
24/04/2016;17:29:00;418;ac02 - Acidente com Vítima;1;BR-153/MG;Norte;Colisão Traseira;1;1;1;;;;1
24/04/2016;13:10:00;238;sem vítima;409;BR-262/MG;Oeste;Tombamento;1;1;;;;;1
24/04/2016;12:54:00;222;ac02 - Acidente com Vítima;58;BR-153/MG;Sul;Tombamento;1;0;1;;;;1
25/04/2016;12:28:00;250;sem vítima;553;BR-153/GO;Norte;Colisão Lateral;1;2;;;;;1
25/04/2016;17:06:00;408;ac02 - Acidente com Vítima;664;BR-262/MG;Leste;Outros - sequências;1;1;4;;;;1
26/04/2016;17:18:00;461;sem vítima;0,8;BR-153/MG;Sul;Choque - Outros;1;1;;;;;1
26/04/2016;15:52:00;399;sem vítima;7;BR-060/GO;Norte;Colisão Traseira;2;2;;;;;1
26/04/2016;18:40:00;507;sem vítima;497;BR-153/GO;Sul;Outros - sequências;1;2;;;;;1
27/04/2016;05:42:00;31;sem vítima;44;BR-153/MG;Norte;Colisão Traseira;2;3;;;;;1
27/04/2016;06:58:00;44;ac02 - Acidente com Vítima;467;BR-262/MG;Leste;Engavetamento;1;2;1;2;;;2
27/04/2016;19:41:00;452;ac02 - Acidente com Vítima;508;BR-153/GO;Sul;Colisão Lateral;1;1;2;;;;1
27/04/2016;19:34:00;447;ac02 - Acidente com Vítima;75;BR-153/MG;Sul;Outros - sequências;1;0;2;;;;1
27/04/2016;20:33:00;484;ac02 - Acidente com Vítima;525;BR-262/MG;Leste;Outros - sequências;3;1;2;;;;1
27/04/2016;20:42:00;486;ac01 - Acidente com Vítima Fatal;678;BR-262/MG;Oeste;Outros - sequências;1;1;;;;1;3
27/04/2016;21:58:00;514;ac02 - Acidente com Vítima;678;BR-262/MG;Leste;Outros - sequências;1;0;1;;;;1
28/04/2016;16:33:00;385;ac02 - Acidente com Vítima;13,9;BR-153/MG;Sul;Outros - sequências;2;2;1;;;;1
28/04/2016;17:32:00;420;sem vítima;385;BR-262/MG;Oeste;Outros - sequências;2;2;;;;;1
28/04/2016;11:07:00;219;sem vítima;32;BR-060/GO;Sul;Colisão Lateral;1;2;;;;;1
28/04/2016;11:53:00;246;sem vítima;48,1;BR-153/MG;Norte;Colisão Traseira;2;3;;;;;1
28/04/2016;15:57:00;363;sem vítima;515;BR-153/GO;Sul;Outros - sequências;1;2;;;;;1
28/04/2016;15:04:00;335;ac02 - Acidente com Vítima;600;BR-262/MG;Leste;"Choque - Defensa, barreira ou ""submarino""";1;1;2;;;;1
28/04/2016;01:54:00;20;sem vítima;700,8;BR-262/MG;Leste;Atropelamento - Animal;1;1;;;;;1
28/04/2016;02:38:00;23;sem vítima;702,5;BR-262/MG;Oeste;Colisão Frontal;2;2;;;;;1
28/04/2016;14:03:00;310;ac02 - Acidente com Vítima;793;BR-262/MG;Oeste;Saida de Pista;1;1;1;;;;1
29/04/2016;02:15:00;40;sem vítima;13,5;BR-153/MG;Norte;Outros - sequências;1;1;;;;;1
29/04/2016;22:19:00;523;sem vítima;509;BR-153/GO;Sul;Engavetamento;1;3;;;;;1
29/04/2016;14:03:00;310;sem vítima;512,83;BR-262/MG;Leste;Colisão Traseira;2;2;;;;;1
29/04/2016;15:54:00;368;ac02 - Acidente com Vítima;547,95;BR-262/MG;Leste;Tombamento;1;0;1;;;;1
29/04/2016;08:55:00;155;sem vítima;573;BR-262/MG;Oeste;Carreta deu L;1;2;;;;;1
29/04/2016;20:18:00;486;ac02 - Acidente com Vítima;573;BR-262/MG;Oeste;Outros - sequências;2;3;1;1;;;2
29/04/2016;07:08:00;97;sem vítima;582;BR-262/MG;Leste;Saida de Pista;1;1;;;;;1
29/04/2016;16:17:00;380;ac01 - Acidente com Vítima Fatal;582;BR-262/MG;Leste;Colisão Transversal;1;1;;;;1;3
29/04/2016;21:44:00;513;sem vítima;547;BR-153/GO;Norte;Tombamento;1;1;;;;;1
29/04/2016;05:51:00;78;ac02 - Acidente com Vítima;587;BR-262/MG;Leste;Saida de Pista;1;0;1;;;;1
29/04/2016;06:20:00;84;ac02 - Acidente com Vítima;587;BR-262/MG;Oeste;Colisão Frontal;2;0;1;1;;;2
29/04/2016;09:21:00;170;sem vítima;641;BR-262/MG;Leste;Saida de Pista;1;1;;;;;1
30/04/2016;19:00:00;371;sem vítima;1;BR-153/MG;Sul;Colisão Transversal;1;2;;;;;1
01/05/2016;18:21:00;341;sem vítima;388;BR-262/MG;Leste;Colisão Traseira;1;2;;;;;1
01/05/2016;18:01:00;336;sem vítima;464,1;BR-262/MG;Oeste;;1;3;;;;;1
03/05/2016;06:26:00;36;sem vítima;582,3;BR-153/GO;Sul;Saida de Pista;1;1;;;;;1
03/05/2016;07:35:00;57;ac01 - Acidente com Vítima Fatal;633;BR-262/MG;Leste;Colisão Frontal;1;1;;;;1;3
03/05/2016;03:28:00;15;sem vítima;677,8;BR-153/GO;Sul;Atropelamento - Animal;1;1;;;;;1