data;horario;n_da_ocorrencia;tipo_de_ocorrencia;km;trecho;sentido;tipo_de_acidente;caminhao;ilesos;levemente_feridos;moderadamente_feridos;gravemente_feridos;mortos;3
04/05/2016;12:46:00;230;ac02 - Acidente com Vítima;41,4;BR-060/GO;Sul;Colisão Traseira;1;1;1;;;;1
04/05/2016;17:22:00;401;ac02 - Acidente com Vítima;501;BR-153/GO;Norte;Colisão Traseira;2;1;1;;;;1
04/05/2016;19:33:00;478;sem vítima;94;BR-060/GO;Norte;Colisão Traseira;1;2;;;;;1
04/05/2016;05:15:00;18;ac01 - Acidente com Vítima Fatal;687,3;BR-262/MG;Leste;Colisão Frontal;2;0;;1;;1;3
04/05/2016;08:33:00;72;sem vítima;688;BR-262/MG;Leste;Colisão Traseira;1;2;;;;;1
05/05/2016;15:03:00;304;ac02 - Acidente com Vítima;1;BR-060/GO;Norte;Saida de Pista;1;1;2;;;;1
05/05/2016;12:58:00;258;sem vítima;443;BR-262/MG;Leste;Outros - sequências;2;2;;;;;1
05/05/2016;09:01:00;121;ac02 - Acidente com Vítima;86;BR-060/GO;Sul;Atropelamento - Usuário;1;1;;1;;;2
05/05/2016;12:01:00;237;ac02 - Acidente com Vítima;124,5;BR-153/MG;Sul;Engavetamento;4;0;4;1;;;2
05/05/2016;12:26:00;247;sem vítima;763;BR-262/MG;Oeste;Saida de Pista;1;1;;;;;1
05/05/2016;01:38:00;19;ac02 - Acidente com Vítima;124;BR-060/GO;Norte;Tombamento;1;0;1;;;;1
05/05/2016;05:19:00;38;ac02 - Acidente com Vítima;695;BR-153/GO;Sul;Saida de Pista;1;0;1;;;;1
06/05/2016;21:18:00;516;ac02 - Acidente com Vítima;498;BR-153/GO;Norte;Atropelamento - Funcionário;1;1;;2;;;2
06/05/2016;06:30:00;51;sem vítima;497,3;BR-262/MG;Leste;Colisão Lateral;1;2;;;;;1
06/05/2016;19:28:00;472;sem vítima;603;BR-262/MG;Leste;Colisão Lateral;1;2;;;;;1
08/05/2016;23:47:00;504;ac02 - Acidente com Vítima;562;BR-262/MG;Leste;Capotamento;1;0;1;;;;1
08/05/2016;22:15:00;474;sem vítima;580;BR-262/MG;Oeste;Tombamento;1;1;;;;;1
08/05/2016;15:12:00;252;ac02 - Acidente com Vítima;656,5;BR-153/GO;Sul;Saida de Pista;1;0;;1;;;2
09/05/2016;13:36:00;274;ac02 - Acidente com Vítima;43;BR-153/MG;Norte;Outros - sequências;1;1;;1;;;2
09/05/2016;23:45:00;527;sem vítima;519;BR-262/MG;Leste;Colisão Lateral;1;2;;;;;1
10/05/2016;18:32:00;460;ac02 - Acidente com Vítima;503;BR-153/GO;Sul;Colisão Traseira;1;1;3;;;;1
11/05/2016;06:33:00;51;sem vítima;362;BR-262/MG;Oeste;"Choque - Defensa, barreira ou ""submarino""";1;1;;;;;1
11/05/2016;16:07:00;361;ac02 - Acidente com Vítima;137;BR-153/MG;Sul;Outros - sequências;2;0;1;3;;;2
11/05/2016;09:45:00;141;ac02 - Acidente com Vítima;148;BR-153/MG;Norte;Colisão Traseira;3;1;3;;;;1
12/05/2016;22:29:00;565;sem vítima;5,8;BR-060/GO;Sul;Outros - sequências;1;2;;;;;1
12/05/2016;06:00:00;46;sem vítima;109;BR-153/MG;Sul;Colisão Traseira;2;2;;;;;1
12/05/2016;23:59:00;589;sem vítima;701;BR-262/MG;Leste;Tombamento;1;1;;;;;1
13/05/2016;17:06:00;356;ac02 - Acidente com Vítima;497;BR-153/GO;Norte;Carreta deu L;1;0;1;;;;1
13/05/2016;17:58:00;394;ac02 - Acidente com Vítima;502;BR-153/GO;Norte;Colisão Traseira;1;1;;1;;;2
13/05/2016;14:41:00;268;ac02 - Acidente com Vítima;574;BR-262/MG;Oeste;Outros - sequências;2;1;1;;;;1
13/05/2016;15:31:00;301;sem vítima;578;BR-262/MG;Oeste;Outros - sequências;1;2;;;;;1
13/05/2016;13:38:00;230;ac02 - Acidente com Vítima;104;BR-060/GO;Sul;Saida de Pista;1;0;2;;;;1
13/05/2016;19:14:00;429;ac02 - Acidente com Vítima;594;BR-262/MG;Oeste;Outros - sequências;1;0;2;;;;1
13/05/2016;14:16:00;252;sem vítima;747;BR-262/MG;Oeste;Saida de Pista;1;1;;;;;1
13/05/2016;19:52:00;447;ac02 - Acidente com Vítima;133;BR-060/GO;Sul;Colisão Traseira;1;1;1;;;;1
14/05/2016;13:37:00;261;ac02 - Acidente com Vítima;500;BR-153/GO;Norte;Colisão Traseira;1;0;2;;;;1
14/05/2016;18:16:00;385;ac02 - Acidente com Vítima;662;BR-262/MG;Oeste;Tombamento;1;1;1;;;;1
15/05/2016;10:38:00;160;sem vítima;492;BR-262/MG;Oeste;Colisão Lateral;1;2;;;;;1
15/05/2016;23:30:00;456;sem vítima;667;BR-262/MG;Leste;Saida de Pista;1;1;;;;;1
16/05/2016;09:43:00;136;sem vítima;578;BR-262/MG;Leste;Colisão Lateral;1;2;;;;;1
16/05/2016;13:25:00;236;ac02 - Acidente com Vítima;585;BR-262/MG;Oeste;Tombamento;1;0;1;;;;1
16/05/2016;09:39:00;131;sem vítima;592;BR-262/MG;Leste;Saida de Pista;1;1;;;;;1
16/05/2016;14:10:00;260;ac02 - Acidente com Vítima;113;BR-060/GO;Sul;Outros - sequências;1;0;1;;;;1
16/05/2016;06:40:00;43;ac02 - Acidente com Vítima;208;BR-153/MG;Sul;Colisão Lateral;1;1;1;;;;1
16/05/2016;15:36:00;316;ac02 - Acidente com Vítima;625,7;BR-153/GO;Sul;Outros - sequências;1;0;2;;;;1
17/05/2016;12:33:00;282;sem vítima;479;BR-262/MG;Oeste;Colisão Lateral;1;2;;;;;1
17/05/2016;11:00:00;239;ac02 - Acidente com Vítima;608;BR-153/GO;Sul;Colisão Traseira;1;1;;1;;;2
17/05/2016;12:21:00;275;sem vítima;615;BR-153/GO;Norte;Colisão Traseira;2;2;;;;;1
17/05/2016;19:18:00;467;ac02 - Acidente com Vítima;793;BR-262/MG;Oeste;Tombamento;1;0;1;;;;1
18/05/2016;20:35:00;513;ac02 - Acidente com Vítima;38;BR-060/GO;Sul;Capotamento;1;0;1;;;;1
18/05/2016;17:00:00;415;ac02 - Acidente com Vítima;28,5;BR-153/MG;Sul;Saida de Pista;2;0;2;;;;1
19/05/2016;07:47:00;82;ac02 - Acidente com Vítima;38;BR-060/GO;Sul;Tombamento;1;0;;;1;;2
19/05/2016;20:56:00;490;sem vítima;223;BR-153/MG;Sul;Outros - sequências;2;2;;;;;1
19/05/2016;16:58:00;389;sem vítima;655;BR-153/GO;Norte;Outros - sequências;1;1;;;;;1
20/05/2016;19:00:00;504;ac02 - Acidente com Vítima;115;BR-060/GO;Sul;Colisão Traseira;1;1;4;1;;;2
21/05/2016;02:55:00;26;ac02 - Acidente com Vítima;440;BR-262/MG;Oeste;Saida de Pista;1;0;1;;;;1
21/05/2016;13:50:00;240;sem vítima;107;BR-060/GO;Norte;Colisão Traseira;1;2;;;;;1
21/05/2016;20:31:00;448;ac02 - Acidente com Vítima;714;BR-262/MG;Leste;Colisão Lateral;2;0;2;;1;;2
21/05/2016;06:14:00;54;sem vítima;246,3;BR-153/MG;Sul;Carreta deu L;1;1;;;;;1
22/05/2016;21:31:00;485;sem vítima;28;BR-060/GO;Norte;Outros - sequências;1;2;;;;;1
23/05/2016;10:47:00;298;sem vítima;101;BR-060/GO;Norte;Colisão Lateral;2;2;;;;;1
24/05/2016;21:02:00;551;ac02 - Acidente com Vítima;33,5;BR-060/GO;Norte;Colisão Traseira;1;0;2;;;;1
24/05/2016;10:12:00;212;ac02 - Acidente com Vítima;93;BR-060/GO;Sul;Colisão Traseira;1;2;1;;;;1
25/05/2016;15:52:00;389;ac02 - Acidente com Vítima;35,3;BR-060/GO;Norte;Colisão Traseira;1;1;1;;;;1
25/05/2016;05:47:00;52;sem vítima;407;BR-262/MG;Leste;Tombamento;1;1;;;;;1
26/05/2016;18:59:00;490;ac02 - Acidente com Vítima;415;BR-262/MG;Oeste;Tombamento;1;0;1;;;;1
26/05/2016;19:18:00;492;ac02 - Acidente com Vítima;531;BR-153/GO;Sul;Outros - sequências;1;1;;1;;;2
26/05/2016;22:19:00;547;ac01 - Acidente com Vítima Fatal;597;BR-262/MG;Leste;Colisão Frontal;1;1;3;;;2;3
26/05/2016;14:39:00;330;sem vítima;736;BR-262/MG;Leste;Colisão Traseira;1;2;;;;;1
27/05/2016;17:59:00;513;sem vítima;368,5;BR-262/MG;Oeste;Saida de Pista;1;1;;;;;1
28/05/2016;13:45:00;261;ac02 - Acidente com Vítima;28,6;BR-060/GO;Sul;Colisão Traseira;1;0;2;;;;1
29/05/2016;08:06:00;83;sem vítima;1;BR-153/MG;Norte;Saida de Pista;1;1;;;;;1
29/05/2016;07:00:00;63;ac02 - Acidente com Vítima;392;BR-262/MG;Leste;Colisão Traseira;2;3;;1;;;2
29/05/2016;13:14:00;213;ac02 - Acidente com Vítima;51,5;BR-153/MG;Norte;Saida de Pista;1;0;2;;;;1
29/05/2016;15:11:00;304;sem vítima;630,4;BR-262/MG;Oeste;Colisão Traseira;2;2;;;;;1
29/05/2016;09:42:00;121;ac02 - Acidente com Vítima;188;BR-153/MG;Sul;Tombamento;1;0;1;;;;1
30/05/2016;16:34:00;409;sem vítima;14,7;BR-153/MG;Sul;Colisão Lateral;1;2;;;;;1
30/05/2016;20:48:00;520;ac02 - Acidente com Vítima;15;BR-153/MG;Sul;Outros - sequências;1;1;4;;;;1
30/05/2016;15:46:00;385;ac02 - Acidente com Vítima;94;BR-060/GO;Norte;Colisão Transversal;1;1;1;;;;1
30/05/2016;14:10:00;327;ac02 - Acidente com Vítima;529;BR-153/GO;Norte;Colisão Traseira;2;1;1;;;;1
30/05/2016;06:49:00;55;sem vítima;98;BR-060/GO;Sul;Colisão Lateral;1;2;;;;;1
31/05/2016;04:09:00;45;sem vítima;407;BR-262/MG;Leste;Colisão Traseira;1;2;;;;;1
31/05/2016;10:53:00;245;ac02 - Acidente com Vítima;93;BR-060/GO;Sul;Colisão Lateral;2;0;3;;;;1
31/05/2016;11:41:00;274;ac02 - Acidente com Vítima;187;BR-153/MG;Sul;Saida de Pista;1;0;1;;;;1
31/05/2016;07:20:00;101;sem vítima;227;BR-153/MG;Norte;Colisão Traseira;1;2;;;;;1
31/05/2016;05:21:00;61;ac02 - Acidente com Vítima;677,7;BR-153/GO;Sul;Saida de Pista;1;0;1;;;;1
01/06/2016;21:21:00;479;sem vítima;494;BR-153/GO;Sul;Colisão Lateral;1;2;;;;;1
01/06/2016;08:06:00;80;sem vítima;499,5;BR-153/GO;Norte;Engavetamento;2;6;;;;;1
01/06/2016;11:43:00;216;sem vítima;594;BR-262/MG;Leste;Outros - sequências;1;1;;;;;1
01/06/2016;10:38:00;177;ac01 - Acidente com Vítima Fatal;611;BR-262/MG;Leste;Colisão Transversal;1;1;;;;1;3
02/06/2016;15:12:00;331;ac02 - Acidente com Vítima;495;BR-153/GO;Norte;Outros - sequências;1;0;2;;;;1
02/06/2016;21:53:00;477;ac02 - Acidente com Vítima;24;BR-060/GO;Norte;Colisão Traseira;1;1;;1;;;2
02/06/2016;19:40:00;434;ac02 - Acidente com Vítima;408;BR-262/MG;Leste;Outros - sequências;1;1;1;;;;1
02/06/2016;12:20:00;249;ac02 - Acidente com Vítima;465;BR-262/MG;Leste;Colisão Traseira;2;2;1;;;;1
02/06/2016;13:15:00;268;ac02 - Acidente com Vítima;466,5;BR-262/MG;Leste;Outros - sequências;3;1;2;;;;1
02/06/2016;18:37:00;419;ac02 - Acidente com Vítima;477;BR-262/MG;Oeste;Colisão Lateral;1;1;1;;;;1
02/06/2016;05:26:00;40;ac02 - Acidente com Vítima;548;BR-262/MG;Leste;Outros - sequências;1;1;2;;;;1
02/06/2016;22:05:00;479;sem vítima;549;BR-262/MG;Oeste;Saida de Pista;1;1;;;;;1
02/06/2016;07:16:00;66;sem vítima;555;BR-262/MG;Leste;Tombamento;1;1;;;;;1
02/06/2016;14:09:00;298;ac02 - Acidente com Vítima;97;BR-060/GO;Sul;Colisão Lateral;2;0;2;;;;1
02/06/2016;08:42:00;119;sem vítima;581,7;BR-262/MG;Oeste;Outros - sequências;1;4;;;;;1
02/06/2016;18:06:00;410;sem vítima;589;BR-262/MG;Leste;Carreta deu L;1;1;;;;;1
02/06/2016;07:53:00;87;sem vítima;115;BR-060/GO;Sul;Colisão Lateral;1;2;;;;;1
02/06/2016;15:26:00;337;ac02 - Acidente com Vítima;608;BR-153/GO;Sul;Colisão Traseira;1;1;1;;;;1
02/06/2016;03:13:00;19;ac02 - Acidente com Vítima;648;BR-153/GO;Sul;Outros - sequências;1;1;3;1;;;2
03/06/2016;05:55:00;39;sem vítima;491;BR-153/GO;Norte;Colisão Transversal;1;2;;;;;1
03/06/2016;07:08:00;52;sem vítima;511;BR-153/GO;Sul;Colisão Traseira;1;2;;;;;1
03/06/2016;07:58:00;73;sem vítima;94;BR-153/MG;Norte;Outros - sequências;2;2;;;;;1
03/06/2016;23:02:00;576;sem vítima;548;BR-262/MG;Leste;Carreta deu L;1;1;;;;;1
03/06/2016;12:53:00;288;sem vítima;608,7;BR-262/MG;Leste;Outros - sequências;1;1;;;;;1
04/06/2016;17:04:00;404;ac02 - Acidente com Vítima;0,05;BR-153/MG;Norte;Tombamento;1;0;2;1;;;2
04/06/2016;07:58:00;91;sem vítima;495;BR-153/GO;Sul;Colisão Traseira;1;3;;;;;1
04/06/2016;04:31:00;37;sem vítima;668;BR-153/GO;Norte;Colisão Traseira;1;2;;;;;1
05/06/2016;12:57:00;224;sem vítima;101;BR-060/GO;Norte;Colisão Lateral;1;2;;;;;1
06/06/2016;14:40:00;302;ac02 - Acidente com Vítima;496;BR-153/GO;Norte;Atropelamento - Outros;1;1;1;;;;1
06/06/2016;18:56:00;416;ac02 - Acidente com Vítima;94;BR-060/GO;Sul;Colisão Lateral;1;0;2;;;;1
07/06/2016;05:59:00;58;sem vítima;59;BR-060/GO;Norte;Atropelamento de Animal;1;2;;;;;1
08/06/2016;21:35:00;460;ac02 - Acidente com Vítima;104,3;BR-153/MG;Norte;Tombamento;1;0;1;;;;1
08/06/2016;12:13:00;241;sem vítima;546;BR-262/MG;Oeste;Saida de Pista;1;1;;;;;1
08/06/2016;15:10:00;309;sem vítima;516;BR-153/GO;Norte;Outros - sequências;1;2;;;;;1
09/06/2016;19:39:00;470;ac01 - Acidente com Vítima Fatal;827;BR-262/MG;Oeste;Outros - sequências;1;2;;;;1;3
10/06/2016;13:14:00;225;ac02 - Acidente com Vítima;500;BR-153/GO;Sul;Colisão Traseira;2;1;1;;;;1
10/06/2016;18:56:00;411;ac02 - Acidente com Vítima;96;BR-153/MG;Sul;Outros - sequências;1;0;1;;1;;2
10/06/2016;19:47:00;428;sem vítima;215;BR-153/MG;Sul;Saida de Pista;1;1;;;;;1
11/06/2016;15:56:00;339;ac02 - Acidente com Vítima;9;BR-153/MG;Norte;Outros - sequências;1;0;;2;;;2
12/06/2016;18:32:00;412;sem vítima;698;BR-153/GO;Norte;Outros - sequências;2;3;;;;;1
13/06/2016;07:37:00;80;ac02 - Acidente com Vítima;495;BR-153/GO;Sul;Colisão Traseira;1;2;2;;;;1
14/06/2016;08:54:00;92;ac02 - Acidente com Vítima;500;BR-153/GO;Sul;Colisão Lateral;1;0;2;;;;1
14/06/2016;13:14:00;239;ac02 - Acidente com Vítima;107;BR-060/GO;Norte;Colisão Traseira;2;1;1;;;;1
14/06/2016;12:03:00;211;sem vítima;640;BR-262/MG;Leste;Tombamento;1;2;;;;;1
15/06/2016;14:38:00;279;sem vítima;620;BR-153/GO;Sul;Colisão Traseira;1;2;;;;;1
16/06/2016;18:39:00;462;ac02 - Acidente com Vítima;379;BR-262/MG;Oeste;Tombamento;1;0;1;;;;1
16/06/2016;10:27:00;162;ac02 - Acidente com Vítima;449,5;BR-262/MG;Oeste;Colisão Lateral;1;1;1;;;;1
16/06/2016;16:09:00;385;ac02 - Acidente com Vítima;80;BR-060/GO;Norte;Colisão Lateral;1;1;;1;;;2
16/06/2016;16:49:00;414;sem vítima;132,5;BR-153/MG;Norte;Colisão Traseira;2;2;;;;;1
16/06/2016;21:52:00;545;ac01 - Acidente com Vítima Fatal;594;BR-153/GO;Sul;Colisão Traseira;2;4;;;;1;3
17/06/2016;14:36:00;385;sem vítima;525;BR-262/MG;Leste;Colisão Traseira;2;2;;;;;1
17/06/2016;06:12:00;52;ac02 - Acidente com Vítima;615,1;BR-262/MG;Oeste;Tombamento;1;0;1;;;;1
18/06/2016;14:32:00;410;sem vítima;614;BR-262/MG;Oeste;Saida de Pista;1;1;;;;;1
19/06/2016;18:19:00;381;sem vítima;500;BR-153/GO;Sul;Colisão Lateral;1;2;;;;;1
19/06/2016;16:35:00;323;sem vítima;448;BR-262/MG;Leste;Colisão Traseira;1;2;;;;;1
20/06/2016;09:11:00;133;sem vítima;492,4;BR-153/GO;Norte;Colisão Traseira;1;2;;;;;1
20/06/2016;13:18:00;346;ac02 - Acidente com Vítima;554;BR-262/MG;Oeste;Colisão Transversal;1;0;4;;;;1
20/06/2016;15:51:00;432;sem vítima;725;BR-262/MG;Leste;Colisão Traseira;2;2;;;;;1
20/06/2016;23:46:00;619;ac02 - Acidente com Vítima;636;BR-153/GO;Norte;Colisão Traseira;2;1;;1;;;2
21/06/2016;20:29:00;547;sem vítima;496;BR-153/GO;Sul;Colisão Lateral;1;2;;;;;1
21/06/2016;21:54:00;591;ac01 - Acidente com Vítima Fatal;379;BR-262/MG;Leste;Tombamento;1;0;;;;1;3
21/06/2016;06:11:00;33;ac02 - Acidente com Vítima;383;BR-262/MG;Leste;Tombamento;1;0;;1;;;2
21/06/2016;19:18:00;516;sem vítima;502;BR-153/GO;Sul;Engavetamento;2;4;;;;;1
21/06/2016;16:58:00;446;sem vítima;502,9;BR-153/GO;Sul;Engavetamento;2;4;;;;;1
22/06/2016;08:24:00;67;ac02 - Acidente com Vítima;16;BR-060/GO;Norte;Tombamento;1;0;1;;;;1
22/06/2016;20:56:00;423;ac01 - Acidente com Vítima Fatal;543,2;BR-153/GO;Sul;Outros - sequências;1;0;;;;1;3
22/06/2016;10:09:00;130;sem vítima;705;BR-262/MG;Leste;Colisão Lateral;1;3;;;;;1
22/06/2016;13:41:00;243;ac02 - Acidente com Vítima;643;BR-153/GO;Norte;Colisão Traseira;1;1;1;;;;1
23/06/2016;00:06:00;1;ac02 - Acidente com Vítima;45;BR-153/MG;Norte;Colisão Traseira;2;1;1;;;;1
23/06/2016;12:11:00;224;ac02 - Acidente com Vítima;512;BR-262/MG;Leste;Colisão Lateral;1;0;5;;;;1
23/06/2016;08:07:00;74;ac02 - Acidente com Vítima;513;BR-153/GO;Norte;Colisão Traseira;1;1;1;1;;;2
23/06/2016;17:38:00;410;sem vítima;790;BR-262/MG;Leste;Saida de Pista;1;1;;;;;1
24/06/2016;23:58:00;607;sem vítima;195;BR-153/MG;Sul;Colisão Lateral;1;2;;;;;1
26/06/2016;17:18:00;356;sem vítima;43,1;BR-060/GO;Sul;Colisão Traseira;1;2;;;;;1
26/06/2016;22:10:00;481;ac02 - Acidente com Vítima;29;BR-153/MG;Sul;Colisão Traseira;2;1;;;1;;2
26/06/2016;23:15:00;506;sem vítima;58;BR-153/MG;Norte;Outros - sequências;1;2;;;;;1
26/06/2016;16:34:00;332;sem vítima;650;BR-262/MG;Leste;Colisão Lateral;1;2;;;;;1
28/06/2016;16:31:00;339;ac02 - Acidente com Vítima;455;BR-262/MG;Leste;Outros - sequências;3;1;;2;;;2
28/06/2016;07:09:00;60;sem vítima;521;BR-262/MG;Leste;Colisão Lateral;1;2;;;;;1
28/06/2016;22:46:00;484;ac02 - Acidente com Vítima;619,5;BR-262/MG;Leste;Colisão Traseira;2;1;;;1;;2
29/06/2016;18:46:00;476;ac02 - Acidente com Vítima;12,05;BR-060/DF;Sul;Outros - sequências;1;2;1;;;;1
30/06/2016;09:25:00;141;sem vítima;369;BR-262/MG;Oeste;Colisão Traseira;1;2;;;;;1
30/06/2016;08:56:00;121;ac02 - Acidente com Vítima;48,5;BR-153/MG;Sul;Colisão Lateral;1;2;1;;;;1
30/06/2016;21:10:00;499;ac01 - Acidente com Vítima Fatal;540;BR-262/MG;Oeste;Tombamento;1;0;;;;1;3
30/06/2016;13:10:00;276;ac02 - Acidente com Vítima;687,923;BR-262/MG;Leste;Outros - sequências;2;0;2;;;;1
01/07/2016;11:12:00;219;sem vítima;764;BR-262/MG;Leste;Colisão Frontal;1;2;;;;;1
02/07/2016;21:44:00;491;ac02 - Acidente com Vítima;3,329;BR-060/GO;Norte;Outros - sequências;1;1;;1;;;2
02/07/2016;23:26:00;522;ac02 - Acidente com Vítima;45;BR-153/MG;Norte;Saida de Pista;1;0;;1;;;2
02/07/2016;09:04:00;114;ac02 - Acidente com Vítima;502;BR-262/MG;Leste;Capotamento;1;1;1;1;;;2
02/07/2016;14:52:00;301;ac02 - Acidente com Vítima;509,5;BR-262/MG;Oeste;Outros - sequências;1;0;1;;;;1
02/07/2016;14:17:00;281;sem vítima;94;BR-060/GO;Sul;Colisão Lateral;1;3;;;;;1
04/07/2016;06:41:00;42;sem vítima;37;BR-153/MG;Norte;Tombamento;1;1;;;;;1
04/07/2016;10:30:00;186;ac02 - Acidente com Vítima;135;BR-060/GO;Sul;Saida de Pista;1;0;4;;;;1
05/07/2016;17:13:00;404;sem vítima;362;BR-262/MG;Oeste;Colisão Traseira;2;2;;;;;1
05/07/2016;17:46:00;418;sem vítima;499,6;BR-153/GO;Sul;Colisão Traseira;1;2;;;;;1
07/07/2016;18:01:00;475;ac02 - Acidente com Vítima;499,5;BR-153/GO;Sul;Colisão Lateral;1;1;1;1;;;2
07/07/2016;22:26:00;580;sem vítima;32;BR-153/MG;Norte;Tombamento;1;1;;;;;1
07/07/2016;15:35:00;396;sem vítima;551;BR-262/MG;Leste;Outros - sequências;2;2;;;;;1
07/07/2016;05:45:00;39;sem vítima;601;BR-262/MG;Oeste;Colisão Traseira;1;2;;;;;1
07/07/2016;15:57:00;407;ac02 - Acidente com Vítima;112;BR-060/GO;Sul;Atropelamento - Funcionário;1;1;;;1;;2
08/07/2016;15:04:00;338;sem vítima;43,1;BR-060/GO;Sul;Colisão Traseira;1;2;;;;;1
08/07/2016;11:50:00;231;sem vítima;75,6;BR-153/MG;Norte;Tombamento;1;1;;;;;1
08/07/2016;22:15:00;561;ac02 - Acidente com Vítima;541,5;BR-153/GO;Sul;Capotamento;1;0;1;;;;1
08/07/2016;14:43:00;325;sem vítima;706,95;BR-262/MG;Leste;Colisão Traseira;1;2;;;;;1
08/07/2016;08:54:00;110;sem vítima;236;BR-153/MG;Sul;Engavetamento;1;8;;;;;1
09/07/2016;06:50:00;58;ac01 - Acidente com Vítima Fatal;102;BR-153/MG;Norte;Colisão Frontal;1;1;;1;2;1;3
09/07/2016;16:06:00;356;sem vítima;17,5;BR-060/DF;Norte;Colisão Traseira;1;2;;;;;1
09/07/2016;10:52:00;192;ac02 - Acidente com Vítima;612;BR-262/MG;Oeste;Saida de Pista;1;0;;1;;;2
09/07/2016;10:35:00;181;ac02 - Acidente com Vítima;227;BR-153/MG;Sul;Colisão Traseira;2;0;3;;;;1
10/07/2016;20:51:00;516;ac02 - Acidente com Vítima;16,5;BR-153/MG;Sul;Tombamento;1;0;1;;;;1
10/07/2016;22:27:00;557;sem vítima;464;BR-262/MG;Leste;Atropelamento de Animal;1;1;;;;;1
11/07/2016;07:38:00;70;ac02 - Acidente com Vítima;420;BR-262/MG;Leste;Tombamento;1;0;;;1;;2
11/07/2016;01:16:00;18;ac02 - Acidente com Vítima;213;BR-153/MG;Norte;Capotamento;1;0;2;;;;1
11/07/2016;10:18:00;169;sem vítima;240;BR-153/MG;Norte;Choque - Poste;1;2;;;;;1
12/07/2016;23:36:00;637;sem vítima;14;BR-153/MG;Norte;Atropelamento de Animal;1;1;;;;;1
12/07/2016;16:26:00;440;sem vítima;568;BR-262/MG;Leste;Colisão Lateral;1;2;;;;;1
13/07/2016;09:20:00;147;ac02 - Acidente com Vítima;15;BR-153/MG;Sul;Outros - sequências;2;1;;1;;;2
13/07/2016;06:30:00;52;sem vítima;450;BR-262/MG;Leste;Colisão Lateral;1;2;;;;;1
13/07/2016;19:51:00;560;ac02 - Acidente com Vítima;53;BR-153/MG;Sul;Tombamento;1;0;1;;;;1
13/07/2016;18:04:00;498;sem vítima;669;BR-262/MG;Oeste;Saida de Pista;1;1;;;;;1
13/07/2016;09:04:00;137;sem vítima;691;BR-262/MG;Oeste;Choque - Talude;1;2;;;;;1
14/07/2016;20:49:00;571;sem vítima;99;BR-153/MG;Sul;Colisão Traseira;1;2;;;;;1
14/07/2016;18:07:00;507;ac02 - Acidente com Vítima;121;BR-153/MG;Norte;Tombamento;2;0;3;;;;1
14/07/2016;01:51:00;23;sem vítima;148;BR-153/MG;Sul;Atropelamento de Animal;1;1;;;;;1
14/07/2016;14:26:00;354;sem vítima;107;BR-060/GO;Sul;Colisão Lateral;1;2;;;;;1
14/07/2016;22:56:00;608;sem vítima;607,9;BR-153/GO;Sul;Tombamento;1;1;;;;;1
15/07/2016;09:58:00;191;sem vítima;46;BR-060/GO;Norte;Colisão Traseira;2;2;;;;;1
15/07/2016;11:34:00;255;ac02 - Acidente com Vítima;47;BR-060/GO;Norte;Engavetamento;2;6;;1;;;2
15/07/2016;22:55:00;630;sem vítima;95;BR-060/GO;Sul;Colisão Traseira;1;2;;;;;1
15/07/2016;10:53:00;227;sem vítima;554,5;BR-262/MG;Oeste;Colisão Lateral;1;2;;;;;1
15/07/2016;22:44:00;620;sem vítima;559;BR-262/MG;Oeste;Carreta deu L;1;1;;;;;1
15/07/2016;16:04:00;427;ac02 - Acidente com Vítima;195;BR-153/MG;Norte;Colisão Lateral;1;0;1;1;;;2
15/07/2016;13:46:00;334;sem vítima;675;BR-262/MG;Oeste;Colisão Traseira;1;2;;;;;1
15/07/2016;09:34:00;184;sem vítima;678;BR-153/GO;Norte;Colisão Lateral;1;3;;;;;1
16/07/2016;19:09:00;484;ac01 - Acidente com Vítima Fatal;508,738;BR-262/MG;Oeste;Outros - sequências;2;5;;;1;2;3
16/07/2016;16:34:00;436;ac02 - Acidente com Vítima;95,5;BR-060/GO;Sul;Outros - sequências;1;2;1;;;;1
16/07/2016;18:18:00;476;ac02 - Acidente com Vítima;95,5;BR-060/GO;Sul;Outros - sequências;1;1;;1;;;2
16/07/2016;22:25:00;569;ac02 - Acidente com Vítima;119;BR-060/GO;Norte;Outros - sequências;1;1;1;;;;1
17/07/2016;06:17:00;60;ac02 - Acidente com Vítima;210;BR-153/MG;Norte;Colisão Frontal;2;2;1;;;;1
18/07/2016;00:49:00;13;ac02 - Acidente com Vítima;16;BR-060/DF;Norte;Colisão Traseira;2;2;;;1;;2
18/07/2016;16:32:00;438;sem vítima;107;BR-060/GO;Sul;Colisão Traseira;1;3;;;;;1
18/07/2016;17:44:00;486;sem vítima;121;BR-060/GO;Norte;Outros - sequências;1;2;;;;;1
18/07/2016;04:16:00;30;ac02 - Acidente com Vítima;791;BR-262/MG;Leste;Saida de Pista;1;0;1;;;;1
19/07/2016;16:45:00;479;ac02 - Acidente com Vítima;356;BR-262/MG;Leste;Outros - sequências;1;1;3;;;;1
19/07/2016;14:57:00;407;ac02 - Acidente com Vítima;404;BR-262/MG;Oeste;Outros - sequências;1;0;2;;;;1
19/07/2016;17:21:00;501;ac02 - Acidente com Vítima;513;BR-153/GO;Sul;Colisão Traseira;1;1;;1;;;2
19/07/2016;13:21:00;363;sem vítima;597,8;BR-153/GO;Norte;Tombamento;1;1;;;;;1
20/07/2016;20:00:00;510;sem vítima;553;BR-153/GO;Sul;Colisão Traseira;1;2;;;;;1
20/07/2016;20:03:00;512;sem vítima;553;BR-153/GO;Sul;Colisão Traseira;1;2;;;;;1
20/07/2016;13:24:00;300;sem vítima;172,8;BR-153/MG;Norte;Colisão Traseira;2;2;;;;;1