data;horario;n_da_ocorrencia;tipo_de_ocorrencia;km;trecho;sentido;tipo_de_acidente;caminhao;ilesos;levemente_feridos;moderadamente_feridos;gravemente_feridos;mortos;3
20/07/2016;14:55:00;350;ac02 - Acidente com Vítima;797;BR-262/MG;Oeste;Engavetamento;1;2;2;;;;1
21/07/2016;10:11:00;186;sem vítima;495;BR-153/GO;Sul;Engavetamento;1;3;;;;;1
21/07/2016;08:31:00;108;ac02 - Acidente com Vítima;410;BR-262/MG;Oeste;Saida de Pista;1;0;1;;;;1
21/07/2016;17:18:00;443;sem vítima;115;BR-060/GO;Sul;Colisão Traseira;1;2;;;;;1
21/07/2016;21:01:00;563;sem vítima;657,5;BR-153/GO;Sul;Colisão Traseira;2;2;;;;;1
22/07/2016;08:24:00;103;sem vítima;43,1;BR-060/GO;Norte;Colisão Traseira;1;2;;;;;1
22/07/2016;23:45:00;662;ac02 - Acidente com Vítima;55;BR-153/MG;Norte;Tombamento;1;0;1;;;;1
22/07/2016;23:26:00;657;ac02 - Acidente com Vítima;58;BR-153/MG;Sul;Tombamento;1;0;1;;;;1
22/07/2016;23:15:00;654;ac01 - Acidente com Vítima Fatal;509;BR-153/GO;Sul;Outros - sequências;1;0;1;;1;1;3
22/07/2016;14:09:00;348;sem vítima;107;BR-060/GO;Sul;Colisão Traseira;1;2;;;;;1
22/07/2016;16:50:00;460;sem vítima;107;BR-060/GO;Norte;Colisão Lateral;1;2;;;;;1
22/07/2016;14:43:00;371;sem vítima;594;BR-153/GO;Norte;Saida de Pista;1;2;;;;;1
22/07/2016;09:59:00;196;sem vítima;689;BR-153/GO;Norte;Colisão Lateral;1;5;;;;;1
23/07/2016;06:20:00;55;sem vítima;104;BR-060/GO;Sul;Colisão Lateral;2;2;;;;;1
24/07/2016;21:58:00;557;ac01 - Acidente com Vítima Fatal;380;BR-262/MG;Oeste;Outros - sequências;1;0;1;;;1;3
25/07/2016;15:27:00;405;sem vítima;623;BR-153/GO;Norte;Colisão Lateral;1;2;;;;;1
25/07/2016;03:44:00;52;sem vítima;797;BR-262/MG;Leste;Atropelamento de Animal;1;1;;;;;1
26/07/2016;10:17:00;188;sem vítima;494,7;BR-153/GO;Norte;Colisão Traseira;1;3;;;;;1
26/07/2016;10:24:00;196;sem vítima;46,5;BR-153/MG;Sul;Saida de Pista;1;1;;;;;1
26/07/2016;19:33:00;513;sem vítima;738,2;BR-262/MG;Oeste;Saida de Pista;1;1;;;;;1
27/07/2016;15:15:00;424;ac02 - Acidente com Vítima;127,818;BR-153/MG;Norte;Engavetamento;3;17;4;1;;;2
27/07/2016;06:40:00;71;sem vítima;580;BR-262/MG;Leste;Colisão Lateral;2;2;;;;;1
27/07/2016;09:48:00;179;sem vítima;181,9;BR-153/MG;Sul;Colisão Lateral;2;2;;;;;1
28/07/2016;11:35:00;243;ac02 - Acidente com Vítima;399,939;BR-262/MG;Leste;Colisão Traseira;1;1;1;;;;1
28/07/2016;17:54:00;474;ac02 - Acidente com Vítima;193;BR-153/MG;Sul;Colisão Traseira;3;0;3;;;;1
29/07/2016;21:54:00;613;ac02 - Acidente com Vítima;17;BR-060/GO;Norte;Tombamento;1;0;1;1;;;2
29/07/2016;16:08:00;442;sem vítima;57;BR-153/MG;Sul;Colisão Traseira;2;2;;;;;1
29/07/2016;11:05:00;265;ac02 - Acidente com Vítima;157;BR-153/MG;Norte;Colisão Traseira;1;1;3;;;;1
29/07/2016;09:52:00;212;ac02 - Acidente com Vítima;116;BR-060/GO;Sul;Tombamento;1;0;2;;;;1
29/07/2016;17:49:00;495;sem vítima;749;BR-262/MG;Oeste;Saida de Pista;1;1;;;;;1
29/07/2016;23:58:00;649;ac02 - Acidente com Vítima;900;BR-262/MG;Leste;Tombamento;1;0;;1;;;2
30/07/2016;19:33:00;472;sem vítima;49;BR-153/MG;Sul;Colisão Lateral;1;2;;;;;1
30/07/2016;04:11:00;46;ac02 - Acidente com Vítima;462;BR-262/MG;Leste;Colisão Traseira;2;1;1;;;;1
30/07/2016;20:53:00;510;ac02 - Acidente com Vítima;235;BR-153/MG;Sul;Outros - sequências;1;0;;1;;;2
31/07/2016;16:23:00;375;sem vítima;387;BR-262/MG;Leste;Outros - sequências;1;2;;;;;1
31/07/2016;14:27:00;294;sem vítima;34;BR-153/MG;Sul;Colisão Lateral;1;2;;;;;1
31/07/2016;16:25:00;377;sem vítima;550;BR-153/GO;Norte;Outros - sequências;1;2;;;;;1
31/07/2016;18:35:00;464;sem vítima;567;BR-153/GO;Norte;Tombamento;1;1;;;;;1
01/08/2016;15:09:00;370;sem vítima;109;BR-060/GO;Norte;Outros - sequências;2;3;;;;;1
01/08/2016;16:25:00;419;ac02 - Acidente com Vítima;472;BR-262/MG;Oeste;Outros - sequências;1;1;3;2;;;2
01/08/2016;19:50:00;537;sem vítima;573;BR-262/MG;Oeste;Colisão Traseira;1;2;;;;;1
01/08/2016;23:09:00;607;sem vítima;614;BR-153/GO;Sul;Outros - sequências;1;3;;;;;1
02/08/2016;06:39:00;56;sem vítima;510;BR-153/GO;Norte;Colisão Traseira;2;2;;;;;1
02/08/2016;08:27:00;122;sem vítima;566;BR-153/GO;Sul;Outros - sequências;1;2;;;;;1
02/08/2016;13:27:00;309;sem vítima;128;BR-153/MG;Sul;Colisão Traseira;3;3;;;;;1
02/08/2016;17:42:00;447;sem vítima;112;BR-060/GO;Norte;Colisão Lateral;1;2;;;;;1
02/08/2016;18:16:00;467;ac02 - Acidente com Vítima;479;BR-262/MG;Leste;Colisão Transversal;2;1;1;1;;;2
02/08/2016;18:57:00;486;ac02 - Acidente com Vítima;27,5;BR-060/GO;Sul;Choque - Outros;1;0;1;;;;1
03/08/2016;08:13:00;99;sem vítima;496;BR-153/GO;Norte;Colisão Traseira;1;2;;;;;1
03/08/2016;08:49:00;132;ac02 - Acidente com Vítima;497;BR-153/GO;Norte;Queda de Moto;1;1;1;;;;1
03/08/2016;15:45:00;375;sem vítima;118;BR-060/GO;Sul;Colisão Lateral;1;2;;;;;1
03/08/2016;19:09:00;490;sem vítima;246,322;BR-153/MG;Sul;Outros - sequências;1;1;;;;;1
04/08/2016;09:29:00;167;ac02 - Acidente com Vítima;367;BR-262/MG;Oeste;Colisão Lateral;1;1;1;;;;1
04/08/2016;09:30:00;169;sem vítima;134,2;BR-060/GO;Sul;Colisão Traseira;2;2;;;;;1
05/08/2016;07:47:00;66;sem vítima;494,9;BR-153/GO;Norte;Engavetamento;1;4;;;;;1
05/08/2016;16:38:00;432;sem vítima;43;BR-060/GO;Sul;Colisão Lateral;1;2;;;;;1
05/08/2016;19:05:00;517;ac02 - Acidente com Vítima;446;BR-262/MG;Leste;Tombamento;1;0;1;;;;1
05/08/2016;20:33:00;551;ac02 - Acidente com Vítima;390;BR-262/MG;Oeste;Colisão Traseira;1;0;2;;;;1
06/08/2016;10:08:00;231;sem vítima;702;BR-153/GO;Norte;Tombamento;1;1;;;;;1
06/08/2016;17:24:00;466;sem vítima;503,376;BR-153/GO;Norte;Colisão Lateral;1;2;;;;;1
07/08/2016;12:17:00;228;sem vítima;773;BR-262/MG;Leste;Colisão Transversal;1;2;;;;;1
07/08/2016;22:35:00;518;ac02 - Acidente com Vítima;134;BR-060/GO;Sul;Atropelamento de Animal;1;0;1;;;;1
08/08/2016;10:32:00;219;ac02 - Acidente com Vítima;144;BR-153/MG;Sul;Colisão Traseira;3;4;2;;;;1
09/08/2016;03:29:00;15;sem vítima;13,2;BR-060/GO;Norte;Saida de Pista;1;2;;;;;1
09/08/2016;08:07:00;65;ac02 - Acidente com Vítima;95;BR-060/GO;Norte;Colisão Lateral;2;1;1;;;;1
09/08/2016;09:42:00;149;ac02 - Acidente com Vítima;634;BR-153/GO;Norte;Colisão Lateral;1;1;1;;;;1
09/08/2016;16:30:00;397;sem vítima;94,358;BR-060/GO;Sul;Colisão Traseira;1;2;;;;;1
10/08/2016;05:33:00;48;ac02 - Acidente com Vítima;78,2;BR-060/GO;Norte;Colisão Lateral;2;0;2;;;;1
11/08/2016;09:02:00;131;ac01 - Acidente com Vítima Fatal;11,8;BR-153/MG;Norte;Colisão Frontal;3;1;2;;;1;3
12/08/2016;05:28:00;40;ac02 - Acidente com Vítima;595;BR-153/GO;Norte;Outros - sequências;1;0;1;;;;1
12/08/2016;08:27:00;108;sem vítima;524;BR-262/MG;Oeste;Colisão Traseira;2;2;;;;;1
12/08/2016;10:40:00;217;ac02 - Acidente com Vítima;433;BR-262/MG;Leste;Colisão Lateral;2;1;1;;1;;2
12/08/2016;19:35:00;589;sem vítima;619,9;BR-153/GO;Sul;Atropelamento de Animal;1;2;;;;;1
13/08/2016;07:57:00;108;sem vítima;554;BR-262/MG;Leste;Saida de Pista;1;1;;;;;1
13/08/2016;15:05:00;334;ac02 - Acidente com Vítima;498,102;BR-153/GO;Norte;Outros - sequências;1;2;2;;;;1
13/08/2016;21:32:00;534;ac01 - Acidente com Vítima Fatal;697;BR-153/GO;Norte;Atropelamento - Ciclista;1;2;;;;1;3
15/08/2016;09:32:00;166;sem vítima;522,3;BR-153/GO;Norte;Saida de Pista;1;1;;;;;1
15/08/2016;11:12:00;217;ac02 - Acidente com Vítima;4;BR-060/DF;Sul;Colisão Traseira;1;2;1;;;;1
15/08/2016;20:21:00;541;sem vítima;85;BR-060/GO;Norte;Outros - sequências;1;2;;;;;1
15/08/2016;23:43:00;588;ac02 - Acidente com Vítima;547;BR-262/MG;Leste;Outros - sequências;1;0;3;1;;;2
16/08/2016;00:47:00;9;sem vítima;509;BR-262/MG;Leste;Tombamento;1;1;;;;;1
16/08/2016;15:25:00;386;ac02 - Acidente com Vítima;92;BR-060/GO;Sul;Colisão Traseira;1;1;2;;;;1
16/08/2016;15:35:00;396;ac02 - Acidente com Vítima;104,7;BR-060/GO;Sul;Saida de Pista;1;0;1;;;;1
16/08/2016;15:53:00;400;sem vítima;6,8;BR-060/GO;Sul;Outros - sequências;1;1;;;;;1
16/08/2016;15:59:00;402;sem vítima;552;BR-262/MG;Leste;Outros - sequências;1;1;;;;;1
16/08/2016;17:34:00;462;sem vítima;19,8;BR-060/GO;Norte;;2;3;;;;;1
17/08/2016;03:21:00;24;sem vítima;416;BR-262/MG;Oeste;Outros - sequências;1;2;;;;;1
17/08/2016;08:52:00;121;sem vítima;693;BR-262/MG;Oeste;Colisão Traseira;1;2;;;;;1
17/08/2016;09:14:00;140;sem vítima;491,3;BR-153/GO;Norte;Colisão Traseira;2;2;;;;;1
17/08/2016;10:22:00;178;ac02 - Acidente com Vítima;47;BR-060/GO;Norte;Saida de Pista;1;0;1;;;;1
18/08/2016;02:11:00;31;sem vítima;673;BR-262/MG;Oeste;Outros - sequências;1;1;;;;;1
18/08/2016;08:04:00;117;sem vítima;99;BR-060/GO;Sul;Colisão Traseira;2;2;;;;;1
18/08/2016;15:52:00;466;sem vítima;35,8;BR-153/MG;Sul;Outros - sequências;1;1;;;;;1
19/08/2016;09:58:00;209;sem vítima;405;BR-262/MG;Leste;Tombamento;1;1;;;;;1
19/08/2016;16:15:00;472;sem vítima;436,021;BR-262/MG;Oeste;Colisão Transversal;1;2;;;;;1
19/08/2016;19:39:00;590;sem vítima;177,5;BR-153/MG;Sul;Colisão Traseira;1;2;;;;;1
20/08/2016;09:33:00;166;ac02 - Acidente com Vítima;74;BR-060/GO;Norte;Colisão Traseira;1;1;1;;;;1
21/08/2016;06:32:00;66;ac02 - Acidente com Vítima;576;BR-262/MG;Leste;Colisão Lateral;1;1;2;;;;1
21/08/2016;13:55:00;282;ac02 - Acidente com Vítima;607,7;BR-153/GO;Sul;Colisão Traseira;1;1;1;;;;1
21/08/2016;20:14:00;461;ac02 - Acidente com Vítima;58;BR-153/MG;Norte;Tombamento;1;0;1;;;;1
21/08/2016;23:58:00;509;ac02 - Acidente com Vítima;567;BR-262/MG;Oeste;Colisão Transversal;2;0;4;;;;1
22/08/2016;07:37:00;75;sem vítima;493,9;BR-153/GO;Sul;Colisão Traseira;1;2;;;;;1
22/08/2016;15:10:00;308;ac02 - Acidente com Vítima;430;BR-262/MG;Leste;Outros - sequências;1;0;1;;;;1
22/08/2016;16:56:00;374;ac02 - Acidente com Vítima;547,5;BR-262/MG;Oeste;Tombamento;3;2;;1;;;2
23/08/2016;00:34:00;9;sem vítima;582,8;BR-153/GO;Sul;Outros - sequências;1;1;;;;;1
23/08/2016;15:47:00;426;ac02 - Acidente com Vítima;673;BR-153/GO;Sul;Colisão Traseira;2;0;1;1;;;2
23/08/2016;18:52:00;527;ac02 - Acidente com Vítima;801;BR-262/MG;Leste;Outros - sequências;1;1;2;;;;1
24/08/2016;05:55:00;57;sem vítima;239,4;BR-153/MG;Sul;Colisão Lateral;1;3;;;;;1
24/08/2016;15:48:00;396;sem vítima;536,3;BR-262/MG;Oeste;Colisão Traseira;2;2;;;;;1
24/08/2016;19:31:00;552;ac02 - Acidente com Vítima;92;BR-060/GO;Norte;Outros - sequências;1;2;1;;;;1
25/08/2016;08:16:00;110;sem vítima;508;BR-153/GO;Norte;Colisão Traseira;2;2;;;;;1
25/08/2016;09:03:00;137;sem vítima;510;BR-153/GO;Sul;Colisão Lateral;1;2;;;;;1
25/08/2016;10:21:00;196;ac02 - Acidente com Vítima;488;BR-262/MG;Leste;Colisão Lateral;1;1;1;;;;1
25/08/2016;12:48:00;309;sem vítima;102,6;BR-060/GO;Sul;Colisão Traseira;1;2;;;;;1
25/08/2016;13:06:00;321;ac02 - Acidente com Vítima;140;BR-153/MG;Norte;Colisão Transversal;3;1;2;;;;1
26/08/2016;08:08:00;110;sem vítima;4;BR-060/DF;Norte;Colisão Traseira;1;2;;;;;1
26/08/2016;10:55:00;227;sem vítima;493;BR-153/GO;Sul;Engavetamento;3;3;;;;;1
26/08/2016;16:01:00;411;sem vítima;219;BR-153/MG;Sul;Colisão Traseira;2;2;;;;;1
26/08/2016;19:45:00;548;sem vítima;513;BR-262/MG;Oeste;Colisão Traseira;1;2;;;;;1
27/08/2016;15:34:00;422;ac02 - Acidente com Vítima;522,5;BR-262/MG;Leste;Carreta deu L;1;0;1;;;;1
27/08/2016;16:19:00;452;sem vítima;617,9;BR-153/GO;Sul;Saida de Pista;1;1;;;;;1
27/08/2016;20:40:00;585;ac02 - Acidente com Vítima;585,82;BR-262/MG;Oeste;Tombamento;1;0;1;;;;1
28/08/2016;12:20:00;243;ac02 - Acidente com Vítima;615;BR-262/MG;Leste;Saida de Pista;1;0;1;;;;1
28/08/2016;14:22:00;306;ac02 - Acidente com Vítima;74;BR-153/MG;Sul;Colisão Traseira;2;1;;1;;;2
28/08/2016;19:28:00;490;sem vítima;580;BR-153/GO;Norte;Colisão Lateral;1;2;;;;;1
28/08/2016;19:30:00;491;ac01 - Acidente com Vítima Fatal;453,5;BR-262/MG;Oeste;Outros - sequências;1;0;1;1;;1;3
28/08/2016;22:46:00;579;sem vítima;518;BR-153/GO;Sul;Tombamento;1;1;;;;;1
28/08/2016;23:22:00;593;sem vítima;0,23;BR-060/GO;Norte;Colisão Traseira;1;2;;;;;1
29/08/2016;17:22:00;486;ac02 - Acidente com Vítima;97;BR-060/GO;Sul;Colisão Transversal;1;1;;;1;;2
30/08/2016;10:07:00;198;sem vítima;96;BR-060/GO;Norte;Colisão Traseira;2;2;;;;;1
30/08/2016;15:44:00;395;sem vítima;21;BR-153/MG;Sul;Colisão Traseira;1;2;;;;;1
30/08/2016;16:56:00;438;sem vítima;502;BR-153/GO;Sul;Colisão Traseira;1;2;;;;;1
30/08/2016;18:49:00;507;sem vítima;372;BR-262/MG;Leste;;1;2;;;;;1
31/08/2016;08:07:00;92;sem vítima;548,222;BR-262/MG;Oeste;Tombamento;1;1;;;;;1
31/08/2016;10:54:00;222;sem vítima;525;BR-262/MG;Leste;Colisão Traseira;2;2;;;;;1
31/08/2016;18:30:00;508;sem vítima;438;BR-262/MG;Oeste;Saida de Pista;1;1;;;;;1
01/09/2016;12:29:00;342;ac02 - Acidente com Vítima;598;BR-153/GO;Norte;Colisão Traseira;1;1;1;;;;1
01/09/2016;15:23:00;447;ac02 - Acidente com Vítima;588,5;BR-262/MG;Leste;Saida de Pista;1;0;1;;;;1
01/09/2016;17:46:00;541;ac02 - Acidente com Vítima;9;BR-153/MG;Sul;Capotamento;1;1;1;;;;1
02/09/2016;09:11:00;155;sem vítima;495;BR-153/GO;Norte;Colisão Traseira;1;2;;;;;1
02/09/2016;14:31:00;352;sem vítima;636,9;BR-262/MG;Oeste;Colisão Lateral;1;2;;;;;1
02/09/2016;15:02:00;374;ac02 - Acidente com Vítima;34;BR-060/GO;Norte;Engavetamento;2;1;;;1;;2
02/09/2016;18:04:00;485;ac02 - Acidente com Vítima;694;BR-153/GO;Norte;Queda de Moto;1;1;1;;;;1
02/09/2016;20:08:00;542;sem vítima;376,4;BR-262/MG;Oeste;Carreta deu L;1;1;;;;;1
02/09/2016;22:55:00;608;ac02 - Acidente com Vítima;48;BR-060/GO;Sul;Outros - sequências;1;1;1;;;;1
03/09/2016;06:27:00;85;sem vítima;4;BR-060/DF;Sul;Colisão Traseira;1;2;;;;;1
03/09/2016;14:10:00;271;sem vítima;58;BR-060/GO;Sul;Colisão Traseira;1;2;;;;;1
04/09/2016;20:10:00;497;sem vítima;768;BR-262/MG;Oeste;Tombamento;1;1;;;;;1
05/09/2016;07:27:00;55;sem vítima;592;BR-153/GO;Sul;Colisão Traseira;1;3;;;;;1
06/09/2016;00:04:00;1;ac01 - Acidente com Vítima Fatal;51,6;BR-060/GO;Sul;Outros - sequências;2;1;;;2;3;3
06/09/2016;05:00:00;55;ac02 - Acidente com Vítima;89,8;BR-060/GO;Norte;Atropelamento - Ciclista;1;1;1;;;;1
06/09/2016;07:23:00;102;sem vítima;108;BR-153/MG;Sul;Colisão Lateral;2;2;;;;;1
06/09/2016;15:26:00;412;ac02 - Acidente com Vítima;547,7;BR-262/MG;Oeste;Tombamento;1;0;1;;;;1
06/09/2016;19:41:00;542;sem vítima;156;BR-153/MG;Norte;Colisão Traseira;2;2;;;;;1
07/09/2016;04:07:00;39;sem vítima;55;BR-153/MG;Sul;Saida de Pista;1;1;;;;;1
07/09/2016;19:50:00;479;ac02 - Acidente com Vítima;244;BR-153/MG;Sul;Colisão Traseira;1;1;1;;;;1
07/09/2016;21:29:00;521;ac02 - Acidente com Vítima;188;BR-153/MG;Norte;Colisão Traseira;1;1;1;;;;1
07/09/2016;21:39:00;529;sem vítima;483;BR-262/MG;Oeste;Tombamento;1;1;;;;;1
08/09/2016;07:51:00;126;sem vítima;503;BR-153/GO;Sul;Colisão Traseira;1;2;;;;;1
08/09/2016;19:55:00;550;ac01 - Acidente com Vítima Fatal;531,8;BR-262/MG;Leste;Outros - sequências;1;0;1;;;1;3
09/09/2016;09:01:00;166;sem vítima;664,5;BR-153/GO;Sul;Carreta deu L;1;2;;;;;1
09/09/2016;13:32:00;348;sem vítima;497;BR-153/GO;Sul;Colisão Lateral;1;3;;;;;1
10/09/2016;00:55:00;21;ac02 - Acidente com Vítima;458;BR-262/MG;Oeste;Colisão Lateral;1;1;1;;;;1
11/09/2016;09:05:00;117;sem vítima;31;BR-060/DF;Sul;Colisão Lateral;1;2;;;;;1
11/09/2016;14:16:00;284;sem vítima;676,5;BR-262/MG;Oeste;Outros - sequências;1;1;;;;;1
12/09/2016;21:59:00;645;sem vítima;496;BR-153/GO;Sul;Colisão Traseira;1;2;;;;;1
13/09/2016;07:27:00;117;ac02 - Acidente com Vítima;667;BR-153/GO;Norte;Tombamento;1;0;1;;;;1
13/09/2016;13:18:00;360;sem vítima;432;BR-262/MG;Oeste;Colisão Traseira;2;2;;;;;1
13/09/2016;21:22:00;641;ac02 - Acidente com Vítima;479;BR-262/MG;Oeste;Colisão Traseira;1;0;3;;;;1
14/09/2016;16:53:00;433;sem vítima;47,153;BR-060/GO;Sul;Outros - sequências;2;3;;;;;1
15/09/2016;01:15:00;25;ac02 - Acidente com Vítima;120;BR-153/MG;Sul;Colisão Traseira;2;0;2;;;;1
15/09/2016;07:31:00;94;sem vítima;496,5;BR-153/GO;Norte;Colisão Lateral;1;2;;;;;1
16/09/2016;07:16:00;113;sem vítima;503;BR-153/GO;Sul;Colisão Lateral;1;4;;;;;1
16/09/2016;10:54:00;285;ac02 - Acidente com Vítima;6,8;BR-153/MG;Norte;Outros - sequências;1;0;1;;;;1
16/09/2016;19:28:00;620;sem vítima;629,6;BR-153/GO;Sul;Colisão Traseira;1;4;;;;;1
17/09/2016;12:55:00;299;sem vítima;108;BR-153/MG;Sul;Colisão Traseira;1;2;;;;;1
17/09/2016;15:53:00;384;sem vítima;594,3;BR-262/MG;Leste;Outros - sequências;1;1;;;;;1
17/09/2016;16:28:00;420;sem vítima;595,5;BR-262/MG;Leste;Colisão Traseira;1;2;;;;;1
17/09/2016;16:47:00;431;ac02 - Acidente com Vítima;43,58;BR-153/MG;Norte;Tombamento;1;0;1;;;;1
18/09/2016;00:18:00;3;sem vítima;507;BR-153/GO;Norte;Colisão Traseira;1;2;;;;;1
18/09/2016;12:34:00;251;sem vítima;109,8;BR-060/GO;Norte;Outros - sequências;1;2;;;;;1
18/09/2016;21:49:00;544;ac02 - Acidente com Vítima;570;BR-153/GO;Sul;Outros - sequências;1;1;;;1;;2
19/09/2016;01:16:00;17;sem vítima;14;BR-060/GO;Sul;Atropelamento de Animal;1;1;;;;;1
19/09/2016;11:20:00;250;sem vítima;107;BR-060/GO;Sul;Colisão Traseira;1;3;;;;;1
19/09/2016;12:05:00;270;sem vítima;505,2;BR-153/GO;Sul;Colisão Lateral;1;2;;;;;1
19/09/2016;16:17:00;400;sem vítima;97;BR-060/GO;Sul;Colisão Traseira;1;2;;;;;1
19/09/2016;17:31:00;437;ac02 - Acidente com Vítima;22;BR-153/MG;Norte;Saida de Pista;1;0;1;;;;1
20/09/2016;17:25:00;476;sem vítima;100;BR-060/GO;Norte;Colisão Traseira;1;4;;;;;1
21/09/2016;20:04:00;604;ac02 - Acidente com Vítima;132,271;BR-060/GO;Sul;Colisão Traseira;1;1;1;;;;1
21/09/2016;22:16:00;657;ac02 - Acidente com Vítima;149,6;BR-153/MG;Norte;Outros - sequências;2;9;2;1;;;2
22/09/2016;07:30:00;116;sem vítima;58;BR-060/GO;Norte;Saida de Pista;1;2;;;;;1
22/09/2016;10:19:00;240;sem vítima;29;BR-060/DF;Norte;Tombamento;1;1;;;;;1
22/09/2016;11:50:00;288;ac02 - Acidente com Vítima;622;BR-262/MG;Leste;Colisão Traseira;1;1;1;;;;1
22/09/2016;14:54:00;369;sem vítima;508,572;BR-153/GO;Sul;Colisão Traseira;2;5;;;;;1
22/09/2016;15:51:00;409;ac02 - Acidente com Vítima;745,5;BR-262/MG;Oeste;Outros - sequências;1;0;1;;;;1
22/09/2016;18:35:00;530;sem vítima;94;BR-060/GO;Norte;Colisão Traseira;1;2;;;;;1
22/09/2016;18:49:00;541;sem vítima;117;BR-060/GO;Norte;Saida de Pista;1;1;;;;;1
23/09/2016;00:15:00;4;ac02 - Acidente com Vítima;442,5;BR-262/MG;Oeste;Colisão Traseira;2;0;2;;;;1
23/09/2016;05:11:00;60;sem vítima;782;BR-262/MG;Leste;Saida de Pista;1;1;;;;;1
23/09/2016;12:02:00;248;ac02 - Acidente com Vítima;107;BR-060/GO;Norte;Colisão Frontal;1;1;2;1;;;2
23/09/2016;17:12:00;443;sem vítima;494;BR-153/GO;Sul;Colisão Lateral;1;2;;;;;1
23/09/2016;20:10:00;559;ac02 - Acidente com Vítima;15,385;BR-060/GO;Sul;Colisão Traseira;2;0;1;1;;;2
25/09/2016;09:54:00;210;ac02 - Acidente com Vítima;209;BR-153/MG;Norte;Colisão Lateral;1;1;1;;;;1
26/09/2016;13:09:00;336;sem vítima;135;BR-060/GO;Norte;Outros - sequências;1;2;;;;;1
26/09/2016;16:22:00;452;sem vítima;80;BR-153/MG;Sul;Saida de Pista;1;1;;;;;1
26/09/2016;17:35:00;488;sem vítima;546;BR-262/MG;Oeste;Tombamento;2;2;;;;;1
27/09/2016;05:00:00;46;ac02 - Acidente com Vítima;422,549;BR-262/MG;Leste;Colisão Traseira;2;0;2;;;;1
27/09/2016;09:32:00;168;ac02 - Acidente com Vítima;23;BR-153/MG;Norte;Colisão Traseira;1;3;;1;;;2
28/09/2016;07:57:00;110;sem vítima;500,2;BR-153/GO;Norte;Colisão Traseira;1;2;;;;;1
28/09/2016;09:06:00;183;sem vítima;501,4;BR-153/GO;Norte;Colisão Traseira;1;1;;;;;1
28/09/2016;16:53:00;489;sem vítima;474;BR-262/MG;Oeste;Colisão Traseira;1;2;;;;;1
28/09/2016;18:40:00;549;sem vítima;227,8;BR-153/MG;Norte;Colisão Traseira;2;3;;;;;1
29/09/2016;09:16:00;168;sem vítima;460,8;BR-262/MG;Oeste;Engavetamento;3;4;;;;;1
29/09/2016;10:17:00;207;ac02 - Acidente com Vítima;112,5;BR-060/GO;Norte;Outros - sequências;1;1;;1;;;2
29/09/2016;12:17:00;282;sem vítima;400,2;BR-262/MG;Leste;Colisão Lateral;2;2;;;;;1
30/09/2016;08:58:00;140;ac02 - Acidente com Vítima;495;BR-153/GO;Norte;Colisão Lateral;1;1;1;;;;1
30/09/2016;10:40:00;222;sem vítima;96;BR-060/GO;Sul;Colisão Traseira;1;2;;;;;1
30/09/2016;17:24:00;487;ac02 - Acidente com Vítima;701,6;BR-153/GO;Norte;Colisão Transversal;1;0;6;;;;1
30/09/2016;22:30:00;663;sem vítima;614;BR-153/GO;Norte;Saida de Pista;1;1;;;;;1
01/10/2016;06:33:00;106;sem vítima;632,444;BR-262/MG;Leste;Tombamento;1;1;;;;;1
01/10/2016;06:51:00;117;ac02 - Acidente com Vítima;95,9;BR-060/GO;Sul;Colisão Traseira;1;2;1;;;;1
01/10/2016;07:07:00;125;ac02 - Acidente com Vítima;669,444;BR-262/MG;Leste;Colisão Frontal;1;1;1;;;;1
01/10/2016;22:03:00;551;ac01 - Acidente com Vítima Fatal;363,52;BR-262/MG;Oeste;Outros - sequências;1;1;;1;;2;3
03/10/2016;06:30:00;53;sem vítima;607;BR-153/GO;Sul;Colisão Lateral;2;2;;;;;1
03/10/2016;14:59:00;361;sem vítima;92;BR-153/MG;Sul;Saida de Pista;1;1;;;;;1
03/10/2016;17:35:00;437;ac02 - Acidente com Vítima;89;BR-153/MG;Sul;Colisão Traseira;2;2;5;;;;1
03/10/2016;17:57:00;454;sem vítima;187;BR-153/MG;Norte;Saida de Pista;1;2;;;;;1
03/10/2016;20:04:00;517;ac01 - Acidente com Vítima Fatal;586,286;BR-262/MG;Oeste;Colisão Lateral;1;0;1;;;2;3
04/10/2016;01:20:00;31;ac02 - Acidente com Vítima;59;BR-153/MG;Sul;Colisão Traseira;2;1;1;;1;;2
04/10/2016;04:03:00;61;sem vítima;509;BR-262/MG;Oeste;Saida de Pista;1;1;;;;;1
04/10/2016;08:35:00;161;ac02 - Acidente com Vítima;128,917;BR-060/GO;Sul;Colisão Transversal;2;0;;;2;;2
04/10/2016;14:53:00;366;ac01 - Acidente com Vítima Fatal;575,268;BR-262/MG;Leste;Colisão Frontal;1;0;1;2;;2;3
05/10/2016;06:25:00;86;sem vítima;108,325;BR-060/GO;Sul;Colisão Traseira;1;2;;;;;1
05/10/2016;11:24:00;271;ac02 - Acidente com Vítima;549,221;BR-153/GO;Sul;Saida de Pista;1;0;;1;;;2
05/10/2016;14:50:00;364;sem vítima;101,749;BR-060/GO;Norte;Colisão Traseira;1;2;;;;;1
05/10/2016;15:00:00;372;ac02 - Acidente com Vítima;639;BR-153/GO;Norte;Colisão Traseira;1;1;1;;;;1
05/10/2016;16:08:00;401;sem vítima;97;BR-060/GO;Norte;Colisão Traseira;1;6;;;;;1
05/10/2016;16:22:00;405;sem vítima;496,703;BR-153/GO;Sul;Outros - sequências;1;3;;;;;1
05/10/2016;17:29:00;436;sem vítima;496;BR-153/GO;Norte;Colisão Lateral;1;2;;;;;1
05/10/2016;19:28:00;484;ac02 - Acidente com Vítima;685,048;BR-153/GO;Sul;Tombamento;1;0;1;;;;1