data;horario;n_da_ocorrencia;tipo_de_ocorrencia;km;trecho;sentido;tipo_de_acidente;caminhao;ilesos;levemente_feridos;moderadamente_feridos;gravemente_feridos;mortos;3
05/10/2016;19:55:00;499;ac02 - Acidente com Vítima;672,937;BR-153/GO;Sul;Tombamento;1;0;1;;;;1
05/10/2016;20:44:00;519;sem vítima;26,976;BR-153/MG;Norte;Saida de Pista;1;1;;;;;1
06/10/2016;03:23:00;37;sem vítima;44;BR-153/MG;Norte;Saida de Pista;1;2;;;;;1
06/10/2016;07:49:00;93;sem vítima;509,338;BR-153/GO;Norte;Colisão Lateral;2;2;;;;;1
06/10/2016;10:00:00;190;sem vítima;30,483;BR-060/DF;Sul;Choque - Veiculo parado no acostamento;2;2;;;;;1
06/10/2016;12:11:00;255;sem vítima;612;BR-262/MG;Leste;Colisão Transversal;2;2;;;;;1
06/10/2016;14:51:00;329;ac02 - Acidente com Vítima;626,995;BR-262/MG;Oeste;Capotamento;1;0;;1;;;2
07/10/2016;05:45:00;56;sem vítima;554,3;BR-153/GO;Norte;Outros - sequências;1;1;;;;;1
07/10/2016;09:21:00;169;sem vítima;5,529;BR-060/GO;Norte;Colisão Lateral;1;2;;;;;1
07/10/2016;10:37:00;224;sem vítima;108,33;BR-060/GO;Norte;Colisão Traseira;2;2;;;;;1
07/10/2016;14:04:00;343;sem vítima;60;BR-060/GO;Norte;Colisão Lateral;2;2;;;;;1
07/10/2016;14:14:00;349;ac02 - Acidente com Vítima;800;BR-262/MG;Oeste;Colisão Traseira;1;2;;;1;;2
07/10/2016;16:18:00;440;sem vítima;72,311;BR-060/GO;Sul;Tombamento;1;2;;;;;1
07/10/2016;18:37:00;528;ac02 - Acidente com Vítima;366,361;BR-262/MG;Leste;Colisão Lateral;1;1;1;;;;1
07/10/2016;20:41:00;583;sem vítima;493;BR-153/GO;Sul;Engavetamento;1;6;;;;;1
07/10/2016;23:22:00;648;sem vítima;442;BR-262/MG;Oeste;Saida de Pista;1;1;;;;;1
08/10/2016;00:19:00;3;ac02 - Acidente com Vítima;713;BR-262/MG;Oeste;Colisão Transversal;1;1;1;;;;1
08/10/2016;06:31:00;76;ac02 - Acidente com Vítima;36,783;BR-153/MG;Sul;Colisão Transversal;3;0;2;1;;;2
08/10/2016;14:24:00;299;sem vítima;495,531;BR-153/GO;Sul;Colisão Traseira;1;2;;;;;1
08/10/2016;15:49:00;338;sem vítima;58;BR-153/MG;Sul;Colisão Lateral;1;2;;;;;1
08/10/2016;16:26:00;353;ac01 - Acidente com Vítima Fatal;77,481;BR-153/MG;Sul;Colisão Frontal;1;0;1;;;3;3
09/10/2016;15:47:00;362;ac01 - Acidente com Vítima Fatal;58,798;BR-153/MG;Sul;Colisão Traseira;1;1;;;;1;3
10/10/2016;16:03:00;451;sem vítima;575;BR-262/MG;Leste;Saida de Pista;1;1;;;;;1
10/10/2016;20:25:00;598;sem vítima;526;BR-262/MG;Oeste;Colisão Traseira;1;3;;;;;1
11/10/2016;00:49:00;11;sem vítima;432,862;BR-262/MG;Leste;Tombamento;1;1;;;;;1
11/10/2016;18:04:00;467;sem vítima;777,8;BR-262/MG;Oeste;Colisão Lateral;1;4;;;;;1
11/10/2016;20:12:00;522;sem vítima;504;BR-153/GO;Sul;Colisão Traseira;1;4;;;;;1
11/10/2016;21:02:00;540;sem vítima;714;BR-262/MG;Leste;Colisão Traseira;2;2;;;;;1
11/10/2016;23:26:00;598;ac02 - Acidente com Vítima;745,238;BR-262/MG;Leste;Outros - sequências;1;1;;2;;;2
11/10/2016;23:38:00;601;ac02 - Acidente com Vítima;795,365;BR-262/MG;Oeste;Colisão Frontal;1;1;;1;;;2
12/10/2016;07:03:00;77;ac02 - Acidente com Vítima;583,572;BR-262/MG;Leste;Outros - sequências;1;0;1;;;;1
12/10/2016;15:05:00;334;ac02 - Acidente com Vítima;564,389;BR-262/MG;Leste;Colisão Lateral;2;2;;2;2;;2
12/10/2016;17:35:00;433;ac01 - Acidente com Vítima Fatal;178,595;BR-153/MG;Sul;Colisão Frontal;1;1;;;;1;3
13/10/2016;05:12:00;44;ac02 - Acidente com Vítima;496;BR-262/MG;Leste;Saida de Pista;1;1;1;;;;1
13/10/2016;06:42:00;66;sem vítima;621,926;BR-153/GO;Sul;Colisão Traseira;2;3;;;;;1
13/10/2016;10:05:00;190;sem vítima;500,523;BR-153/GO;Sul;Colisão Traseira;1;2;;;;;1
13/10/2016;15:13:00;397;sem vítima;94,839;BR-060/GO;Sul;Colisão Lateral;1;2;;;;;1
13/10/2016;18:25:00;527;ac02 - Acidente com Vítima;220,544;BR-153/MG;Sul;Tombamento;1;0;1;;;;1
13/10/2016;19:54:00;569;ac01 - Acidente com Vítima Fatal;514,964;BR-153/GO;Sul;Colisão Transversal;1;1;;;;1;3
13/10/2016;20:55:00;595;sem vítima;226;BR-153/MG;Sul;Saida de Pista;1;1;;;;;1
14/10/2016;04:38:00;36;ac02 - Acidente com Vítima;749,479;BR-262/MG;Leste;Carreta deu L;1;0;1;;;;1
14/10/2016;09:16:00;149;sem vítima;437;BR-262/MG;Leste;;1;2;;;;;1
14/10/2016;11:01:00;221;ac02 - Acidente com Vítima;549;BR-262/MG;Leste;Colisão Lateral;1;1;2;;;;1
14/10/2016;11:08:00;224;ac02 - Acidente com Vítima;591;BR-262/MG;Oeste;Colisão Lateral;1;1;1;;;;1
14/10/2016;12:26:00;269;sem vítima;104;BR-153/MG;Norte;Saida de Pista;1;1;;;;;1
15/10/2016;00:44:00;16;sem vítima;28;BR-153/MG;Sul;Saida de Pista;1;1;;;;;1
15/10/2016;01:25:00;25;ac02 - Acidente com Vítima;644,9;BR-153/GO;Sul;Outros - sequências;1;0;1;;;;1
15/10/2016;12:07:00;354;ac02 - Acidente com Vítima;108,024;BR-060/GO;Sul;Tombamento;1;0;1;;1;;2
15/10/2016;12:26:00;362;ac02 - Acidente com Vítima;607;BR-262/MG;Leste;Outros - sequências;1;0;1;;;;1
15/10/2016;12:43:00;370;ac01 - Acidente com Vítima Fatal;591;BR-262/MG;Oeste;Outros - sequências;1;0;1;;;2;3
15/10/2016;13:29:00;395;ac02 - Acidente com Vítima;22,5;BR-153/MG;Sul;Tombamento;1;0;1;;;;1
15/10/2016;23:01:00;684;ac02 - Acidente com Vítima;148,371;BR-153/MG;Norte;Colisão Lateral;1;2;31;;;;1
16/10/2016;17:03:00;408;ac02 - Acidente com Vítima;376;BR-262/MG;Leste;Saida de Pista;1;0;;1;;;2
16/10/2016;17:20:00;418;ac02 - Acidente com Vítima;612;BR-262/MG;Leste;Tombamento;1;1;1;;;;1
17/10/2016;07:22:00;128;ac02 - Acidente com Vítima;507;BR-153/GO;Norte;Engavetamento;1;2;1;;;;1
17/10/2016;13:14:00;352;sem vítima;499;BR-153/GO;Norte;Colisão Traseira;1;2;;;;;1
17/10/2016;17:21:00;494;ac02 - Acidente com Vítima;406,811;BR-262/MG;Oeste;Queda de Moto;1;1;1;;;;1
17/10/2016;19:03:00;540;sem vítima;187;BR-153/MG;Norte;Colisão Traseira;1;2;;;;;1
18/10/2016;00:36:00;11;ac02 - Acidente com Vítima;220;BR-153/MG;Sul;Colisão Traseira;1;1;;1;;;2
18/10/2016;05:20:00;102;ac02 - Acidente com Vítima;359;BR-262/MG;Oeste;Colisão Traseira;1;1;1;;;;1
18/10/2016;16:57:00;569;sem vítima;102;BR-060/GO;Norte;Tombamento;1;1;;;;;1
19/10/2016;00:11:00;3;ac02 - Acidente com Vítima;517;BR-262/MG;Oeste;Colisão Frontal;2;1;;1;;;2
19/10/2016;19:35:00;680;sem vítima;728,488;BR-262/MG;Oeste;Saida de Pista;1;2;;;;;1
20/10/2016;02:00:00;51;ac02 - Acidente com Vítima;544,187;BR-262/MG;Oeste;Tombamento;1;0;1;;;;1
20/10/2016;07:27:00;128;ac01 - Acidente com Vítima Fatal;701,849;BR-262/MG;Oeste;Colisão Frontal;1;0;1;;;1;3
20/10/2016;08:51:00;178;sem vítima;497,231;BR-153/GO;Norte;Colisão Traseira;1;2;;;;;1
21/10/2016;18:18:00;566;ac02 - Acidente com Vítima;212;BR-153/MG;Sul;Colisão Traseira;1;1;1;;;;1
21/10/2016;19:03:00;592;ac02 - Acidente com Vítima;28,5;BR-153/MG;Norte;Saida de Pista;1;0;;1;;;2
21/10/2016;19:06:00;595;sem vítima;782;BR-262/MG;Leste;Tombamento;1;1;;;;;1
21/10/2016;19:44:00;618;ac01 - Acidente com Vítima Fatal;190,732;BR-153/MG;Sul;Colisão Transversal;2;0;1;;;1;3
22/10/2016;02:58:00;46;sem vítima;450,009;BR-262/MG;Oeste;Colisão Lateral;1;3;;;;;1
22/10/2016;04:44:00;63;ac02 - Acidente com Vítima;541,5;BR-262/MG;Leste;Colisão Lateral;1;1;1;;;;1
22/10/2016;07:34:00;106;sem vítima;553;BR-262/MG;Leste;Outros - sequências;1;1;;;;;1
22/10/2016;11:44:00;261;sem vítima;408;BR-262/MG;Oeste;Colisão Traseira;1;2;;;;;1
22/10/2016;13:01:00;292;sem vítima;108;BR-060/GO;Norte;Colisão Lateral;1;2;;;;;1
22/10/2016;20:17:00;562;sem vítima;690,339;BR-262/MG;Leste;Atropelamento de Animal;1;1;;;;;1
23/10/2016;10:54:00;191;sem vítima;60,716;BR-060/GO;Sul;Colisão Lateral;1;2;;;;;1
23/10/2016;18:35:00;439;sem vítima;123,108;BR-060/GO;Sul;Colisão Traseira;1;2;;;;;1
24/10/2016;00:00:00;1;ac02 - Acidente com Vítima;97,8;BR-153/MG;Norte;Tombamento;1;0;1;;;;1
24/10/2016;10:14:00;171;sem vítima;4,25;BR-060/DF;Norte;Colisão Traseira;1;2;;;;;1
24/10/2016;11:46:00;233;sem vítima;491;BR-153/GO;Sul;Colisão Lateral;1;2;;;;;1
24/10/2016;16:03:00;387;sem vítima;554,626;BR-262/MG;Leste;Tombamento;1;1;;;;;1
24/10/2016;23:13:00;683;sem vítima;29;BR-153/MG;Sul;Colisão Traseira;1;2;;;;;1
25/10/2016;18:31:00;607;sem vítima;378,8;BR-262/MG;Leste;Colisão Traseira;1;2;;;;;1
26/10/2016;05:13:00;58;sem vítima;508,613;BR-153/GO;Norte;Colisão Lateral;1;2;;;;;1
26/10/2016;11:49:00;321;ac02 - Acidente com Vítima;496,99;BR-153/GO;Sul;Saida de Pista;1;0;;1;;;2
26/10/2016;16:34:00;561;sem vítima;580;BR-262/MG;Oeste;Tombamento;1;1;;;;;1
26/10/2016;18:18:00;619;ac02 - Acidente com Vítima;10,5;BR-153/MG;Sul;Saida de Pista;1;0;1;;;;1
27/10/2016;02:20:00;22;ac01 - Acidente com Vítima Fatal;30,86;BR-060/GO;Norte;Outros - sequências;2;1;;1;;1;3
27/10/2016;04:54:00;41;ac02 - Acidente com Vítima;51,7;BR-153/MG;Norte;"Choque - Defensa, barreira ou ""submarino""";1;0;1;;;;1
27/10/2016;06:27:00;55;sem vítima;424;BR-262/MG;Oeste;Tombamento;1;1;;;;;1
27/10/2016;10:00:00;210;sem vítima;389;BR-262/MG;Oeste;Saida de Pista;1;1;;;;;1
27/10/2016;10:27:00;232;sem vítima;829,4;BR-262/MG;Leste;Saida de Pista;1;1;;;;;1
27/10/2016;17:10:00;522;sem vítima;548;BR-262/MG;Oeste;Tombamento;1;1;;;;;1
27/10/2016;17:57:00;550;ac02 - Acidente com Vítima;405;BR-262/MG;Oeste;Colisão Lateral;1;0;7;;;;1
27/10/2016;18:21:00;562;sem vítima;576;BR-262/MG;Leste;Tombamento;1;1;;;;;1
27/10/2016;21:25:00;631;sem vítima;575;BR-262/MG;Leste;;1;1;;;;;1
28/10/2016;08:27:00;170;ac02 - Acidente com Vítima;510,6;BR-153/GO;Norte;Colisão Traseira;1;1;1;;;;1
28/10/2016;12:52:00;384;sem vítima;575,4;BR-153/GO;Sul;Saida de Pista;1;1;;;;;1
28/10/2016;13:07:00;393;ac02 - Acidente com Vítima;1;BR-153/MG;Norte;Carreta deu L;1;0;1;;;;1
29/10/2016;06:20:00;64;sem vítima;877;BR-262/MG;Leste;Colisão Lateral;1;2;;;;;1
29/10/2016;16:31:00;491;ac02 - Acidente com Vítima;589,72;BR-262/MG;Oeste;Tombamento;2;0;6;;;;1
29/10/2016;17:39:00;526;sem vítima;503,434;BR-153/GO;Norte;Colisão Traseira;1;2;;;;;1
29/10/2016;17:45:00;530;sem vítima;99,851;BR-060/GO;Norte;Outros - sequências;1;3;;;;;1
30/10/2016;17:40:00;556;sem vítima;496;BR-153/GO;Sul;Colisão Lateral;2;2;;;;;1
31/10/2016;07:47:00;112;ac02 - Acidente com Vítima;586,767;BR-262/MG;Oeste;Tombamento;2;2;1;;;;1
31/10/2016;13:39:00;472;ac02 - Acidente com Vítima;28,489;BR-060/GO;Sul;Colisão Traseira;2;2;1;;;;1
31/10/2016;14:20:00;523;sem vítima;608;BR-262/MG;Leste;;2;4;;;;;1
31/10/2016;16:35:00;623;sem vítima;582;BR-262/MG;Leste;Saida de Pista;1;1;;;;;1
31/10/2016;16:53:00;632;sem vítima;802;BR-262/MG;Leste;Colisão Traseira;1;3;;;;;1
31/10/2016;18:37:00;694;ac02 - Acidente com Vítima;492;BR-262/MG;Oeste;Colisão Transversal;1;0;3;;1;;2
01/11/2016;09:04:00;151;ac02 - Acidente com Vítima;553,5;BR-262/MG;Oeste;Outros - sequências;1;0;4;;;;1
01/11/2016;10:00:00;202;sem vítima;495;BR-153/GO;Norte;Outros - sequências;1;2;;;;;1
01/11/2016;19:05:00;622;sem vítima;79;BR-060/GO;Sul;Saida de Pista;1;1;;;;;1
01/11/2016;19:37:00;636;sem vítima;495;BR-153/GO;Sul;Colisão Traseira;1;2;;;;;1
02/11/2016;17:01:00;503;ac02 - Acidente com Vítima;567;BR-262/MG;Leste;Colisão Transversal;2;1;1;;;;1
02/11/2016;20:41:00;614;ac02 - Acidente com Vítima;47,833;BR-153/MG;Norte;"Choque - Defensa, barreira ou ""submarino""";1;1;1;;;;1
02/11/2016;22:50:00;663;sem vítima;606,45;BR-153/GO;Norte;Tombamento;1;1;;;;;1
03/11/2016;06:58:00;71;sem vítima;135,53;BR-060/GO;Norte;Colisão Traseira;2;2;;;;;1
03/11/2016;10:09:00;221;ac02 - Acidente com Vítima;110,65;BR-060/GO;Norte;Engavetamento;1;2;2;;;;1
03/11/2016;15:29:00;404;ac02 - Acidente com Vítima;15;BR-153/MG;Sul;Saida de Pista;1;1;1;;;;1
03/11/2016;16:31:00;456;sem vítima;590;BR-262/MG;Leste;Saida de Pista;1;1;;;;;1
03/11/2016;19:38:00;548;sem vítima;548;BR-262/MG;Leste;Saida de Pista;1;1;;;;;1
03/11/2016;19:46:00;553;sem vítima;508;BR-153/GO;Norte;Saida de Pista;1;1;;;;;1
04/11/2016;01:35:00;20;sem vítima;58;BR-153/MG;Sul;Saida de Pista;1;1;;;;;1
04/11/2016;14:06:00;332;sem vítima;509;BR-262/MG;Leste;Saida de Pista;1;1;;;;;1
04/11/2016;16:22:00;414;sem vítima;479,5;BR-262/MG;Leste;Saida de Pista;1;1;;;;;1
04/11/2016;17:06:00;448;sem vítima;496,2;BR-262/MG;Oeste;Choque - Arvore;1;1;;;;;1
05/11/2016;03:48:00;37;sem vítima;353,427;BR-262/MG;Leste;Tombamento;1;1;;;;;1
05/11/2016;09:44:00;145;sem vítima;10,498;BR-060/GO;Norte;Saida de Pista;1;2;;;;;1
05/11/2016;12:35:00;235;ac02 - Acidente com Vítima;24,482;BR-060/DF;Norte;Atropelamento - Usuário;1;1;;1;;;2
05/11/2016;17:21:00;340;sem vítima;116,124;BR-060/GO;Sul;Colisão Lateral;1;2;;;;;1
06/11/2016;05:25:00;66;ac02 - Acidente com Vítima;115,4;BR-153/MG;Norte;Capotamento;1;2;1;;;;1
06/11/2016;10:29:00;159;sem vítima;659;BR-153/GO;Sul;Colisão Traseira;1;3;;;;;1
06/11/2016;22:36:00;486;sem vítima;694;BR-262/MG;Oeste;Colisão Traseira;1;2;;;;;1
07/11/2016;07:17:00;125;sem vítima;494,451;BR-153/GO;Sul;Colisão Lateral;1;2;;;;;1
07/11/2016;13:30:00;359;ac02 - Acidente com Vítima;597;BR-262/MG;Leste;Colisão Frontal;1;0;1;1;;;2
07/11/2016;14:28:00;377;sem vítima;107;BR-060/GO;Norte;Colisão Traseira;1;2;;;;;1
07/11/2016;15:02:00;406;sem vítima;572;BR-262/MG;Leste;Tombamento;1;1;;;;;1
07/11/2016;20:03:00;574;ac02 - Acidente com Vítima;54,545;BR-060/GO;Norte;Tombamento;1;0;1;1;;;2
08/11/2016;00:41:00;5;sem vítima;449,967;BR-262/MG;Leste;Colisão Lateral;2;2;;;;;1
08/11/2016;16:37:00;542;sem vítima;378,4;BR-262/MG;Leste;Outros - sequências;1;1;;;;;1
09/11/2016;07:55:00;96;sem vítima;553,8;BR-262/MG;Leste;Saida de Pista;1;1;;;;;1
09/11/2016;18:34:00;473;sem vítima;500,95;BR-153/GO;Sul;Colisão Traseira;1;2;;;;;1
10/11/2016;01:52:00;28;ac02 - Acidente com Vítima;594;BR-262/MG;Leste;Outros - sequências;2;0;2;;;;1
11/11/2016;07:33:00;87;sem vítima;490;BR-153/GO;Norte;Colisão Traseira;1;2;;;;;1
11/11/2016;09:59:00;268;sem vítima;580;BR-262/MG;Leste;Tombamento;1;1;;;;;1
11/11/2016;14:09:00;448;ac02 - Acidente com Vítima;685,5;BR-153/GO;Sul;Outros - sequências;1;0;1;;;;1
11/11/2016;18:43:00;634;sem vítima;496;BR-153/GO;Sul;Colisão Traseira;1;2;;;;;1
11/11/2016;19:08:00;653;ac02 - Acidente com Vítima;499;BR-153/GO;Sul;Engavetamento;1;0;4;;;;1
12/11/2016;01:33:00;47;ac02 - Acidente com Vítima;608,14;BR-262/MG;Leste;Colisão Lateral;2;0;2;;;;1
12/11/2016;08:55:00;195;ac02 - Acidente com Vítima;535;BR-153/GO;Norte;Tombamento;1;0;1;;;;1
12/11/2016;11:13:00;371;ac02 - Acidente com Vítima;903;BR-262/MG;Oeste;Saida de Pista;1;1;1;;;;1
12/11/2016;15:20:00;506;sem vítima;424;BR-262/MG;Leste;Colisão Traseira;1;2;;;;;1
12/11/2016;15:23:00;509;sem vítima;517;BR-262/MG;Oeste;Colisão Traseira;2;2;;;;;1
12/11/2016;15:39:00;519;ac01 - Acidente com Vítima Fatal;467;BR-262/MG;Leste;Colisão Frontal;1;4;;1;2;2;3
12/11/2016;15:44:00;522;ac02 - Acidente com Vítima;903;BR-262/MG;Leste;Saida de Pista;1;0;1;;;;1
12/11/2016;16:22:00;546;ac02 - Acidente com Vítima;580;BR-262/MG;Oeste;Saida de Pista;1;0;1;;;;1
12/11/2016;21:59:00;701;ac02 - Acidente com Vítima;437;BR-262/MG;Leste;Tombamento;1;0;1;;;;1
13/11/2016;19:48:00;401;sem vítima;517;BR-262/MG;Leste;Saida de Pista;1;1;;;;;1
13/11/2016;21:25:00;453;ac02 - Acidente com Vítima;517;BR-262/MG;Leste;Capotamento;1;0;1;;;;1
14/11/2016;07:08:00;67;ac02 - Acidente com Vítima;31;BR-060/GO;Norte;Colisão Traseira;1;4;2;;;;1
14/11/2016;12:19:00;261;ac01 - Acidente com Vítima Fatal;546,4;BR-262/MG;Oeste;Colisão Transversal;1;1;;1;;1;3
14/11/2016;15:46:00;384;ac02 - Acidente com Vítima;545;BR-262/MG;Oeste;Saida de Pista;1;1;2;;;;1
14/11/2016;17:34:00;435;ac02 - Acidente com Vítima;517;BR-262/MG;Oeste;Outros - sequências;3;0;2;;1;;2
15/11/2016;07:01:00;133;ac02 - Acidente com Vítima;58;BR-153/MG;Norte;Tombamento;1;0;;1;;;2
16/11/2016;02:47:00;28;sem vítima;58;BR-060/GO;Sul;Saida de Pista;1;1;;;;;1
16/11/2016;06:22:00;107;sem vítima;780;BR-262/MG;Leste;Colisão Traseira;1;2;;;;;1
16/11/2016;12:40:00;406;ac02 - Acidente com Vítima;28,305;BR-060/DF;Sul;Colisão Lateral;1;1;1;2;;;2
16/11/2016;18:21:00;599;sem vítima;12;BR-060/GO;Norte;Colisão Traseira;1;7;;;;;1
16/11/2016;19:43:00;641;sem vítima;120;BR-153/MG;Sul;Colisão Traseira;2;2;;;;;1
16/11/2016;21:57:00;696;ac02 - Acidente com Vítima;586,3;BR-262/MG;Leste;Colisão Traseira;2;0;;2;;;2
17/11/2016;09:43:00;206;sem vítima;75,2;BR-153/MG;Norte;Tombamento;1;2;;;;;1
17/11/2016;13:17:00;354;sem vítima;607;BR-153/GO;Norte;Tombamento;1;1;;;;;1
17/11/2016;13:21:00;359;sem vítima;3,7;BR-153/MG;Norte;Tombamento;1;1;;;;;1
17/11/2016;17:00:00;485;sem vítima;504;BR-153/GO;Norte;Colisão Traseira;1;2;;;;;1
18/11/2016;00:02:00;3;ac02 - Acidente com Vítima;524,733;BR-262/MG;Oeste;Colisão Frontal;2;0;3;;;;1
18/11/2016;01:49:00;22;sem vítima;588;BR-153/GO;Norte;Saida de Pista;1;1;;;;;1
18/11/2016;02:09:00;29;sem vítima;591;BR-153/GO;Norte;Saida de Pista;1;1;;;;;1
18/11/2016;02:50:00;34;sem vítima;685,6;BR-153/GO;Sul;Carreta deu L;1;1;;;;;1
18/11/2016;04:19:00;50;ac02 - Acidente com Vítima;487,446;BR-262/MG;Oeste;Engavetamento;2;0;4;;;;1
18/11/2016;11:55:00;432;sem vítima;554,9;BR-262/MG;Leste;Colisão Traseira;1;2;;;;;1
18/11/2016;13:39:00;507;sem vítima;409;BR-262/MG;Oeste;Saida de Pista;1;1;;;;;1
18/11/2016;14:19:00;525;ac02 - Acidente com Vítima;358;BR-262/MG;Oeste;Capotamento;1;0;1;;;;1
18/11/2016;17:47:00;674;sem vítima;543;BR-153/GO;Norte;Saida de Pista;1;1;;;;;1
18/11/2016;18:30:00;701;sem vítima;96;BR-060/GO;Sul;Colisão Lateral;1;2;;;;;1
18/11/2016;19:59:00;753;sem vítima;469;BR-262/MG;Oeste;Saida de Pista;1;1;;;;;1
18/11/2016;20:03:00;757;ac01 - Acidente com Vítima Fatal;510,895;BR-153/GO;Sul;Atropelamento - Outros;1;1;;;;1;3
18/11/2016;20:43:00;774;sem vítima;514;BR-153/GO;Norte;Colisão Traseira;2;2;;;;;1
19/11/2016;01:37:00;36;sem vítima;747,578;BR-262/MG;Leste;Tombamento;1;1;;;;;1
19/11/2016;08:01:00;117;sem vítima;506;BR-153/GO;Sul;Colisão Lateral;1;6;;;;;1
19/11/2016;14:33:00;479;ac02 - Acidente com Vítima;67;BR-153/MG;Sul;Colisão Traseira;1;0;3;;;;1
19/11/2016;17:45:00;715;sem vítima;548;BR-262/MG;Leste;Tombamento;1;1;;;;;1
19/11/2016;17:59:00;737;sem vítima;500,7;BR-153/GO;Sul;Colisão Traseira;1;4;;;;;1
19/11/2016;18:27:00;756;ac02 - Acidente com Vítima;127;BR-060/GO;Sul;Colisão Traseira;1;5;1;;;;1
20/11/2016;03:50:00;52;ac02 - Acidente com Vítima;560,72;BR-262/MG;Leste;Tombamento;1;0;1;1;;;2
20/11/2016;22:15:00;895;sem vítima;43;BR-060/GO;Norte;Atropelamento de Animal;1;1;;;;;1
21/11/2016;05:42:00;78;ac02 - Acidente com Vítima;11;BR-153/MG;Norte;Colisão Traseira;1;3;3;;;;1
21/11/2016;15:41:00;497;sem vítima;499;BR-153/GO;Sul;Colisão Lateral;1;2;;;;;1
21/11/2016;19:39:00;622;ac02 - Acidente com Vítima;150,542;BR-153/MG;Norte;Colisão Traseira;1;0;2;;;;1
21/11/2016;22:13:00;682;sem vítima;504,8;BR-153/GO;Sul;Colisão Lateral;1;2;;;;;1
22/11/2016;15:47:00;611;sem vítima;480;BR-262/MG;Oeste;Saida de Pista;3;3;;;;;1
22/11/2016;16:58:00;645;ac02 - Acidente com Vítima;702,703;BR-153/GO;Norte;Saida de Pista;1;0;2;;;;1
23/11/2016;14:17:00;353;sem vítima;504,027;BR-153/GO;Sul;Engavetamento;1;3;;;;;1
23/11/2016;18:00:00;471;ac02 - Acidente com Vítima;679;BR-262/MG;Leste;Colisão Traseira;1;1;2;;;;1
24/11/2016;08:54:00;253;sem vítima;572,609;BR-262/MG;Leste;Engavetamento;3;3;;;;;1
24/11/2016;11:25:00;521;sem vítima;622,2;BR-153/GO;Norte;Tombamento;1;1;;;;;1
24/11/2016;12:52:00;578;sem vítima;440;BR-262/MG;Oeste;Atropelamento de Animal;1;1;;;;;1
25/11/2016;00:41:00;25;sem vítima;683,8;BR-153/GO;Sul;Colisão Traseira;2;2;;;;;1
25/11/2016;02:35:00;55;sem vítima;23,3;BR-153/MG;Norte;Capotamento;1;1;;;;;1
25/11/2016;08:41:00;174;sem vítima;2,6;BR-060/DF;Sul;Colisão Traseira;2;2;;;;;1
25/11/2016;16:21:00;522;ac02 - Acidente com Vítima;517;BR-262/MG;Leste;Colisão Lateral;1;1;;1;;;2
25/11/2016;17:29:00;554;sem vítima;101,4;BR-060/GO;Norte;Colisão Traseira;1;3;;;;;1
26/11/2016;05:53:00;84;ac02 - Acidente com Vítima;96,938;BR-060/GO;Sul;Outros - sequências;1;1;1;1;;;2
26/11/2016;09:16:00;168;sem vítima;1;BR-153/MG;Sul;Colisão Lateral;1;2;;;;;1
27/11/2016;08:40:00;139;sem vítima;384;BR-262/MG;Oeste;Choque - Arvore;1;1;;;;;1
27/11/2016;16:47:00;537;ac02 - Acidente com Vítima;593;BR-262/MG;Leste;Colisão Frontal;1;1;;;1;;2
27/11/2016;17:58:00;593;sem vítima;589,2;BR-262/MG;Oeste;Tombamento;1;1;;;;;1
27/11/2016;20:39:00;660;sem vítima;449;BR-262/MG;Oeste;Atropelamento - Outros;1;2;;;;;1
27/11/2016;23:29:00;709;ac02 - Acidente com Vítima;709;BR-262/MG;Oeste;Capotamento;1;0;;1;;;2
28/11/2016;05:37:00;53;ac02 - Acidente com Vítima;703;BR-153/GO;Norte;Colisão Frontal;1;1;;1;;;2
28/11/2016;08:11:00;126;sem vítima;500,2;BR-153/GO;Sul;Colisão Traseira;1;2;;;;;1
28/11/2016;14:37:00;443;ac02 - Acidente com Vítima;628,462;BR-153/GO;Norte;Colisão Lateral;2;0;2;;;;1
29/11/2016;08:17:00;123;ac02 - Acidente com Vítima;577;BR-262/MG;Oeste;Colisão Traseira;1;1;;1;;;2
29/11/2016;12:20:00;270;ac02 - Acidente com Vítima;79;BR-153/MG;Sul;Outros - sequências;1;0;1;;;;1
29/11/2016;20:50:00;521;sem vítima;516,4;BR-153/GO;Norte;Tombamento;1;1;;;;;1
30/11/2016;01:43:00;18;ac02 - Acidente com Vítima;440,8;BR-262/MG;Oeste;Colisão Traseira;1;0;3;;;;1
30/11/2016;07:32:00;77;sem vítima;492;BR-262/MG;Leste;Colisão Lateral;1;2;;;;;1
30/11/2016;13:19:00;293;sem vítima;584;BR-153/GO;Sul;Saida de Pista;1;1;;;;;1
30/11/2016;14:10:00;313;sem vítima;118;BR-060/GO;Norte;Colisão Lateral;1;2;;;;;1
30/11/2016;15:41:00;364;ac02 - Acidente com Vítima;1,8;BR-153/MG;Norte;Colisão Traseira;1;1;4;;;;1
01/12/2016;07:27:00;80;sem vítima;692;BR-262/MG;Oeste;Colisão Traseira;2;3;;;;;1
01/12/2016;16:08:00;408;ac02 - Acidente com Vítima;380;BR-262/MG;Oeste;Saida de Pista;1;0;1;;;;1
01/12/2016;17:10:00;443;ac02 - Acidente com Vítima;7,57;BR-153/MG;Sul;Saida de Pista;1;1;2;;;;1
01/12/2016;18:29:00;477;sem vítima;73;BR-060/GO;Sul;Tombamento;1;2;;;;;1
01/12/2016;21:18:00;558;sem vítima;499;BR-153/GO;Sul;Colisão Traseira;1;2;;;;;1
02/12/2016;03:22:00;57;ac02 - Acidente com Vítima;504;BR-153/GO;Sul;Colisão Lateral;1;1;2;;;;1
02/12/2016;06:58:00;89;ac02 - Acidente com Vítima;673;BR-153/GO;Sul;Colisão Traseira;2;1;;;1;;2
02/12/2016;17:48:00;489;sem vítima;564,7;BR-153/GO;Sul;Tombamento;1;1;;;;;1