data;horario;n_da_ocorrencia;tipo_de_ocorrencia;km;trecho;sentido;tipo_de_acidente;caminhao;ilesos;levemente_feridos;moderadamente_feridos;gravemente_feridos;mortos;3
03/12/2016;06:06:00;83;ac01 - Acidente com Vítima Fatal;549,5;BR-262/MG;Leste;Colisão Frontal;2;0;;;1;1;3
03/12/2016;10:03:00;179;sem vítima;640;BR-262/MG;Leste;Colisão Frontal;1;3;;;;;1
03/12/2016;12:21:00;279;sem vítima;112;BR-060/GO;Sul;Saida de Pista;1;1;;;;;1
03/12/2016;14:06:00;329;sem vítima;580,5;BR-153/GO;Sul;Tombamento;1;1;;;;;1
03/12/2016;20:16:00;512;ac02 - Acidente com Vítima;130;BR-153/MG;Norte;Saida de Pista;1;1;2;;;;1
03/12/2016;21:58:00;547;ac02 - Acidente com Vítima;594;BR-262/MG;Oeste;Tombamento;1;0;1;;;;1
04/12/2016;07:20:00;81;sem vítima;225;BR-153/MG;Sul;Colisão Traseira;2;2;;;;;1
04/12/2016;09:37:00;150;sem vítima;150;BR-153/MG;Sul;Tombamento;1;1;;;;;1
04/12/2016;12:54:00;245;sem vítima;90;BR-060/GO;Sul;Colisão Traseira;1;2;;;;;1
04/12/2016;13:59:00;267;ac02 - Acidente com Vítima;192,6;BR-153/MG;Sul;Tombamento;1;1;1;;;;1
04/12/2016;17:15:00;368;sem vítima;500,5;BR-153/GO;Sul;Saida de Pista;1;1;;;;;1
04/12/2016;19:49:00;462;ac02 - Acidente com Vítima;655;BR-262/MG;Oeste;Colisão Frontal;1;0;3;;;;1
04/12/2016;21:29:00;508;sem vítima;579;BR-262/MG;Oeste;Saida de Pista;1;1;;;;;1
05/12/2016;08:30:00;150;ac02 - Acidente com Vítima;500;BR-153/GO;Sul;Colisão Lateral;1;3;1;;;;1
05/12/2016;13:20:00;383;ac02 - Acidente com Vítima;188,044;BR-153/MG;Norte;Tombamento;1;0;1;;;;1
05/12/2016;14:12:00;406;ac01 - Acidente com Vítima Fatal;188,044;BR-153/MG;Norte;Outros - sequências;3;0;2;;;2;3
05/12/2016;14:25:00;416;ac02 - Acidente com Vítima;379;BR-262/MG;Leste;Saida de Pista;1;0;1;;;;1
05/12/2016;18:49:00;586;sem vítima;661;BR-153/GO;Norte;Colisão Traseira;1;6;;;;;1
06/12/2016;09:57:00;228;sem vítima;503,14;BR-153/GO;Norte;Colisão Traseira;1;2;;;;;1
06/12/2016;16:00:00;552;ac02 - Acidente com Vítima;134,6;BR-153/MG;Norte;Engavetamento;3;2;3;2;;;2
06/12/2016;18:30:00;626;ac01 - Acidente com Vítima Fatal;133,097;BR-060/GO;Norte;Atropelamento - Andarilho;1;1;;;;1;3
06/12/2016;21:37:00;724;sem vítima;507;BR-153/GO;Sul;Outros - sequências;2;5;;;;;1
07/12/2016;06:34:00;46;sem vítima;99;BR-060/GO;Norte;Saida de Pista;1;1;;;;;1
07/12/2016;14:43:00;338;sem vítima;587;BR-262/MG;Oeste;Carreta deu L;1;1;;;;;1
07/12/2016;15:09:00;356;sem vítima;537;BR-153/GO;Sul;Saida de Pista;1;1;;;;;1
07/12/2016;18:34:00;468;ac02 - Acidente com Vítima;109;BR-060/GO;Norte;Tombamento;1;1;2;;;;1
08/12/2016;06:26:00;90;ac02 - Acidente com Vítima;473;BR-262/MG;Leste;Saida de Pista;1;0;2;;;;1
08/12/2016;07:07:00;105;sem vítima;508,395;BR-153/GO;Sul;Engavetamento;3;6;;;;;1
08/12/2016;07:54:00;127;sem vítima;161;BR-153/MG;Sul;Colisão Traseira;2;2;;;;;1
08/12/2016;10:43:00;236;sem vítima;113,914;BR-060/GO;Norte;Saida de Pista;1;1;;;;;1
08/12/2016;12:20:00;294;sem vítima;508;BR-153/GO;Sul;Engavetamento;1;3;;;;;1
08/12/2016;14:06:00;345;sem vítima;551;BR-262/MG;Leste;Colisão Traseira;2;2;;;;;1
08/12/2016;14:12:00;349;sem vítima;498;BR-153/GO;Norte;Tombamento;1;1;;;;;1
08/12/2016;16:36:00;430;ac02 - Acidente com Vítima;369,2;BR-262/MG;Oeste;Outros - sequências;1;1;1;;;;1
08/12/2016;18:04:00;475;ac01 - Acidente com Vítima Fatal;91,779;BR-060/GO;Norte;Atropelamento - Morador;1;1;;;;1;3
08/12/2016;22:05:00;591;sem vítima;57;BR-153/MG;Norte;Outros - sequências;2;3;;;;;1
09/12/2016;14:52:00;384;sem vítima;537,5;BR-153/GO;Sul;Colisão Lateral;1;2;;;;;1
10/12/2016;16:57:00;460;sem vítima;610;BR-262/MG;Leste;Saida de Pista;1;1;;;;;1
10/12/2016;17:27:00;471;sem vítima;608;BR-262/MG;Leste;Saida de Pista;1;1;;;;;1
11/12/2016;02:56:00;43;ac02 - Acidente com Vítima;790;BR-262/MG;Oeste;Colisão Lateral;1;1;;1;;;2
11/12/2016;09:46:00;194;sem vítima;553,116;BR-262/MG;Leste;Tombamento;1;1;;;;;1
11/12/2016;10:02:00;273;sem vítima;125;BR-153/MG;Norte;Colisão Lateral;1;2;;;;;1
11/12/2016;13:49:00;405;ac02 - Acidente com Vítima;481,8;BR-262/MG;Leste;Colisão Transversal;1;1;1;;;;1
11/12/2016;15:40:00;513;sem vítima;587;BR-262/MG;Oeste;Saida de Pista;1;1;;;;;1
11/12/2016;16:13:00;540;sem vítima;507;BR-153/GO;Sul;"Choque - Defensa, barreira ou ""submarino""";1;2;;;;;1
11/12/2016;17:10:00;568;sem vítima;594;BR-262/MG;Oeste;Objeto lançado contra veículo;1;1;;;;;1
11/12/2016;20:08:00;648;sem vítima;510;BR-262/MG;Leste;Saida de Pista;1;1;;;;;1
12/12/2016;08:02:00;99;sem vítima;505;BR-153/GO;Sul;Colisão Traseira;1;2;;;;;1
12/12/2016;09:46:00;182;sem vítima;491;BR-262/MG;Leste;Colisão Lateral;1;2;;;;;1
12/12/2016;16:57:00;463;ac02 - Acidente com Vítima;598,8;BR-153/GO;Norte;Colisão Traseira;2;3;1;;;;1
13/12/2016;06:46:00;64;ac01 - Acidente com Vítima Fatal;79;BR-153/MG;Sul;Colisão Lateral;1;0;;2;;2;3
13/12/2016;17:00:00;374;ac02 - Acidente com Vítima;594;BR-262/MG;Oeste;Colisão Frontal;2;1;1;;;;1
13/12/2016;17:22:00;386;sem vítima;595;BR-262/MG;Leste;Colisão Traseira;2;3;;;;;1
13/12/2016;20:25:00;454;ac02 - Acidente com Vítima;112;BR-060/GO;Norte;Colisão Traseira;2;3;1;;;;1
14/12/2016;03:06:00;28;ac02 - Acidente com Vítima;640;BR-153/GO;Sul;Saida de Pista;1;0;1;;;;1
14/12/2016;09:16:00;157;ac02 - Acidente com Vítima;502,687;BR-262/MG;Oeste;Colisão Lateral;2;0;1;1;;;2
14/12/2016;09:23:00;162;sem vítima;7,453;BR-060/DF;Norte;Tombamento;1;1;;;;;1
14/12/2016;14:05:00;362;sem vítima;714;BR-262/MG;Oeste;Saida de Pista;1;1;;;;;1
14/12/2016;14:31:00;376;sem vítima;96,5;BR-060/GO;Sul;Colisão Traseira;1;2;;;;;1
14/12/2016;16:35:00;457;ac02 - Acidente com Vítima;197;BR-153/MG;Sul;Colisão Transversal;1;0;2;;;;1
14/12/2016;18:44:00;544;sem vítima;510;BR-153/GO;Norte;Colisão Lateral;1;3;;;;;1
15/12/2016;05:11:00;42;sem vítima;641;BR-153/GO;Sul;Colisão Traseira;2;2;;;;;1
15/12/2016;08:01:00;108;sem vítima;594;BR-262/MG;Leste;Saida de Pista;1;1;;;;;1
15/12/2016;08:36:00;137;sem vítima;4;BR-153/MG;Sul;Colisão Lateral;1;2;;;;;1
15/12/2016;09:42:00;188;ac02 - Acidente com Vítima;218;BR-153/MG;Norte;Colisão Traseira;1;1;2;;;;1
15/12/2016;11:21:00;255;ac01 - Acidente com Vítima Fatal;459,629;BR-262/MG;Oeste;Outros - sequências;1;0;1;;;1;3
15/12/2016;17:48:00;472;sem vítima;562;BR-153/GO;Norte;Saida de Pista;1;1;;;;;1
15/12/2016;18:24:00;498;sem vítima;590;BR-262/MG;Oeste;Carreta deu L;1;1;;;;;1
15/12/2016;20:27:00;547;sem vítima;76;BR-153/MG;Norte;Tombamento;1;1;;;;;1
15/12/2016;20:50:00;554;ac02 - Acidente com Vítima;456;BR-262/MG;Leste;Outros - sequências;1;0;2;;2;;2
15/12/2016;21:44:00;574;sem vítima;74,9;BR-153/MG;Sul;Saida de Pista;1;1;;;;;1
15/12/2016;23:51:00;627;ac02 - Acidente com Vítima;455,3;BR-262/MG;Leste;Colisão Frontal;1;1;;1;1;;2
16/12/2016;00:17:00;6;ac02 - Acidente com Vítima;388,8;BR-262/MG;Oeste;Colisão Traseira;2;0;2;;;;1
16/12/2016;07:25:00;105;sem vítima;20;BR-153/MG;Sul;Saida de Pista;1;2;;;;;1
16/12/2016;09:18:00;184;sem vítima;125,247;BR-060/GO;Norte;Outros - sequências;1;3;;;;;1
16/12/2016;19:36:00;577;sem vítima;519;BR-262/MG;Oeste;Saida de Pista;1;1;;;;;1
17/12/2016;05:23:00;127;ac02 - Acidente com Vítima;17;BR-153/MG;Norte;Tombamento;1;0;1;;;;1
17/12/2016;14:41:00;669;sem vítima;377,4;BR-262/MG;Leste;Saida de Pista;1;1;;;;;1
18/12/2016;07:09:00;75;ac02 - Acidente com Vítima;3;BR-060/DF;Sul;Colisão Transversal;1;1;1;;;;1
18/12/2016;07:10:00;76;ac02 - Acidente com Vítima;59;BR-153/MG;Sul;Colisão Traseira;1;2;1;1;;;2
18/12/2016;10:31:00;271;sem vítima;96,828;BR-153/MG;Norte;Tombamento;1;2;;;;;1
18/12/2016;20:32:00;667;sem vítima;840;BR-262/MG;Oeste;Tombamento;1;1;;;;;1
18/12/2016;22:28:00;724;ac02 - Acidente com Vítima;505;BR-153/GO;Norte;Colisão Lateral;1;1;1;;;;1
19/12/2016;04:51:00;83;sem vítima;363,034;BR-262/MG;Leste;Atropelamento de Animal;1;1;;;;;1
19/12/2016;07:17:00;173;sem vítima;431;BR-262/MG;Leste;Tombamento;1;1;;;;;1
20/12/2016;06:35:00;108;sem vítima;644;BR-153/GO;Norte;Colisão Traseira;1;2;;;;;1
20/12/2016;16:01:00;534;ac02 - Acidente com Vítima;567;BR-153/GO;Sul;Saida de Pista;1;3;1;;;;1
20/12/2016;17:27:00;575;sem vítima;364;BR-262/MG;Oeste;Colisão Lateral;1;2;;;;;1
20/12/2016;18:21:00;605;sem vítima;458;BR-262/MG;Oeste;Engavetamento;2;8;;;;;1
21/12/2016;05:20:00;47;sem vítima;30;BR-153/MG;Norte;Outros - sequências;1;1;;;;;1
21/12/2016;17:02:00;627;sem vítima;673;BR-153/GO;Sul;Colisão Traseira;1;2;;;;;1
21/12/2016;20:17:00;766;ac02 - Acidente com Vítima;653,1;BR-262/MG;Leste;Colisão Traseira;2;2;3;;;;1
21/12/2016;21:20:00;788;sem vítima;627,362;BR-153/GO;Norte;Colisão Frontal;1;1;;;;;1
21/12/2016;23:53:00;845;sem vítima;72;BR-153/MG;Norte;Saida de Pista;1;1;;;;;1
22/12/2016;03:39:00;63;sem vítima;52;BR-153/MG;Norte;Colisão Traseira;2;2;;;;;1
22/12/2016;06:47:00;103;sem vítima;567;BR-153/GO;Norte;Saida de Pista;1;1;;;;;1
22/12/2016;06:54:00;106;sem vítima;91,8;BR-153/MG;Sul;Saida de Pista;1;1;;;;;1
22/12/2016;09:37:00;266;ac02 - Acidente com Vítima;128,458;BR-060/GO;Norte;Colisão Traseira;1;1;2;1;;;2
22/12/2016;16:40:00;582;ac02 - Acidente com Vítima;434;BR-262/MG;Oeste;Colisão Lateral;1;2;1;;;;1
23/12/2016;03:47:00;53;sem vítima;679,3;BR-153/GO;Norte;Colisão Lateral;1;2;;;;;1
23/12/2016;16:00:00;448;sem vítima;495,5;BR-153/GO;Sul;Colisão Traseira;1;2;;;;;1
24/12/2016;19:20:00;480;ac02 - Acidente com Vítima;31,874;BR-060/GO;Norte;Colisão Transversal;1;2;1;;;;1
26/12/2016;14:22:00;315;ac02 - Acidente com Vítima;563,307;BR-153/GO;Norte;Outros - sequências;1;1;;1;;;2
26/12/2016;17:24:00;436;ac02 - Acidente com Vítima;594;BR-262/MG;Leste;Tombamento;1;0;1;;;;1
26/12/2016;18:10:00;460;sem vítima;703;BR-153/GO;Sul;Outros - sequências;2;3;;;;;1
26/12/2016;18:24:00;471;sem vítima;838,9;BR-262/MG;Leste;;1;2;;;;;1
26/12/2016;21:28:00;566;sem vítima;4;BR-060/DF;Sul;Colisão Transversal;1;2;;;;;1
27/12/2016;08:19:00;97;ac02 - Acidente com Vítima;581;BR-153/GO;Norte;Outros - sequências;1;1;1;1;;;2
27/12/2016;13:24:00;264;sem vítima;124;BR-060/GO;Norte;Saida de Pista;1;1;;;;;1
27/12/2016;18:25:00;433;sem vítima;517;BR-262/MG;Leste;Colisão Traseira;2;2;;;;;1
28/12/2016;09:35:00;139;ac02 - Acidente com Vítima;732;BR-262/MG;Leste;Colisão Transversal;1;0;5;;;;1
28/12/2016;13:08:00;255;sem vítima;658,3;BR-262/MG;Leste;Saida de Pista;1;1;;;;;1
28/12/2016;15:29:00;334;ac02 - Acidente com Vítima;124,077;BR-060/GO;Sul;Outros - sequências;1;1;2;;;;1
28/12/2016;15:49:00;340;sem vítima;11,3;BR-060/GO;Norte;Outros - sequências;1;3;;;;;1
28/12/2016;21:35:00;511;ac02 - Acidente com Vítima;128,6;BR-060/GO;Sul;Colisão Traseira;1;1;;1;;;2
29/12/2016;05:29:00;43;sem vítima;561;BR-153/GO;Norte;Outros - sequências;1;3;;;;;1
29/12/2016;16:08:00;431;ac02 - Acidente com Vítima;61;BR-153/MG;Sul;Choque - Outros;1;1;4;;;;1
29/12/2016;17:48:00;479;ac02 - Acidente com Vítima;503;BR-153/GO;Norte;Colisão Traseira;1;1;1;;;;1
30/12/2016;13:43:00;365;ac02 - Acidente com Vítima;183,8;BR-153/MG;Norte;Saida de Pista;1;2;;;1;;2
30/12/2016;18:26:00;596;ac02 - Acidente com Vítima;568;BR-262/MG;Oeste;Saida de Pista;1;0;2;;;;1
01/01/2017;11:29:00;178;sem vítima;482;BR-262/MG;Oeste;Colisão Lateral;1;2;;;;;1
02/01/2017;17:14:00;467;ac02 - Acidente com Vítima;600,8;BR-262/MG;Leste;Colisão Traseira;1;3;2;;;;1
02/01/2017;18:39:00;519;ac02 - Acidente com Vítima;592,85;BR-153/GO;Norte;Outros - sequências;1;0;1;;;;1
02/01/2017;18:41:00;520;sem vítima;591;BR-153/GO;Norte;Saida de Pista;1;1;;;;;1
02/01/2017;18:51:00;525;ac02 - Acidente com Vítima;101;BR-060/GO;Sul;Engavetamento;1;3;1;;;;1
03/01/2017;13:36:00;367;ac01 - Acidente com Vítima Fatal;360;BR-262/MG;Leste;Queda de Moto;1;1;;1;;1;3
04/01/2017;06:35:00;40;sem vítima;692;BR-262/MG;Leste;Colisão Traseira;2;2;;;;;1
04/01/2017;08:16:00;78;sem vítima;667;BR-153/GO;Sul;Saida de Pista;1;1;;;;;1
04/01/2017;13:44:00;274;sem vítima;787;BR-262/MG;Leste;Saida de Pista;1;3;;;;;1
04/01/2017;15:41:00;318;sem vítima;676;BR-262/MG;Oeste;Outros - sequências;1;1;;;;;1
05/01/2017;03:54:00;41;ac01 - Acidente com Vítima Fatal;429,8;BR-262/MG;Oeste;Colisão Traseira;2;0;;2;;1;3
05/01/2017;17:13:00;393;sem vítima;392;BR-262/MG;Oeste;Colisão Transversal;1;2;;;;;1
05/01/2017;20:14:00;481;sem vítima;107;BR-060/GO;Sul;Colisão Traseira;1;2;;;;;1
06/01/2017;09:02:00;147;ac02 - Acidente com Vítima;147,8;BR-153/MG;Sul;Tombamento;1;0;1;;;;1
06/01/2017;14:50:00;338;sem vítima;234,8;BR-153/MG;Norte;Tombamento;1;1;;;;;1
06/01/2017;15:06:00;353;sem vítima;125;BR-153/MG;Norte;Colisão Traseira;1;2;;;;;1
06/01/2017;21:38:00;551;ac02 - Acidente com Vítima;547;BR-262/MG;Oeste;Colisão Frontal;1;4;2;;;;1
07/01/2017;07:31:00;75;sem vítima;600;BR-262/MG;Leste;Colisão Traseira;1;2;;;;;1
07/01/2017;10:14:00;196;sem vítima;482,425;BR-262/MG;Leste;Engavetamento;2;4;;;;;1
07/01/2017;11:06:00;249;sem vítima;557,599;BR-262/MG;Leste;Engavetamento;1;1;;;;;1
07/01/2017;16:38:00;452;sem vítima;372;BR-262/MG;Leste;Colisão Lateral;1;2;;;;;1
07/01/2017;21:11:00;573;ac02 - Acidente com Vítima;521;BR-262/MG;Leste;Colisão Traseira;1;0;2;;;;1
09/01/2017;07:46:00;103;sem vítima;903,8;BR-262/MG;Oeste;Saida de Pista;1;2;;;;;1
09/01/2017;21:48:00;496;sem vítima;548,7;BR-262/MG;Leste;Tombamento;1;1;;;;;1
10/01/2017;01:14:00;15;sem vítima;594,8;BR-153/GO;Sul;Atropelamento de Animal;1;1;;;;;1
10/01/2017;15:53:00;447;sem vítima;611;BR-262/MG;Leste;Outros - sequências;1;2;;;;;1
10/01/2017;16:13:00;455;sem vítima;518,8;BR-262/MG;Leste;Outros - sequências;1;1;;;;;1
10/01/2017;16:19:00;458;sem vítima;519,5;BR-262/MG;Leste;Outros - sequências;1;1;;;;;1
10/01/2017;19:47:00;535;sem vítima;188;BR-153/MG;Norte;Outros - sequências;1;1;;;;;1
11/01/2017;14:13:00;331;sem vítima;26;BR-060/GO;Norte;Saida de Pista;1;2;;;;;1
11/01/2017;14:54:00;371;sem vítima;25;BR-060/DF;Sul;Colisão Traseira;1;5;;;;;1
11/01/2017;17:27:00;438;ac02 - Acidente com Vítima;220;BR-153/MG;Norte;Colisão Lateral;1;0;1;2;;;2
11/01/2017;21:34:00;548;sem vítima;549;BR-262/MG;Oeste;Saida de Pista;1;1;;;;;1
12/01/2017;05:10:00;51;sem vítima;429,5;BR-262/MG;Leste;Atropelamento de Animal;1;1;;;;;1
12/01/2017;12:08:00;260;ac02 - Acidente com Vítima;629,271;BR-153/GO;Norte;Tombamento;1;0;1;;;;1
13/01/2017;15:48:00;334;sem vítima;685;BR-153/GO;Norte;Colisão Traseira;1;2;;;;;1
13/01/2017;18:02:00;390;ac02 - Acidente com Vítima;505,094;BR-153/GO;Norte;Colisão Frontal;1;1;;1;;;2
13/01/2017;19:14:00;422;sem vítima;108;BR-153/MG;Sul;Saida de Pista;1;2;;;;;1
13/01/2017;23:48:00;523;ac02 - Acidente com Vítima;89;BR-153/MG;Sul;Tombamento;1;0;2;;;;1
14/01/2017;14:50:00;337;sem vítima;667;BR-153/GO;Sul;Colisão Traseira;1;3;;;;;1
14/01/2017;16:25:00;401;sem vítima;80;BR-153/MG;Sul;Saida de Pista;1;2;;;;;1
15/01/2017;14:04:00;264;sem vítima;565,674;BR-262/MG;Leste;Outros - sequências;1;2;;;;;1
15/01/2017;20:58:00;430;ac02 - Acidente com Vítima;539,334;BR-262/MG;Oeste;Outros - sequências;1;0;1;;;;1
16/01/2017;06:21:00;52;sem vítima;494,314;BR-153/GO;Sul;Colisão Traseira;1;2;;;;;1
16/01/2017;06:36:00;53;sem vítima;597;BR-262/MG;Leste;Saida de Pista;1;2;;;;;1
16/01/2017;17:53:00;500;sem vítima;766;BR-262/MG;Oeste;Colisão Traseira;1;2;;;;;1
16/01/2017;20:45:00;578;sem vítima;28;BR-060/GO;Norte;Atropelamento de Animal;1;1;;;;;1
16/01/2017;21:16:00;596;ac02 - Acidente com Vítima;420,532;BR-262/MG;Oeste;Saida de Pista;1;0;1;;;;1
16/01/2017;21:33:00;600;ac02 - Acidente com Vítima;549,7;BR-153/GO;Sul;Outros - sequências;1;0;2;;;;1
17/01/2017;06:29:00;64;sem vítima;593,652;BR-262/MG;Leste;Carreta deu L;1;1;;;;;1
17/01/2017;11:42:00;288;sem vítima;532;BR-153/GO;Norte;Colisão Traseira;2;2;;;;;1
17/01/2017;15:02:00;397;ac02 - Acidente com Vítima;58;BR-153/MG;Sul;Colisão Traseira;2;4;3;;;;1
17/01/2017;15:10:00;402;ac02 - Acidente com Vítima;494;BR-153/GO;Sul;Engavetamento;1;3;1;;;;1
17/01/2017;15:49:00;418;sem vítima;137;BR-060/GO;Sul;Colisão Traseira;2;2;;;;;1
17/01/2017;16:15:00;427;sem vítima;697;BR-153/GO;Norte;Tombamento;1;3;;;;;1
17/01/2017;18:18:00;485;sem vítima;46,641;BR-060/GO;Norte;Saida de Pista;1;1;;;;;1
17/01/2017;20:32:00;539;sem vítima;2;BR-153/MG;Sul;Tombamento;1;1;;;;;1
17/01/2017;21:03:00;547;ac02 - Acidente com Vítima;508,735;BR-153/GO;Norte;Outros - sequências;1;1;1;;;;1
17/01/2017;21:16:00;550;ac02 - Acidente com Vítima;196;BR-153/MG;Sul;Colisão Frontal;1;2;2;;;;1
17/01/2017;23:48:00;580;ac02 - Acidente com Vítima;514,4;BR-153/GO;Sul;Saida de Pista;1;0;1;;;;1
18/01/2017;06:40:00;69;sem vítima;508,784;BR-153/GO;Norte;Engavetamento;1;11;;;;;1
18/01/2017;14:47:00;381;ac01 - Acidente com Vítima Fatal;46,559;BR-060/GO;Sul;Outros - sequências;1;2;;;;1;3
18/01/2017;16:04:00;502;sem vítima;496;BR-153/GO;Sul;Colisão Lateral;1;2;;;;;1
19/01/2017;00:52:00;14;ac02 - Acidente com Vítima;638,773;BR-262/MG;Oeste;Capotamento;1;0;1;;;;1
19/01/2017;05:14:00;54;sem vítima;578,701;BR-153/GO;Norte;Colisão Traseira;2;2;;;;;1
19/01/2017;07:50:00;83;ac02 - Acidente com Vítima;549;BR-262/MG;Leste;Tombamento;1;0;1;;;;1
19/01/2017;23:19:00;633;ac02 - Acidente com Vítima;508,312;BR-262/MG;Leste;Tombamento;1;0;1;;;;1
20/01/2017;07:49:00;75;sem vítima;639,1;BR-262/MG;Leste;Tombamento;1;2;;;;;1
20/01/2017;09:43:00;139;ac02 - Acidente com Vítima;138;BR-060/GO;Sul;Colisão Traseira;1;1;3;1;;;2
20/01/2017;10:37:00;165;sem vítima;107,9;BR-060/GO;Sul;;1;3;;;;;1
20/01/2017;12:05:00;214;sem vítima;543;BR-153/GO;Sul;Colisão Traseira;2;2;;;;;1
20/01/2017;20:56:00;481;sem vítima;444;BR-262/MG;Oeste;Colisão Traseira;2;2;;;;;1
21/01/2017;04:17:00;38;sem vítima;58;BR-153/MG;Sul;Saida de Pista;1;2;;;;;1
21/01/2017;14:43:00;366;ac02 - Acidente com Vítima;514,254;BR-153/GO;Sul;Colisão Lateral;1;1;1;;;;1
21/01/2017;22:58:00;591;ac02 - Acidente com Vítima;610,008;BR-262/MG;Oeste;Colisão Traseira;1;1;;1;;;2
22/01/2017;10:45:00;174;sem vítima;364,175;BR-262/MG;Oeste;Outros - sequências;1;1;;;;;1
23/01/2017;08:27:00;125;sem vítima;507;BR-153/GO;Sul;Colisão Traseira;1;4;;;;;1
23/01/2017;12:56:00;445;ac02 - Acidente com Vítima;498;BR-153/GO;Sul;Colisão Traseira;1;0;2;;;;1
23/01/2017;17:34:00;567;ac02 - Acidente com Vítima;593;BR-262/MG;Leste;Colisão Transversal;1;1;1;;;;1
24/01/2017;12:13:00;234;sem vítima;20,079;BR-060/DF;Sul;Saida de Pista;1;1;;;;;1
24/01/2017;18:53:00;433;sem vítima;500,5;BR-153/GO;Norte;Colisão Lateral;1;2;;;;;1
25/01/2017;07:03:00;86;ac02 - Acidente com Vítima;625,132;BR-262/MG;Oeste;Colisão Lateral;1;2;2;1;;;2
25/01/2017;08:30:00;134;sem vítima;144;BR-153/MG;Norte;Outros - sequências;1;1;;;;;1
25/01/2017;13:18:00;326;sem vítima;582;BR-262/MG;Leste;Saida de Pista;1;1;;;;;1
25/01/2017;14:19:00;358;sem vítima;670;BR-153/GO;Norte;Colisão Lateral;1;5;;;;;1
25/01/2017;16:04:00;429;sem vítima;574;BR-153/GO;Norte;Saida de Pista;1;3;;;;;1
26/01/2017;00:47:00;9;ac02 - Acidente com Vítima;245,5;BR-153/MG;Sul;Colisão Traseira;1;2;;1;1;;2
26/01/2017;01:51:00;19;ac02 - Acidente com Vítima;608,134;BR-153/GO;Sul;Tombamento;1;0;1;;;;1
26/01/2017;06:45:00;71;sem vítima;29,274;BR-060/DF;Norte;Saida de Pista;1;1;;;;;1
26/01/2017;10:06:00;199;ac01 - Acidente com Vítima Fatal;3;BR-060/DF;Norte;Atropelamento - Outros;1;3;;;;1;3
26/01/2017;13:18:00;326;ac02 - Acidente com Vítima;727;BR-262/MG;Oeste;Colisão Traseira;1;3;1;;;;1
26/01/2017;22:08:00;628;ac02 - Acidente com Vítima;840,023;BR-262/MG;Leste;Outros - sequências;1;0;1;;1;;2
27/01/2017;11:25:00;360;sem vítima;506,434;BR-153/GO;Sul;Outros - sequências;1;6;;;;;1
27/01/2017;12:23:00;411;ac02 - Acidente com Vítima;674,8;BR-153/GO;Norte;Colisão Traseira;1;0;2;;;;1
27/01/2017;15:49:00;561;ac02 - Acidente com Vítima;605,8;BR-153/GO;Norte;Saida de Pista;1;1;1;;;;1
27/01/2017;18:46:00;706;sem vítima;664,423;BR-153/GO;Sul;Outros - sequências;1;1;;;;;1
28/01/2017;07:44:00;75;sem vítima;15,48;BR-060/DF;Norte;Choque - Poste;1;1;;;;;1
30/01/2017;12:44:00;395;sem vítima;483,914;BR-262/MG;Leste;Colisão Transversal;1;2;;;;;1
31/01/2017;07:00:00;79;ac02 - Acidente com Vítima;593,8;BR-153/GO;Norte;Colisão Traseira;1;1;2;1;;;2
31/01/2017;10:03:00;263;ac02 - Acidente com Vítima;107;BR-060/GO;Sul;Choque - Outros;1;1;1;;;;1
31/01/2017;14:31:00;488;sem vítima;748;BR-262/MG;Leste;Colisão Traseira;2;3;;;;;1
31/01/2017;18:41:00;668;sem vítima;506;BR-153/GO;Sul;Colisão Lateral;1;2;;;;;1
01/02/2017;10:03:00;209;sem vítima;635;BR-153/GO;Norte;Tombamento;1;1;;;;;1
01/02/2017;14:08:00;383;ac02 - Acidente com Vítima;663;BR-153/GO;Norte;Colisão Traseira;2;2;1;;;;1
01/02/2017;15:00:00;419;sem vítima;219;BR-153/MG;Norte;Colisão Traseira;2;3;;;;;1
01/02/2017;17:51:00;522;sem vítima;610;BR-262/MG;Leste;Saida de Pista;1;1;;;;;1
02/02/2017;08:45:00;127;ac02 - Acidente com Vítima;493,79;BR-153/GO;Sul;Colisão Traseira;1;5;1;;;;1
03/02/2017;02:33:00;43;ac02 - Acidente com Vítima;548;BR-262/MG;Leste;Saida de Pista;1;0;1;;;;1
03/02/2017;08:05:00;127;sem vítima;612;BR-262/MG;Leste;Carreta deu L;1;2;;;;;1
03/02/2017;12:44:00;367;sem vítima;380;BR-262/MG;Leste;Outros - sequências;1;2;;;;;1
03/02/2017;15:00:00;439;sem vítima;801,747;BR-262/MG;Oeste;Outros - sequências;1;1;;;;;1
03/02/2017;15:22:00;454;sem vítima;9;BR-060/DF;Sul;Tombamento;2;3;;;;;1
03/02/2017;18:30:00;550;ac02 - Acidente com Vítima;108;BR-060/GO;Sul;Carreta deu L;1;1;1;;;;1
03/02/2017;20:37:00;603;ac02 - Acidente com Vítima;481,769;BR-262/MG;Oeste;Colisão Traseira;2;0;2;1;;;2
04/02/2017;20:51:00;538;sem vítima;594;BR-153/GO;Norte;Colisão Traseira;2;3;;;;;1
05/02/2017;00:51:00;18;ac02 - Acidente com Vítima;526,904;BR-262/MG;Leste;Colisão Lateral;1;0;5;;;;1
06/02/2017;07:10:00;69;ac02 - Acidente com Vítima;508,9;BR-153/GO;Norte;Colisão Traseira;1;1;1;;;;1
06/02/2017;11:07:00;276;ac02 - Acidente com Vítima;107;BR-060/GO;Sul;Engavetamento;1;0;3;;;;1
06/02/2017;13:08:00;342;ac02 - Acidente com Vítima;529,397;BR-262/MG;Oeste;Outros - sequências;2;1;2;;;;1
06/02/2017;14:10:00;376;sem vítima;490;BR-153/GO;Sul;Colisão Lateral;3;3;;;;;1