data;horario;n_da_ocorrencia;tipo_de_ocorrencia;km;trecho;sentido;tipo_de_acidente;caminhao;ilesos;levemente_feridos;moderadamente_feridos;gravemente_feridos;mortos;3
06/02/2017;16:20:00;461;sem vítima;3;BR-153/MG;Sul;Tombamento;1;1;;;;;1
06/02/2017;17:44:00;517;sem vítima;635;BR-262/MG;Leste;Colisão Lateral;1;2;;;;;1
06/02/2017;17:56:00;526;sem vítima;498;BR-153/GO;Sul;Engavetamento;1;4;;;;;1
07/02/2017;07:08:00;68;sem vítima;419,204;BR-262/MG;Oeste;Colisão Traseira;2;2;;;;;1
07/02/2017;07:40:00;79;sem vítima;156;BR-153/MG;Sul;Colisão Traseira;2;2;;;;;1
07/02/2017;18:06:00;432;sem vítima;389,6;BR-262/MG;Leste;Colisão Traseira;1;2;;;;;1
08/02/2017;02:10:00;22;sem vítima;702;BR-153/GO;Sul;Saida de Pista;1;2;;;;;1
08/02/2017;21:39:00;587;sem vítima;1,3;BR-153/MG;Sul;Colisão Traseira;2;2;;;;;1
09/02/2017;09:41:00;136;sem vítima;372;BR-262/MG;Oeste;Colisão Traseira;2;2;;;;;1
09/02/2017;15:17:00;310;ac02 - Acidente com Vítima;379,9;BR-262/MG;Oeste;Outros - sequências;2;2;1;;;;1
09/02/2017;17:18:00;359;sem vítima;502;BR-153/GO;Norte;Colisão Traseira;1;2;;;;;1
09/02/2017;18:07:00;382;sem vítima;496;BR-153/GO;Norte;Colisão Transversal;1;2;;;;;1
09/02/2017;23:05:00;577;ac02 - Acidente com Vítima;46;BR-060/GO;Norte;Saida de Pista;1;0;1;;;;1
10/02/2017;14:47:00;341;sem vítima;499;BR-153/GO;Sul;Colisão Traseira;1;2;;;;;1
10/02/2017;16:52:00;401;sem vítima;426,5;BR-262/MG;Oeste;Outros - sequências;1;2;;;;;1
10/02/2017;16:58:00;405;sem vítima;31;BR-060/DF;Norte;Colisão Lateral;2;3;;;;;1
11/02/2017;08:57:00;136;ac02 - Acidente com Vítima;46;BR-153/MG;Sul;Tombamento;1;1;1;;;;1
13/02/2017;06:26:00;34;ac02 - Acidente com Vítima;500,061;BR-153/GO;Norte;Outros - sequências;1;1;1;;;;1
13/02/2017;07:05:00;43;ac01 - Acidente com Vítima Fatal;368;BR-262/MG;Leste;Tombamento;1;0;;;;1;3
13/02/2017;14:07:00;271;sem vítima;507,5;BR-153/GO;Sul;Colisão Traseira;2;2;;;;;1
13/02/2017;16:23:00;336;ac01 - Acidente com Vítima Fatal;381,646;BR-262/MG;Oeste;Tombamento;1;0;;;;1;3
13/02/2017;17:21:00;365;ac02 - Acidente com Vítima;667;BR-153/GO;Sul;Tombamento;1;0;1;;;;1
14/02/2017;13:10:00;266;sem vítima;367;BR-262/MG;Oeste;Outros - sequências;1;4;;;;;1
14/02/2017;16:59:00;380;ac02 - Acidente com Vítima;573;BR-262/MG;Leste;Engavetamento;3;2;;;1;;2
14/02/2017;19:45:00;454;sem vítima;58;BR-153/MG;Norte;Colisão Traseira;3;4;;;;;1
15/02/2017;09:43:00;193;ac02 - Acidente com Vítima;858;BR-262/MG;Leste;Colisão Traseira;1;1;2;;;;1
15/02/2017;12:01:00;282;ac02 - Acidente com Vítima;368;BR-262/MG;Leste;Atropelamento - Funcionário;1;1;;1;;;2
15/02/2017;12:27:00;297;sem vítima;13,5;BR-060/GO;Norte;Colisão Traseira;2;3;;;;;1
15/02/2017;12:58:00;315;ac02 - Acidente com Vítima;532;BR-153/GO;Sul;Atropelamento - Andarilho;1;1;1;;;;1
15/02/2017;23:26:00;654;ac02 - Acidente com Vítima;15;BR-153/MG;Sul;Colisão Traseira;1;0;1;;;;1
16/02/2017;05:58:00;69;sem vítima;462;BR-262/MG;Leste;Colisão Traseira;2;2;;;;;1
16/02/2017;17:26:00;529;ac02 - Acidente com Vítima;502;BR-153/GO;Sul;Colisão Traseira;1;5;1;;;;1
17/02/2017;20:47:00;548;sem vítima;749;BR-262/MG;Oeste;Saida de Pista;1;1;;;;;1
17/02/2017;21:56:00;570;sem vítima;494;BR-262/MG;Leste;Saida de Pista;1;2;;;;;1
18/02/2017;07:14:00;87;ac02 - Acidente com Vítima;492,3;BR-153/GO;Sul;Colisão Traseira;1;1;;1;;;2
18/02/2017;07:55:00;98;sem vítima;610;BR-153/GO;Sul;Colisão Traseira;1;2;;;;;1
18/02/2017;17:26:00;421;sem vítima;5;BR-060/DF;Sul;Outros - sequências;1;2;;;;;1
19/02/2017;11:02:00;206;ac02 - Acidente com Vítima;497,355;BR-153/GO;Sul;Saida de Pista;1;0;1;;;;1
20/02/2017;07:00:00;86;ac02 - Acidente com Vítima;497;BR-153/GO;Sul;Colisão Traseira;1;1;1;;;;1
20/02/2017;22:22:00;659;ac02 - Acidente com Vítima;798,591;BR-262/MG;Oeste;Outros - sequências;1;0;7;;;;1
21/02/2017;11:29:00;207;ac02 - Acidente com Vítima;354,679;BR-262/MG;Leste;Outros - sequências;1;1;;1;;;2
21/02/2017;19:31:00;466;ac01 - Acidente com Vítima Fatal;243,2;BR-153/MG;Norte;Colisão Frontal;1;0;1;;;1;3
22/02/2017;16:45:00;369;sem vítima;95,26;BR-060/GO;Norte;Colisão Traseira;1;4;;;;;1
22/02/2017;19:47:00;431;sem vítima;499;BR-153/GO;Sul;Colisão Lateral;1;2;;;;;1
23/02/2017;00:43:00;15;sem vítima;22;BR-153/MG;Sul;Colisão Traseira;2;2;;;;;1
23/02/2017;10:24:00;216;sem vítima;510;BR-153/GO;Sul;Colisão Traseira;1;2;;;;;1
23/02/2017;14:20:00;324;ac02 - Acidente com Vítima;23,962;BR-153/MG;Sul;Saida de Pista;2;6;1;;;;1
23/02/2017;19:51:00;517;ac02 - Acidente com Vítima;47;BR-060/GO;Norte;Saida de Pista;1;1;1;;;;1
23/02/2017;20:44:00;538;sem vítima;546;BR-262/MG;Oeste;Colisão Traseira;1;3;;;;;1
23/02/2017;22:13:00;563;ac02 - Acidente com Vítima;511;BR-153/GO;Sul;Outros - sequências;1;1;1;;;;1
23/02/2017;22:30:00;571;ac02 - Acidente com Vítima;479;BR-262/MG;Oeste;Colisão Traseira;1;2;3;;;;1
24/02/2017;06:09:00;68;ac01 - Acidente com Vítima Fatal;431;BR-262/MG;Leste;Tombamento;1;0;;;;1;3
24/02/2017;08:03:00;113;sem vítima;553;BR-153/GO;Norte;Colisão Traseira;1;6;;;;;1
24/02/2017;13:52:00;376;sem vítima;111,658;BR-060/GO;Sul;Carreta deu L;1;1;;;;;1
24/02/2017;17:04:00;538;sem vítima;557;BR-153/GO;Sul;Saida de Pista;1;1;;;;;1
24/02/2017;17:14:00;546;sem vítima;512;BR-153/GO;Norte;Colisão Lateral;1;2;;;;;1
24/02/2017;21:00:00;674;ac02 - Acidente com Vítima;25;BR-153/MG;Norte;Outros - sequências;1;2;;;1;;2
25/02/2017;02:18:00;40;ac02 - Acidente com Vítima;722;BR-262/MG;Oeste;Saida de Pista;1;0;1;;;;1
25/02/2017;04:17:00;58;sem vítima;663,125;BR-153/GO;Norte;Colisão Traseira;1;2;;;;;1
25/02/2017;04:51:00;65;ac02 - Acidente com Vítima;37;BR-153/MG;Sul;Outros - sequências;1;0;1;1;;;2
25/02/2017;08:51:00;179;sem vítima;365;BR-262/MG;Oeste;Colisão Traseira;1;2;;;;;1
25/02/2017;09:26:00;199;ac02 - Acidente com Vítima;96,155;BR-060/GO;Sul;Outros - sequências;1;1;1;;;;1
25/02/2017;13:02:00;351;ac02 - Acidente com Vítima;108;BR-153/MG;Sul;Colisão Transversal;1;0;2;;;;1
25/02/2017;20:26:00;583;ac01 - Acidente com Vítima Fatal;480,916;BR-262/MG;Leste;Colisão Frontal;1;0;1;;;1;3
26/02/2017;08:53:00;187;ac02 - Acidente com Vítima;536,4;BR-153/GO;Sul;Tombamento;1;0;1;;;;1
26/02/2017;11:13:00;256;ac02 - Acidente com Vítima;383;BR-262/MG;Leste;Colisão Transversal;1;1;1;;;;1
27/02/2017;00:01:00;1;ac02 - Acidente com Vítima;122,2;BR-153/MG;Sul;Colisão Traseira;2;1;;1;;;2
27/02/2017;06:46:00;87;sem vítima;484;BR-262/MG;Oeste;Colisão Traseira;1;6;;;;;1
27/02/2017;13:40:00;346;sem vítima;508,2;BR-153/GO;Norte;Carreta deu L;1;1;;;;;1
27/02/2017;14:36:00;378;ac02 - Acidente com Vítima;713;BR-262/MG;Oeste;Outros - sequências;1;0;1;;;;1
27/02/2017;15:59:00;424;ac02 - Acidente com Vítima;568;BR-262/MG;Leste;Saida de Pista;1;0;1;;;;1
27/02/2017;16:40:00;450;ac02 - Acidente com Vítima;550;BR-262/MG;Leste;Colisão Frontal;1;1;;1;;;2
27/02/2017;19:22:00;522;ac01 - Acidente com Vítima Fatal;590,5;BR-262/MG;Oeste;Colisão Transversal;1;1;2;;;1;3
28/02/2017;09:06:00;114;sem vítima;80,418;BR-060/GO;Sul;Tombamento;1;1;;;;;1
01/03/2017;10:12:00;145;sem vítima;508;BR-153/GO;Sul;"Choque - Defensa, barreira ou ""submarino""";1;1;;;;;1
01/03/2017;15:37:00;303;sem vítima;471;BR-262/MG;Oeste;Outros - sequências;1;2;;;;;1
01/03/2017;16:07:00;314;ac02 - Acidente com Vítima;479,5;BR-262/MG;Oeste;Tombamento;1;0;1;;;;1
01/03/2017;16:27:00;329;sem vítima;479;BR-262/MG;Oeste;Colisão Traseira;1;2;;;;;1
02/03/2017;00:33:00;25;sem vítima;572,8;BR-153/GO;Norte;Saida de Pista;1;1;;;;;1
02/03/2017;10:50:00;261;sem vítima;58;BR-153/MG;Sul;"Choque - Defensa, barreira ou ""submarino""";1;2;;;;;1
02/03/2017;11:33:00;277;ac02 - Acidente com Vítima;834,456;BR-262/MG;Oeste;Outros - sequências;1;2;1;;;;1
02/03/2017;13:21:00;315;sem vítima;39;BR-153/MG;Norte;Saida de Pista;1;1;;;;;1
02/03/2017;14:18:00;333;sem vítima;584,641;BR-262/MG;Leste;Objeto lançado contra veículo;1;2;;;;;1
02/03/2017;16:35:00;398;sem vítima;586,933;BR-262/MG;Oeste;Outros - sequências;1;4;;;;;1
02/03/2017;21:51:00;566;sem vítima;601;BR-262/MG;Leste;Colisão Traseira;1;2;;;;;1
03/03/2017;11:45:00;278;ac02 - Acidente com Vítima;388;BR-262/MG;Oeste;Atropelamento - Usuário;1;1;;1;;;2
03/03/2017;15:00:00;392;sem vítima;116;BR-060/GO;Sul;Outros - sequências;1;2;;;;;1
04/03/2017;11:39:00;235;sem vítima;24;BR-153/MG;Sul;Colisão Traseira;1;2;;;;;1
04/03/2017;12:57:00;272;ac02 - Acidente com Vítima;575;BR-262/MG;Oeste;Outros - sequências;2;1;1;;;;1
04/03/2017;16:12:00;387;sem vítima;181;BR-153/MG;Sul;Colisão Traseira;1;2;;;;;1
04/03/2017;19:09:00;484;sem vítima;166;BR-153/MG;Norte;Outros - sequências;1;5;;;;;1
04/03/2017;21:54:00;545;sem vítima;12,7;BR-153/MG;Norte;Saida de Pista;1;1;;;;;1
05/03/2017;06:18:00;63;ac02 - Acidente com Vítima;76;BR-153/MG;Sul;Carreta deu L;1;0;2;;;;1
05/03/2017;08:18:00;91;ac02 - Acidente com Vítima;574;BR-262/MG;Leste;Outros - sequências;1;1;2;;;;1
05/03/2017;14:49:00;255;sem vítima;553;BR-153/GO;Norte;Colisão Traseira;2;2;;;;;1
05/03/2017;17:47:00;342;ac02 - Acidente com Vítima;187;BR-153/MG;Sul;Outros - sequências;1;1;2;;;;1
05/03/2017;21:23:00;436;sem vítima;798;BR-262/MG;Oeste;Colisão Traseira;1;2;;;;;1
06/03/2017;02:59:00;36;ac02 - Acidente com Vítima;114;BR-153/MG;Sul;Outros - sequências;1;1;;1;;;2
06/03/2017;06:08:00;74;sem vítima;703,5;BR-153/GO;Norte;Colisão Lateral;1;2;;;;;1
06/03/2017;18:24:00;426;sem vítima;77;BR-153/MG;Norte;Outros - sequências;1;1;;;;;1
07/03/2017;08:19:00;108;sem vítima;658,272;BR-262/MG;Leste;Saida de Pista;1;1;;;;;1
07/03/2017;13:06:00;304;ac02 - Acidente com Vítima;94,837;BR-060/GO;Norte;Outros - sequências;1;1;;1;2;;2
07/03/2017;15:14:00;374;sem vítima;100;BR-153/MG;Sul;Saida de Pista;1;1;;;;;1
08/03/2017;10:55:00;278;ac02 - Acidente com Vítima;519;BR-262/MG;Leste;Saida de Pista;1;0;1;;;;1
08/03/2017;15:09:00;418;sem vítima;121,1;BR-153/MG;Sul;Saida de Pista;1;2;;;;;1
08/03/2017;16:36:00;472;sem vítima;645;BR-153/GO;Norte;Saida de Pista;1;2;;;;;1
08/03/2017;19:54:00;567;ac01 - Acidente com Vítima Fatal;98;BR-153/MG;Norte;Outros - sequências;1;1;;;;1;3
08/03/2017;23:32:00;634;sem vítima;77;BR-153/MG;Sul;Colisão Traseira;2;2;;;;;1
09/03/2017;10:46:00;219;sem vítima;361;BR-262/MG;Oeste;"Choque - Defensa, barreira ou ""submarino""";1;2;;;;;1
09/03/2017;10:48:00;221;sem vítima;36;BR-060/GO;Norte;Colisão Traseira;1;2;;;;;1
09/03/2017;18:27:00;492;sem vítima;49,5;BR-060/GO;Sul;Colisão Lateral;2;2;;;;;1
09/03/2017;21:56:00;570;sem vítima;134;BR-060/GO;Sul;Saida de Pista;1;1;;;;;1
10/03/2017;06:38:00;65;sem vítima;482;BR-262/MG;Leste;Colisão Traseira;2;2;;;;;1
10/03/2017;10:09:00;168;sem vítima;827;BR-262/MG;Leste;Tombamento;1;1;;;;;1
10/03/2017;11:37:00;213;ac01 - Acidente com Vítima Fatal;555,699;BR-262/MG;Oeste;Colisão Transversal;2;1;;;;1;3
10/03/2017;12:09:00;229;sem vítima;106;BR-153/MG;Norte;Colisão Transversal;1;2;;;;;1
10/03/2017;17:56:00;429;ac02 - Acidente com Vítima;24,43;BR-060/GO;Sul;Outros - sequências;1;0;1;1;;;2
11/03/2017;06:34:00;73;sem vítima;554,642;BR-262/MG;Leste;Capotamento;1;1;;;;;1
13/03/2017;06:44:00;53;sem vítima;67,779;BR-060/GO;Norte;Colisão Traseira;1;2;;;;;1
13/03/2017;11:35:00;240;ac02 - Acidente com Vítima;631,323;BR-153/GO;Sul;Outros - sequências;1;2;3;;;;1
13/03/2017;18:33:00;478;sem vítima;372;BR-262/MG;Oeste;Choque - Suporte de Sinalização;1;2;;;;;1
13/03/2017;19:47:00;524;ac02 - Acidente com Vítima;28,8;BR-060/GO;Sul;Colisão Traseira;1;2;1;;;;1
14/03/2017;10:04:00;219;sem vítima;77;BR-153/MG;Norte;Outros - sequências;2;2;;;;;1
14/03/2017;14:15:00;344;ac02 - Acidente com Vítima;12,969;BR-153/MG;Sul;Choque - Veiculo parado na pista;1;1;;1;;;2
14/03/2017;14:52:00;367;sem vítima;113;BR-060/GO;Sul;Colisão Lateral;2;2;;;;;1
14/03/2017;17:49:00;471;sem vítima;539;BR-262/MG;Oeste;Colisão Traseira;1;2;;;;;1
14/03/2017;23:48:00;584;ac02 - Acidente com Vítima;624;BR-153/GO;Sul;Colisão Traseira;1;1;;1;;;2
15/03/2017;14:39:00;402;ac02 - Acidente com Vítima;240;BR-153/MG;Sul;Outros - sequências;1;1;1;;;;1
15/03/2017;15:09:00;419;sem vítima;65;BR-153/MG;Norte;Colisão Lateral;1;2;;;;;1
15/03/2017;15:18:00;427;sem vítima;100,412;BR-060/GO;Norte;Saida de Pista;1;1;;;;;1
15/03/2017;18:29:00;538;sem vítima;93;BR-153/MG;Sul;Outros - sequências;1;1;;;;;1
15/03/2017;22:55:00;637;ac02 - Acidente com Vítima;548;BR-153/GO;Norte;Colisão Traseira;2;1;1;;;;1
16/03/2017;08:27:00;143;sem vítima;615;BR-262/MG;Leste;Colisão Traseira;2;2;;;;;1
16/03/2017;18:00:00;500;ac01 - Acidente com Vítima Fatal;751,652;BR-262/MG;Oeste;Outros - sequências;4;0;3;;;1;3
17/03/2017;00:55:00;7;sem vítima;756;BR-262/MG;Leste;Colisão Traseira;2;2;;;;;1
17/03/2017;01:53:00;22;sem vítima;623;BR-153/GO;Norte;Colisão Lateral;1;2;;;;;1
17/03/2017;09:31:00;168;sem vítima;183,05;BR-153/MG;Sul;Saida de Pista;1;1;;;;;1
17/03/2017;17:35:00;421;sem vítima;507;BR-153/GO;Norte;Choque - Veiculo parado na pista;1;2;;;;;1
17/03/2017;18:13:00;441;sem vítima;496,1;BR-153/GO;Sul;Outros - sequências;1;2;;;;;1
17/03/2017;20:24:00;501;sem vítima;446;BR-262/MG;Oeste;Colisão Traseira;1;2;;;;;1
18/03/2017;07:28:00;96;ac02 - Acidente com Vítima;504,128;BR-153/GO;Sul;Outros - sequências;1;2;1;;;;1
18/03/2017;18:11:00;403;sem vítima;695;BR-153/GO;Sul;Outros - sequências;1;2;;;;;1
18/03/2017;20:46:00;450;sem vítima;58;BR-153/MG;Sul;Carreta deu L;1;2;;;;;1
19/03/2017;19:41:00;504;ac02 - Acidente com Vítima;605;BR-153/GO;Norte;Outros - sequências;1;0;1;;;;1
19/03/2017;20:51:00;532;ac01 - Acidente com Vítima Fatal;195;BR-153/MG;Sul;Colisão Frontal;1;0;1;;;3;3
20/03/2017;08:58:00;148;sem vítima;629,913;BR-262/MG;Oeste;Capotamento;1;1;;;;;1
20/03/2017;17:30:00;433;ac02 - Acidente com Vítima;548;BR-262/MG;Oeste;Outros - sequências;2;0;3;;;;1
21/03/2017;00:12:00;3;ac02 - Acidente com Vítima;580;BR-262/MG;Oeste;Outros - sequências;1;0;1;;;;1
21/03/2017;00:14:00;4;sem vítima;77;BR-153/MG;Sul;Colisão Traseira;1;2;;;;;1
21/03/2017;06:01:00;42;sem vítima;10;BR-060/GO;Norte;Tombamento;1;1;;;;;1
21/03/2017;06:27:00;52;sem vítima;506;BR-153/GO;Sul;Colisão Traseira;1;2;;;;;1
21/03/2017;08:47:00;125;sem vítima;689,949;BR-262/MG;Oeste;Colisão Lateral;2;2;;;;;1
21/03/2017;12:23:00;267;ac02 - Acidente com Vítima;553;BR-262/MG;Leste;Saida de Pista;1;0;1;;;;1
21/03/2017;12:46:00;279;ac02 - Acidente com Vítima;703;BR-153/GO;Norte;Colisão Traseira;1;1;1;;;;1
21/03/2017;15:45:00;387;ac02 - Acidente com Vítima;91,5;BR-153/MG;Sul;Outros - sequências;1;0;3;;;;1
21/03/2017;17:33:00;435;sem vítima;21;BR-153/MG;Sul;Outros - sequências;2;2;;;;;1
21/03/2017;20:20:00;510;ac02 - Acidente com Vítima;98;BR-060/GO;Sul;Colisão Traseira;1;1;;;1;;2
22/03/2017;00:37:00;13;ac02 - Acidente com Vítima;57;BR-153/MG;Norte;Colisão Traseira;2;0;1;;1;;2
22/03/2017;11:20:00;207;ac02 - Acidente com Vítima;132;BR-153/MG;Sul;Colisão Frontal;1;1;;1;;;2
22/03/2017;18:09:00;433;ac02 - Acidente com Vítima;475;BR-262/MG;Oeste;Engavetamento;2;2;2;;;;1
23/03/2017;05:23:00;48;ac01 - Acidente com Vítima Fatal;603,7;BR-153/GO;Norte;Colisão Traseira;1;0;6;1;1;2;3
23/03/2017;12:28:00;262;ac02 - Acidente com Vítima;621;BR-153/GO;Sul;Outros - sequências;1;1;2;;;;1
23/03/2017;19:00:00;466;sem vítima;100;BR-060/GO;Norte;Colisão Lateral;1;2;;;;;1
23/03/2017;19:01:00;467;sem vítima;600,8;BR-262/MG;Oeste;Choque - Veiculo parado na pista;1;2;;;;;1
24/03/2017;04:36:00;49;ac02 - Acidente com Vítima;114;BR-060/GO;Sul;Tombamento;2;1;1;;;;1
24/03/2017;04:59:00;56;ac02 - Acidente com Vítima;632;BR-262/MG;Oeste;Tombamento;1;0;1;;;;1
24/03/2017;14:38:00;357;sem vítima;114;BR-060/GO;Norte;Saida de Pista;1;1;;;;;1
24/03/2017;19:20:00;525;sem vítima;612,2;BR-153/GO;Norte;Colisão Traseira;1;2;;;;;1
24/03/2017;20:16:00;550;sem vítima;694,761;BR-153/GO;Norte;Choque - Objeto sobre a pista;2;2;;;;;1
25/03/2017;08:40:00;130;sem vítima;638,5;BR-153/GO;Norte;Tombamento;1;2;;;;;1
25/03/2017;20:58:00;498;sem vítima;519,979;BR-262/MG;Leste;Outros - sequências;1;1;;;;;1
26/03/2017;12:57:00;227;ac01 - Acidente com Vítima Fatal;93;BR-153/MG;Norte;Colisão Frontal;1;1;;1;;1;3
26/03/2017;21:36:00;470;ac02 - Acidente com Vítima;447;BR-262/MG;Leste;Colisão Frontal;1;1;1;;;;1
27/03/2017;17:02:00;446;sem vítima;503,568;BR-153/GO;Sul;Colisão Transversal;1;2;;;;;1
28/03/2017;06:15:00;50;sem vítima;415;BR-262/MG;Oeste;Saida de Pista;1;1;;;;;1
28/03/2017;23:59:00;597;ac02 - Acidente com Vítima;614,6;BR-153/GO;Sul;Tombamento;1;0;1;;;;1
29/03/2017;05:54:00;47;sem vítima;120,358;BR-060/GO;Norte;Colisão Traseira;2;2;;;;;1
29/03/2017;05:58:00;50;sem vítima;573,1;BR-153/GO;Norte;Saida de Pista;1;1;;;;;1
29/03/2017;07:39:00;85;sem vítima;494,2;BR-153/GO;Sul;Colisão Traseira;1;2;;;;;1
29/03/2017;10:48:00;200;sem vítima;796,188;BR-262/MG;Leste;Saida de Pista;1;1;;;;;1
29/03/2017;11:42:00;232;sem vítima;506,7;BR-153/GO;Sul;Objeto lançado contra veículo;1;3;;;;;1
29/03/2017;13:02:00;269;sem vítima;506,5;BR-153/GO;Norte;;1;2;;;;;1
29/03/2017;14:47:00;319;sem vítima;685;BR-153/GO;Sul;Colisão Lateral;2;2;;;;;1
29/03/2017;14:51:00;322;sem vítima;114;BR-060/GO;Norte;Outros - sequências;1;1;;;;;1
29/03/2017;17:46:00;401;sem vítima;634;BR-262/MG;Oeste;Outros - sequências;1;3;;;;;1
29/03/2017;19:14:00;448;ac02 - Acidente com Vítima;590;BR-153/GO;Sul;Colisão Traseira;2;1;1;;;;1
30/03/2017;06:01:00;60;sem vítima;542,6;BR-153/GO;Norte;Colisão Traseira;2;2;;;;;1
30/03/2017;17:48:00;437;sem vítima;537,5;BR-262/MG;Leste;Colisão Traseira;1;2;;;;;1
31/03/2017;02:43:00;62;ac02 - Acidente com Vítima;548;BR-262/MG;Leste;Saida de Pista;1;0;;;1;;2
31/03/2017;02:52:00;63;sem vítima;433;BR-262/MG;Oeste;Saida de Pista;1;1;;;;;1
31/03/2017;07:59:00;156;ac02 - Acidente com Vítima;500,8;BR-153/GO;Sul;Engavetamento;1;0;3;;;;1
31/03/2017;08:40:00;184;sem vítima;498,549;BR-153/GO;Sul;Colisão Traseira;1;2;;;;;1
31/03/2017;15:19:00;465;sem vítima;575,145;BR-262/MG;Oeste;Colisão Lateral;1;2;;;;;1
31/03/2017;16:50:00;528;ac02 - Acidente com Vítima;504,068;BR-262/MG;Oeste;Colisão Traseira;2;1;1;;;;1
01/05/2017;14:11:00;287;sem vítima;430;BR-262/MG;Leste;Colisão Traseira;1;2;;;;;1
02/05/2017;04:46:00;56;sem vítima;15,263;BR-153/MG;Norte;Tombamento;1;1;;;;;1
02/05/2017;09:53:00;179;sem vítima;155;BR-153/MG;Norte;Colisão Traseira;2;2;;;;;1
02/05/2017;14:52:00;335;sem vítima;663,736;BR-262/MG;Leste;Choque - Elemento de Drenagem;3;4;;;;;1
02/05/2017;18:24:00;439;sem vítima;54;BR-060/GO;Norte;Colisão Lateral;1;2;;;;;1
03/05/2017;07:43:00;100;ac02 - Acidente com Vítima;482,3;BR-262/MG;Leste;Colisão Lateral;1;1;1;;;;1
03/05/2017;13:59:00;311;ac02 - Acidente com Vítima;156,8;BR-153/MG;Norte;Saida de Pista;1;0;1;;;;1
03/05/2017;15:33:00;356;sem vítima;703;BR-262/MG;Oeste;Tombamento;1;1;;;;;1
03/05/2017;20:52:00;473;sem vítima;529,4;BR-262/MG;Leste;Tombamento;1;5;;;;;1
04/05/2017;03:47:00;29;ac02 - Acidente com Vítima;2,795;BR-060/GO;Norte;Colisão Traseira;1;0;;1;1;;2
04/05/2017;05:22:00;42;ac01 - Acidente com Vítima Fatal;134;BR-153/MG;Norte;Colisão Frontal;1;0;2;1;;1;3
04/05/2017;06:43:00;60;ac02 - Acidente com Vítima;576;BR-153/GO;Norte;Colisão Traseira;2;1;2;;;;1
04/05/2017;07:18:00;68;sem vítima;4,904;BR-060/GO;Norte;Colisão Lateral;1;2;;;;;1
04/05/2017;11:00:00;192;sem vítima;16,194;BR-153/MG;Sul;Colisão Traseira;1;4;;;;;1
04/05/2017;12:59:00;238;sem vítima;99,413;BR-060/GO;Sul;Tombamento;1;2;;;;;1
04/05/2017;15:59:00;301;sem vítima;495,724;BR-153/GO;Sul;Colisão Traseira;1;3;;;;;1
04/05/2017;22:19:00;464;ac02 - Acidente com Vítima;7,61;BR-153/MG;Sul;Saida de Pista;1;0;;1;;;2
04/05/2017;23:46:00;480;sem vítima;440;BR-262/MG;Oeste;Saida de Pista;1;1;;;;;1
05/05/2017;15:49:00;317;sem vítima;23,267;BR-153/MG;Sul;Colisão Traseira;2;2;;;;;1
05/05/2017;19:34:00;419;sem vítima;473,8;BR-262/MG;Oeste;Saida de Pista;1;1;;;;;1
07/05/2017;06:17:00;45;sem vítima;42;BR-153/MG;Norte;Tombamento;1;1;;;;;1
07/05/2017;11:45:00;187;sem vítima;28,3;BR-153/MG;Sul;Colisão Traseira;1;2;;;;;1
07/05/2017;17:23:00;397;sem vítima;59;BR-153/MG;Sul;Carreta deu L;1;1;;;;;1
08/05/2017;05:04:00;44;sem vítima;119,042;BR-060/GO;Sul;Atropelamento de Animal;1;1;;;;;1
08/05/2017;10:15:00;176;ac02 - Acidente com Vítima;7,961;BR-153/MG;Norte;;1;1;1;;;;1
08/05/2017;10:23:00;183;sem vítima;21,7;BR-153/MG;Sul;Capotamento;1;1;;;;;1
08/05/2017;13:36:00;242;sem vítima;729,4;BR-262/MG;Leste;Colisão Traseira;1;8;;;;;1
08/05/2017;17:53:00;363;sem vítima;78,9;BR-153/MG;Norte;Colisão Traseira;1;2;;;;;1
08/05/2017;17:53:00;364;sem vítima;496,413;BR-153/GO;Norte;Engavetamento;1;3;;;;;1
08/05/2017;19:10:00;392;sem vítima;499,236;BR-153/GO;Norte;Engavetamento;1;4;;;;;1
10/05/2017;02:02:00;26;ac02 - Acidente com Vítima;563,019;BR-262/MG;Leste;Capotamento;1;0;1;;;;1
10/05/2017;06:50:00;74;sem vítima;97;BR-060/GO;Norte;Colisão Traseira;1;3;;;;;1
10/05/2017;07:05:00;78;sem vítima;121,485;BR-060/GO;Sul;Colisão Traseira;1;2;;;;;1
10/05/2017;07:06:00;79;sem vítima;553;BR-153/GO;Norte;Colisão Traseira;2;2;;;;;1
10/05/2017;07:16:00;121;sem vítima;547,518;BR-262/MG;Oeste;;1;3;;;;;1
10/05/2017;12:25:00;288;sem vítima;462;BR-262/MG;Oeste;Saida de Pista;1;1;;;;;1
10/05/2017;14:31:00;358;sem vítima;109,078;BR-060/GO;Sul;Tombamento;1;1;;;;;1
10/05/2017;14:59:00;375;sem vítima;496;BR-153/GO;Sul;Colisão Traseira;2;2;;;;;1
10/05/2017;16:40:00;442;ac02 - Acidente com Vítima;671,5;BR-153/GO;Norte;Carreta deu L;1;0;;1;;;2
11/05/2017;03:19:00;37;ac02 - Acidente com Vítima;448,19;BR-262/MG;Leste;Saida de Pista;1;0;1;;;;1
11/05/2017;06:25:00;69;ac01 - Acidente com Vítima Fatal;649,9;BR-262/MG;Leste;Colisão Lateral;2;0;;1;;1;3
11/05/2017;12:12:00;298;ac01 - Acidente com Vítima Fatal;378,673;BR-262/MG;Leste;Capotamento;1;0;;;;2;3
11/05/2017;16:22:00;438;ac02 - Acidente com Vítima;431;BR-262/MG;Leste;;1;0;;;1;;2
11/05/2017;22:47:00;592;sem vítima;670;BR-153/GO;Norte;Colisão Lateral;1;1;;;;;1