data;horario;n_da_ocorrencia;tipo_de_ocorrencia;km;trecho;sentido;tipo_de_acidente;caminhao;ilesos;levemente_feridos;moderadamente_feridos;gravemente_feridos;mortos;3
12/05/2017;01:26:00;12;ac02 - Acidente com Vítima;11,5;BR-060/GO;Norte;Colisão Traseira;1;1;1;;;;1
12/05/2017;08:57:00;112;sem vítima;501;BR-153/GO;Norte;Colisão Traseira;1;2;;;;;1
12/05/2017;14:27:00;271;sem vítima;14,4;BR-060/GO;Sul;Choque - Outros;1;2;;;;;1
12/05/2017;19:08:00;413;sem vítima;9,5;BR-153/MG;Norte;Colisão Traseira;1;2;;;;;1
12/05/2017;20:23:00;434;ac02 - Acidente com Vítima;425,652;BR-262/MG;Leste;Capotamento;1;2;1;;;;1
12/05/2017;20:24:00;435;sem vítima;523,01;BR-262/MG;Leste;Atropelamento de Animal;1;2;;;;;1
13/05/2017;00:36:00;15;sem vítima;58,5;BR-153/MG;Norte;Colisão Traseira;1;2;;;;;1
13/05/2017;05:02:00;54;ac02 - Acidente com Vítima;112,466;BR-060/GO;Sul;Colisão Traseira;1;1;1;;;;1
13/05/2017;10:19:00;150;ac01 - Acidente com Vítima Fatal;552,312;BR-262/MG;Oeste;Tombamento;1;0;;;;1;3
13/05/2017;16:54:00;377;sem vítima;38,835;BR-060/GO;Sul;Colisão Traseira;2;2;;;;;1
14/05/2017;07:24:00;96;sem vítima;563;BR-153/GO;Norte;Choque - Outros;1;1;;;;;1
14/05/2017;16:36:00;367;ac02 - Acidente com Vítima;159,83;BR-153/MG;Sul;Tombamento;1;0;1;;;;1
15/05/2017;07:28:00;79;ac02 - Acidente com Vítima;590,8;BR-262/MG;Oeste;Saida de Pista;1;0;;1;;;2
15/05/2017;08:16:00;104;sem vítima;42,705;BR-060/GO;Sul;"Choque - Defensa, barreira ou ""submarino""";1;1;;;;;1
15/05/2017;08:22:00;116;sem vítima;595;BR-262/MG;Leste;Colisão Lateral;2;2;;;;;1
15/05/2017;08:27:00;120;ac02 - Acidente com Vítima;503,863;BR-153/GO;Sul;"Choque - Defensa, barreira ou ""submarino""";1;1;1;;;;1
15/05/2017;13:07:00;275;sem vítima;18,446;BR-060/DF;Sul;Colisão Traseira;2;3;;;;;1
15/05/2017;14:24:00;311;ac02 - Acidente com Vítima;583,999;BR-262/MG;Leste;Colisão Lateral;2;1;2;;;;1
15/05/2017;16:28:00;371;sem vítima;585;BR-262/MG;Leste;Colisão Traseira;1;3;;;;;1
16/05/2017;07:42:00;92;sem vítima;598;BR-153/GO;Norte;Tombamento;1;1;;;;;1
16/05/2017;07:47:00;96;sem vítima;499,773;BR-153/GO;Sul;Engavetamento;1;3;;;;;1
16/05/2017;09:08:00;145;sem vítima;685;BR-153/GO;Norte;Colisão Traseira;2;2;;;;;1
16/05/2017;14:27:00;292;sem vítima;360,429;BR-262/MG;Oeste;Colisão Transversal;1;3;;;;;1
16/05/2017;15:22:00;320;ac01 - Acidente com Vítima Fatal;210,001;BR-153/MG;Sul;Tombamento;1;0;;;;1;3
16/05/2017;17:42:00;402;sem vítima;500,848;BR-153/GO;Norte;Tombamento;1;1;;;;;1
16/05/2017;19:46:00;441;ac02 - Acidente com Vítima;422,724;BR-262/MG;Leste;Colisão Traseira;1;1;5;;;;1
16/05/2017;20:03:00;449;ac02 - Acidente com Vítima;210,001;BR-153/MG;Sul;Tombamento;1;0;1;;;;1
17/05/2017;07:38:00;99;sem vítima;553,257;BR-262/MG;Oeste;Tombamento;1;1;;;;;1
17/05/2017;14:13:00;315;sem vítima;60;BR-060/GO;Norte;Colisão Traseira;1;2;;;;;1
17/05/2017;17:07:00;403;sem vítima;121,912;BR-060/GO;Sul;Saida de Pista;1;1;;;;;1
18/05/2017;13:14:00;310;sem vítima;550;BR-262/MG;Oeste;Saida de Pista;1;1;;;;;1
18/05/2017;14:21:00;335;sem vítima;507,8;BR-153/GO;Sul;Colisão Traseira;1;2;;;;;1
18/05/2017;14:30:00;347;sem vítima;635,7;BR-153/GO;Sul;Tombamento;1;2;;;;;1
18/05/2017;15:01:00;372;ac02 - Acidente com Vítima;499,49;BR-153/GO;Sul;Colisão Traseira;1;2;1;;;;1
18/05/2017;16:41:00;440;ac02 - Acidente com Vítima;526,315;BR-153/GO;Norte;Saida de Pista;1;1;2;;;;1
18/05/2017;16:51:00;446;sem vítima;776,2;BR-262/MG;Leste;Colisão Lateral;3;3;;;;;1
18/05/2017;18:17:00;490;ac02 - Acidente com Vítima;29,904;BR-060/GO;Sul;Colisão Traseira;1;1;1;;;;1
18/05/2017;19:13:00;515;sem vítima;417;BR-262/MG;Leste;Colisão Transversal;1;2;;;;;1
19/05/2017;05:58:00;72;ac02 - Acidente com Vítima;77,774;BR-060/GO;Norte;Saida de Pista;1;0;1;;;;1
19/05/2017;06:10:00;74;ac02 - Acidente com Vítima;703,146;BR-153/GO;Sul;Saida de Pista;2;2;1;;;;1
19/05/2017;07:26:00;101;ac02 - Acidente com Vítima;378,49;BR-262/MG;Leste;Capotamento;1;0;;;1;;2
19/05/2017;14:51:00;373;sem vítima;381,756;BR-262/MG;Oeste;Saida de Pista;1;1;;;;;1
19/05/2017;18:07:00;483;sem vítima;478,856;BR-262/MG;Oeste;Colisão Traseira;1;2;;;;;1
19/05/2017;20:35:00;560;ac02 - Acidente com Vítima;611,656;BR-262/MG;Oeste;Carreta deu L;1;0;1;;;;1
19/05/2017;22:29:00;595;ac02 - Acidente com Vítima;481,512;BR-262/MG;Leste;Tombamento;1;0;1;;;;1
19/05/2017;23:00:00;604;sem vítima;101;BR-153/MG;Norte;;1;1;;;;;1
20/05/2017;11:39:00;195;ac02 - Acidente com Vítima;130,201;BR-060/GO;Sul;Colisão Traseira;1;1;1;1;;;2
20/05/2017;15:51:00;313;sem vítima;507,102;BR-153/GO;Norte;Colisão Transversal;1;2;;;;;1
21/05/2017;09:48:00;132;sem vítima;610,801;BR-262/MG;Leste;Saida de Pista;1;1;;;;;1
21/05/2017;16:22:00;353;ac02 - Acidente com Vítima;838,95;BR-262/MG;Leste;Colisão Lateral;1;0;;1;1;;2
22/05/2017;03:50:00;41;sem vítima;210;BR-153/MG;Norte;Saida de Pista;1;1;;;;;1
22/05/2017;05:04:00;55;sem vítima;619,874;BR-262/MG;Leste;Colisão Traseira;2;2;;;;;1
22/05/2017;10:40:00;258;sem vítima;500,765;BR-153/GO;Norte;Colisão Traseira;1;2;;;;;1
22/05/2017;15:41:00;451;sem vítima;43;BR-060/GO;Sul;Colisão Lateral;1;2;;;;;1
22/05/2017;18:58:00;564;ac02 - Acidente com Vítima;528;BR-153/GO;Sul;Atropelamento - Ciclista;1;1;;1;;;2
22/05/2017;22:04:00;646;sem vítima;114,914;BR-060/GO;Sul;Saida de Pista;1;1;;;;;1
22/05/2017;22:23:00;675;sem vítima;549;BR-262/MG;Leste;Objeto lançado contra veículo;2;2;;;;;1
23/05/2017;02:48:00;20;sem vítima;488,38;BR-262/MG;Oeste;Saida de Pista;1;1;;;;;1
23/05/2017;06:40:00;84;sem vítima;112,708;BR-060/GO;Norte;;1;1;;;;;1
23/05/2017;07:52:00;116;sem vítima;12;BR-060/DF;Norte;Colisão Transversal;1;2;;;;;1
23/05/2017;10:09:00;237;sem vítima;499,766;BR-153/GO;Sul;Colisão Lateral;1;3;;;;;1
23/05/2017;11:03:00;261;ac02 - Acidente com Vítima;380,401;BR-262/MG;Oeste;Saida de Pista;1;0;1;;;;1
23/05/2017;13:03:00;308;sem vítima;24,5;BR-153/MG;Sul;Tombamento;1;1;;;;;1
23/05/2017;15:58:00;399;ac02 - Acidente com Vítima;546,611;BR-262/MG;Oeste;Tombamento;1;0;1;;;;1
23/05/2017;16:44:00;420;sem vítima;689,08;BR-262/MG;Oeste;Saida de Pista;1;2;;;;;1
23/05/2017;16:47:00;421;sem vítima;522,7;BR-153/GO;Sul;;1;2;;;;;1
23/05/2017;17:26:00;432;sem vítima;749,234;BR-262/MG;Leste;Carreta deu L;1;1;;;;;1
24/05/2017;11:51:00;238;sem vítima;96,564;BR-060/GO;Sul;Colisão Lateral;1;2;;;;;1
24/05/2017;14:12:00;314;ac02 - Acidente com Vítima;147,999;BR-153/MG;Sul;Colisão Lateral;1;1;2;;1;;2
24/05/2017;18:09:00;440;sem vítima;11,104;BR-060/GO;Sul;"Choque - Defensa, barreira ou ""submarino""";1;2;;;;;1
24/05/2017;18:56:00;465;ac02 - Acidente com Vítima;111,5;BR-153/MG;Norte;Colisão Lateral;1;1;1;;;;1
24/05/2017;21:18:00;527;ac02 - Acidente com Vítima;423;BR-262/MG;Oeste;Colisão Traseira;2;0;2;;;;1
25/05/2017;00:03:00;2;ac02 - Acidente com Vítima;712;BR-262/MG;Leste;Colisão Traseira;2;0;2;;;;1
25/05/2017;00:38:00;14;sem vítima;131,662;BR-153/MG;Sul;Colisão Lateral;2;2;;;;;1
25/05/2017;07:47:00;83;ac02 - Acidente com Vítima;699,679;BR-153/GO;Norte;Tombamento;1;0;1;;;;1
25/05/2017;08:13:00;99;sem vítima;509;BR-153/GO;Norte;Colisão Traseira;1;2;;;;;1
25/05/2017;09:03:00;128;ac02 - Acidente com Vítima;20;BR-060/GO;Norte;Colisão Traseira;1;1;2;;;;1
25/05/2017;14:49:00;317;ac01 - Acidente com Vítima Fatal;363,875;BR-262/MG;Oeste;Capotamento;1;0;;;;1;3
25/05/2017;16:22:00;376;ac02 - Acidente com Vítima;14,88;BR-153/MG;Norte;Tombamento;1;1;1;;;;1
25/05/2017;18:27:00;435;ac02 - Acidente com Vítima;42,8;BR-153/MG;Norte;Capotamento;1;1;1;;;;1
25/05/2017;18:39:00;441;sem vítima;93,601;BR-060/GO;Norte;Colisão Lateral;1;2;;;;;1
25/05/2017;21:03:00;493;sem vítima;692,9;BR-153/GO;Sul;Colisão Lateral;2;2;;;;;1
25/05/2017;21:28:00;500;sem vítima;480;BR-262/MG;Leste;Colisão Traseira;1;2;;;;;1
26/05/2017;11:24:00;275;sem vítima;803,001;BR-262/MG;Leste;Colisão Traseira;1;2;;;;;1
27/05/2017;00:10:00;7;ac02 - Acidente com Vítima;568;BR-262/MG;Leste;Saida de Pista;1;0;;1;;;2
27/05/2017;09:36:00;184;ac02 - Acidente com Vítima;401,001;BR-262/MG;Leste;Colisão Traseira;1;1;1;;;;1
27/05/2017;12:26:00;265;ac02 - Acidente com Vítima;128,325;BR-060/GO;Norte;Colisão Traseira;1;2;1;;;;1
28/05/2017;03:34:00;35;ac02 - Acidente com Vítima;188,2;BR-153/MG;Sul;Tombamento;1;0;2;;;;1
28/05/2017;11:50:00;159;ac02 - Acidente com Vítima;79,8;BR-153/MG;Sul;Tombamento;1;0;1;;;;1
28/05/2017;16:04:00;260;sem vítima;144,1;BR-153/MG;Sul;Colisão Traseira;2;2;;;;;1
28/05/2017;16:31:00;266;sem vítima;101,123;BR-060/GO;Norte;Colisão Traseira;1;2;;;;;1
28/05/2017;20:51:00;373;ac01 - Acidente com Vítima Fatal;529,855;BR-262/MG;Oeste;Colisão Frontal;4;3;3;;;4;3
29/05/2017;03:44:00;41;ac02 - Acidente com Vítima;83,8;BR-153/MG;Sul;Tombamento;1;1;1;;;;1
29/05/2017;14:26:00;279;sem vítima;644;BR-153/GO;Norte;Colisão Traseira;1;2;;;;;1
29/05/2017;20:47:00;442;ac01 - Acidente com Vítima Fatal;407,103;BR-262/MG;Leste;Colisão Traseira;2;1;;;;1;3
29/05/2017;21:18:00;449;sem vítima;389,359;BR-262/MG;Oeste;Colisão Traseira;2;2;;;;;1
29/05/2017;21:47:00;458;sem vítima;608,46;BR-153/GO;Sul;Colisão Traseira;2;2;;;;;1
30/05/2017;02:42:00;43;ac02 - Acidente com Vítima;519,8;BR-262/MG;Oeste;Saida de Pista;1;0;1;;;;1
30/05/2017;04:49:00;65;ac02 - Acidente com Vítima;45,5;BR-153/MG;Norte;Tombamento;1;0;1;;;;1
30/05/2017;05:22:00;69;sem vítima;15,78;BR-060/GO;Norte;Saida de Pista;1;1;;;;;1
30/05/2017;12:16:00;291;ac02 - Acidente com Vítima;501,059;BR-153/GO;Sul;Queda de Moto;1;1;1;;;;1
30/05/2017;14:01:00;332;ac02 - Acidente com Vítima;514;BR-153/GO;Sul;Colisão Lateral;1;0;2;;;;1
30/05/2017;15:49:00;402;ac02 - Acidente com Vítima;365;BR-262/MG;Leste;Colisão Traseira;2;0;2;;;;1
30/05/2017;16:38:00;420;sem vítima;107;BR-060/GO;Sul;Colisão Traseira;1;2;;;;;1
30/05/2017;17:20:00;437;sem vítima;98,7;BR-060/GO;Norte;Colisão Traseira;1;3;;;;;1
31/05/2017;03:47:00;47;sem vítima;490,001;BR-153/GO;Norte;"Choque - Defensa, barreira ou ""submarino""";1;1;;;;;1
31/05/2017;09:18:00;144;ac02 - Acidente com Vítima;94,211;BR-060/GO;Sul;Colisão Lateral;1;1;;1;1;;2
01/04/2017;14:48:00;327;sem vítima;72,643;BR-060/GO;Norte;Colisão Traseira;1;3;;;;;1
02/04/2017;16:48:00;343;ac02 - Acidente com Vítima;546,697;BR-262/MG;Oeste;Tombamento;1;0;1;;;;1
02/04/2017;19:30:00;407;ac02 - Acidente com Vítima;462;BR-262/MG;Leste;Colisão Traseira;1;1;;;1;;2
02/04/2017;19:44:00;416;sem vítima;504,574;BR-153/GO;Sul;Colisão Traseira;1;2;;;;;1
02/04/2017;22:23:00;461;sem vítima;546,697;BR-262/MG;Oeste;Saida de Pista;1;1;;;;;1
03/04/2017;00:57:00;14;ac02 - Acidente com Vítima;103;BR-060/GO;Norte;Carreta deu L;1;1;1;;;;1
03/04/2017;02:29:00;25;ac02 - Acidente com Vítima;666,2;BR-153/GO;Norte;Colisão Traseira;2;0;2;;;;1
03/04/2017;07:06:00;72;ac02 - Acidente com Vítima;28,594;BR-060/DF;Sul;Outros - sequências;1;1;1;;;;1
03/04/2017;16:41:00;370;sem vítima;210;BR-153/MG;Sul;Tombamento;1;1;;;;;1
03/04/2017;19:13:00;431;sem vítima;666,839;BR-262/MG;Oeste;Outros - sequências;1;1;;;;;1
03/04/2017;22:26:00;496;ac02 - Acidente com Vítima;509,3;BR-153/GO;Sul;Colisão Traseira;2;1;1;;;;1
03/04/2017;23:44:00;512;ac02 - Acidente com Vítima;113,973;BR-060/GO;Sul;Carreta deu L;1;0;1;;;;1
04/04/2017;09:39:00;151;sem vítima;96;BR-060/GO;Norte;Outros - sequências;1;3;;;;;1
04/04/2017;09:57:00;166;ac01 - Acidente com Vítima Fatal;610;BR-262/MG;Leste;Colisão Frontal;1;0;1;;;1;3
05/04/2017;03:02:00;32;sem vítima;18,94;BR-060/GO;Sul;Tombamento;1;1;;;;;1
05/04/2017;05:02:00;47;sem vítima;55,428;BR-060/GO;Sul;Outros - sequências;1;1;;;;;1
05/04/2017;08:56:00;127;sem vítima;492,42;BR-153/GO;Norte;Colisão Lateral;1;4;;;;;1
05/04/2017;23:14:00;500;ac02 - Acidente com Vítima;104;BR-153/MG;Sul;Saida de Pista;1;0;1;;;;1
06/04/2017;10:26:00;173;ac02 - Acidente com Vítima;490,5;BR-262/MG;Oeste;Saida de Pista;1;0;1;;;;1
06/04/2017;16:18:00;356;sem vítima;37;BR-060/GO;Norte;Saida de Pista;1;1;;;;;1
06/04/2017;22:24:00;515;ac02 - Acidente com Vítima;451,077;BR-262/MG;Oeste;Colisão Lateral;1;3;;;1;;2
07/04/2017;03:02:00;40;sem vítima;492;BR-153/GO;Norte;Saida de Pista;1;1;;;;;1
07/04/2017;08:17:00;133;sem vítima;454;BR-262/MG;Leste;Colisão Traseira;2;2;;;;;1
07/04/2017;10:44:00;230;ac02 - Acidente com Vítima;563;BR-153/GO;Norte;Outros - sequências;2;0;2;;;;1
07/04/2017;12:37:00;280;ac02 - Acidente com Vítima;587;BR-262/MG;Leste;Outros - sequências;2;14;4;;;;1
07/04/2017;14:24:00;328;ac02 - Acidente com Vítima;563;BR-153/GO;Sul;Colisão Lateral;2;0;2;;;;1
07/04/2017;16:27:00;387;sem vítima;366,244;BR-262/MG;Oeste;Colisão Traseira;2;2;;;;;1
07/04/2017;16:29:00;388;sem vítima;588;BR-262/MG;Leste;Carreta deu L;1;1;;;;;1
09/04/2017;15:20:00;343;sem vítima;526,7;BR-153/GO;Norte;;2;2;;;;;1
10/04/2017;05:23:00;43;sem vítima;477,76;BR-262/MG;Oeste;Colisão Lateral;1;2;;;;;1
10/04/2017;05:26:00;44;sem vítima;29,785;BR-060/GO;Sul;Colisão Lateral;1;3;;;;;1
10/04/2017;07:21:00;69;ac02 - Acidente com Vítima;8,694;BR-060/DF;Norte;Colisão Lateral;1;1;1;;;;1
10/04/2017;10:25:00;219;sem vítima;494,764;BR-153/GO;Sul;Colisão Traseira;2;2;;;;;1
10/04/2017;10:53:00;239;sem vítima;2,314;BR-060/DF;Norte;Choque - Poste;1;2;;;;;1
10/04/2017;11:22:00;251;sem vítima;93,76;BR-060/GO;Norte;Colisão Lateral;1;2;;;;;1
10/04/2017;18:04:00;451;ac02 - Acidente com Vítima;490;BR-153/GO;Norte;Tombamento;1;0;1;;;;1
11/04/2017;05:43:00;55;sem vítima;646,244;BR-262/MG;Oeste;Saida de Pista;1;1;;;;;1
11/04/2017;08:33:00;123;sem vítima;51;BR-153/MG;Sul;;1;1;;;;;1
11/04/2017;08:45:00;131;sem vítima;51;BR-153/MG;Sul;Saida de Pista;1;2;;;;;1
11/04/2017;09:35:00;155;ac02 - Acidente com Vítima;22,314;BR-060/DF;Sul;Saida de Pista;1;0;;1;;;2
11/04/2017;09:59:00;169;sem vítima;797,894;BR-262/MG;Leste;Colisão Traseira;1;2;;;;;1
11/04/2017;11:11:00;219;sem vítima;235,5;BR-153/MG;Norte;Colisão Transversal;1;2;;;;;1
11/04/2017;18:05:00;440;sem vítima;77;BR-153/MG;Sul;Engavetamento;4;4;;;;;1
11/04/2017;18:55:00;451;sem vítima;113;BR-153/MG;Norte;Engavetamento;1;9;;;;;1
12/04/2017;11:27:00;255;ac02 - Acidente com Vítima;539,5;BR-262/MG;Oeste;Colisão Transversal;1;0;1;1;;;2
12/04/2017;17:27:00;477;sem vítima;0;BR-153/MG;Sul;Engavetamento;2;3;;;;;1
12/04/2017;18:45:00;523;ac02 - Acidente com Vítima;471;BR-262/MG;Leste;Outros - sequências;1;1;1;;;;1
12/04/2017;19:19:00;534;sem vítima;12;BR-060/GO;Sul;Colisão Traseira;2;2;;;;;1
13/04/2017;02:51:00;55;ac02 - Acidente com Vítima;691;BR-262/MG;Leste;Tombamento;1;0;;1;;;2
13/04/2017;04:43:00;80;ac02 - Acidente com Vítima;374;BR-262/MG;Leste;Colisão Traseira;1;1;;1;;;2
13/04/2017;21:06:00;608;ac02 - Acidente com Vítima;721;BR-262/MG;Oeste;Engavetamento;1;0;7;;;;1
14/04/2017;16:16:00;454;ac02 - Acidente com Vítima;77;BR-153/MG;Sul;Tombamento;1;0;1;;;;1
14/04/2017;19:40:00;539;sem vítima;2;BR-060/DF;Sul;Colisão Traseira;1;2;;;;;1
14/04/2017;21:34:00;565;sem vítima;6,161;BR-060/DF;Norte;Colisão Traseira;1;2;;;;;1
15/04/2017;15:15:00;245;sem vítima;520;BR-153/GO;Norte;Outros - sequências;1;3;;;;;1
16/04/2017;13:53:00;270;ac02 - Acidente com Vítima;575;BR-153/GO;Norte;Outros - sequências;1;4;5;;;;1
16/04/2017;20:50:00;524;ac02 - Acidente com Vítima;564;BR-262/MG;Leste;Outros - sequências;1;0;1;;;;1
17/04/2017;07:10:00;63;sem vítima;731;BR-262/MG;Leste;Saida de Pista;1;1;;;;;1
17/04/2017;08:53:00;122;ac02 - Acidente com Vítima;16,872;BR-060/GO;Sul;Colisão Traseira;1;0;1;1;;;2
17/04/2017;16:38:00;422;sem vítima;134,5;BR-153/MG;Norte;Colisão Traseira;1;2;;;;;1
17/04/2017;20:58:00;526;ac02 - Acidente com Vítima;224,5;BR-153/MG;Sul;Tombamento;1;0;1;;;;1
18/04/2017;12:28:00;274;sem vítima;108;BR-153/MG;Sul;Colisão Lateral;1;3;;;;;1
18/04/2017;16:25:00;366;sem vítima;96,2;BR-060/GO;Sul;Saida de Pista;1;1;;;;;1
18/04/2017;18:45:00;422;sem vítima;102,6;BR-060/GO;Sul;Saida de Pista;1;1;;;;;1
18/04/2017;20:38:00;459;sem vítima;850;BR-262/MG;Leste;Atropelamento de Animal;1;1;;;;;1
19/04/2017;04:08:00;50;sem vítima;57;BR-153/MG;Norte;Saida de Pista;1;1;;;;;1
19/04/2017;06:11:00;74;sem vítima;432;BR-262/MG;Oeste;Tombamento;1;1;;;;;1
19/04/2017;06:25:00;81;sem vítima;12,348;BR-060/GO;Norte;Saida de Pista;1;2;;;;;1
19/04/2017;09:22:00;170;ac02 - Acidente com Vítima;28,986;BR-060/GO;Sul;Capotamento;1;1;1;;;;1
19/04/2017;18:57:00;432;ac02 - Acidente com Vítima;239;BR-153/MG;Sul;Colisão Traseira;1;2;1;;;;1
20/04/2017;11:00:00;237;ac02 - Acidente com Vítima;533,2;BR-153/GO;Sul;Outros - sequências;1;2;1;;;;1
20/04/2017;11:36:00;255;sem vítima;111,255;BR-060/GO;Sul;Outros - sequências;1;2;;;;;1
20/04/2017;15:05:00;355;sem vítima;245;BR-153/MG;Norte;Colisão Transversal;1;2;;;;;1
20/04/2017;18:07:00;466;sem vítima;28,5;BR-153/MG;Norte;Saida de Pista;1;2;;;;;1
20/04/2017;20:23:00;540;ac02 - Acidente com Vítima;83;BR-060/GO;Sul;Colisão Traseira;1;1;;;1;;2
20/04/2017;20:49:00;550;sem vítima;93;BR-060/GO;Sul;Colisão Lateral;1;2;;;;;1
21/04/2017;01:01:00;14;sem vítima;244;BR-153/MG;Sul;Atropelamento de Animal;1;1;;;;;1
21/04/2017;09:42:00;191;sem vítima;134;BR-060/GO;Norte;Colisão Lateral;1;2;;;;;1
21/04/2017;11:25:00;258;ac02 - Acidente com Vítima;66,8;BR-153/MG;Norte;Outros - sequências;1;1;1;;;;1
21/04/2017;18:26:00;461;sem vítima;357;BR-262/MG;Oeste;Colisão Traseira;1;2;;;;;1
21/04/2017;20:26:00;498;ac02 - Acidente com Vítima;143;BR-153/MG;Norte;Outros - sequências;1;0;2;1;;;2
22/04/2017;16:52:00;309;sem vítima;603;BR-262/MG;Leste;Colisão Traseira;1;2;;;;;1
24/04/2017;05:50:00;55;ac02 - Acidente com Vítima;706;BR-262/MG;Oeste;Colisão Transversal;2;0;2;;;;1
24/04/2017;14:19:00;291;sem vítima;496;BR-153/GO;Sul;Colisão Traseira;1;2;;;;;1
24/04/2017;17:24:00;419;ac02 - Acidente com Vítima;32;BR-060/GO;Sul;Colisão Transversal;1;1;1;;;;1
24/04/2017;19:00:00;469;sem vítima;93;BR-060/GO;Norte;Colisão Lateral;1;2;;;;;1
25/04/2017;15:51:00;359;sem vítima;90,07;BR-060/GO;Norte;Saida de Pista;1;1;;;;;1
25/04/2017;16:18:00;381;ac02 - Acidente com Vítima;507,5;BR-153/GO;Sul;Colisão Lateral;1;6;1;;;;1
25/04/2017;16:50:00;406;sem vítima;535,5;BR-153/GO;Sul;Outros - sequências;1;1;;;;;1
25/04/2017;19:00:00;464;sem vítima;10;BR-060/DF;Sul;Outros - sequências;1;2;;;;;1
26/04/2017;05:43:00;35;sem vítima;620,691;BR-262/MG;Leste;Saida de Pista;1;1;;;;;1
26/04/2017;10:44:00;223;ac02 - Acidente com Vítima;3,476;BR-060/DF;Sul;Outros - sequências;1;1;2;;;;1
26/04/2017;12:00:00;298;sem vítima;107,024;BR-060/GO;Norte;Colisão Traseira;1;2;;;;;1
26/04/2017;17:45:00;478;ac02 - Acidente com Vítima;548,637;BR-262/MG;Oeste;Colisão Lateral;1;2;1;;;;1
27/04/2017;00:41:00;9;ac02 - Acidente com Vítima;380,537;BR-262/MG;Oeste;Colisão Traseira;2;1;1;;;;1
27/04/2017;13:51:00;289;sem vítima;514,12;BR-153/GO;Norte;Tombamento;1;1;;;;;1
27/04/2017;14:51:00;331;sem vítima;587;BR-262/MG;Oeste;Carreta deu L;1;1;;;;;1
27/04/2017;21:30:00;531;ac02 - Acidente com Vítima;24,001;BR-060/DF;Sul;Tombamento;1;0;;;1;;2
28/04/2017;12:12:00;304;sem vítima;594;BR-262/MG;Oeste;Saida de Pista;1;1;;;;;1
28/04/2017;14:55:00;377;sem vítima;512;BR-262/MG;Oeste;Saida de Pista;1;1;;;;;1
28/04/2017;17:38:00;476;ac02 - Acidente com Vítima;494,9;BR-153/GO;Sul;Colisão Traseira;1;0;3;;;;1
28/04/2017;19:59:00;559;ac02 - Acidente com Vítima;366,02;BR-262/MG;Leste;Colisão Traseira;1;1;1;;;;1
29/04/2017;07:09:00;88;ac02 - Acidente com Vítima;369;BR-262/MG;Leste;Colisão Lateral;1;1;1;;;;1
29/04/2017;07:31:00;97;sem vítima;91;BR-153/MG;Sul;Saida de Pista;1;1;;;;;1
29/04/2017;16:34:00;444;ac02 - Acidente com Vítima;101;BR-060/GO;Norte;Colisão Traseira;1;5;;2;;;2
29/04/2017;17:17:00;472;ac02 - Acidente com Vítima;677,82;BR-153/GO;Norte;Tombamento;1;1;1;;;;1
30/04/2017;06:58:00;61;ac02 - Acidente com Vítima;51;BR-153/MG;Sul;Outros - sequências;1;1;1;;;;1
30/04/2017;09:45:00;133;sem vítima;28,7;BR-153/MG;Sul;Colisão Traseira;1;2;;;;;1
30/04/2017;19:30:00;365;sem vítima;857;BR-262/MG;Leste;Tombamento;1;2;;;;;1
01/06/2017;09:56:00;154;sem vítima;480,7;BR-262/MG;Oeste;Saida de Pista;2;2;;;;;1
01/06/2017;15:04:00;298;sem vítima;43,007;BR-060/GO;Norte;Colisão Traseira;2;5;;;;;1
01/06/2017;15:28:00;313;sem vítima;449,177;BR-262/MG;Oeste;Colisão Lateral;1;3;;;;;1
01/06/2017;16:07:00;334;ac02 - Acidente com Vítima;57,341;BR-153/MG;Norte;Saida de Pista;1;0;1;;;;1
01/06/2017;18:32:00;395;sem vítima;501,241;BR-153/GO;Norte;Colisão Traseira;1;2;;;;;1
02/06/2017;08:55:00;126;ac02 - Acidente com Vítima;525,1;BR-262/MG;Leste;Colisão Traseira;1;1;2;;;;1
02/06/2017;13:26:00;266;ac02 - Acidente com Vítima;521,28;BR-153/GO;Norte;Colisão Lateral;1;2;2;1;;;2
02/06/2017;17:37:00;421;sem vítima;792;BR-262/MG;Leste;Choque - Outros;1;2;;;;;1
02/06/2017;18:46:00;476;ac01 - Acidente com Vítima Fatal;474,576;BR-262/MG;Leste;Colisão Frontal;1;0;1;;;1;3
03/06/2017;06:25:00;106;ac02 - Acidente com Vítima;2,307;BR-060/DF;Norte;Colisão Traseira;1;1;1;;;;1
03/06/2017;10:38:00;224;sem vítima;493,769;BR-153/GO;Norte;Colisão Traseira;1;2;;;;;1
05/06/2017;10:58:00;213;sem vítima;694;BR-262/MG;Leste;Colisão Traseira;1;2;;;;;1
05/06/2017;11:31:00;228;ac02 - Acidente com Vítima;495;BR-262/MG;Oeste;Tombamento;1;0;1;;;;1
05/06/2017;12:10:00;250;sem vítima;112,024;BR-153/MG;Sul;Saida de Pista;1;1;;;;;1
05/06/2017;13:13:00;275;sem vítima;398;BR-262/MG;Leste;Colisão Lateral;1;2;;;;;1
06/06/2017;05:47:00;61;ac02 - Acidente com Vítima;371,5;BR-262/MG;Leste;Colisão Traseira;1;2;;1;;;2
06/06/2017;13:44:00;304;sem vítima;107,401;BR-060/GO;Norte;Colisão Lateral;1;2;;;;;1
06/06/2017;16:19:00;426;sem vítima;73,4;BR-153/MG;Norte;Tombamento;1;1;;;;;1
06/06/2017;16:35:00;439;sem vítima;373,6;BR-262/MG;Oeste;Colisão Traseira;1;2;;;;;1
06/06/2017;19:27:00;545;sem vítima;632,156;BR-262/MG;Oeste;Colisão Traseira;1;2;;;;;1
06/06/2017;21:01:00;587;ac02 - Acidente com Vítima;393,883;BR-262/MG;Oeste;Colisão Lateral;1;1;1;;;;1