data;horario;n_da_ocorrencia;tipo_de_ocorrencia;km;trecho;sentido;tipo_de_acidente;caminhao;ilesos;levemente_feridos;moderadamente_feridos;gravemente_feridos;mortos;3
30/07/2017;09:11:00;140;sem vítima;11,147;BR-153/MG;Sul;Colisão Traseira;2;2;;;;;1
30/07/2017;09:46:00;156;sem vítima;30,383;BR-060/DF;Sul;Colisão Lateral;1;2;;;;;1
30/07/2017;10:14:00;169;ac02 - Acidente com Vítima;716,444;BR-262/MG;Oeste;Colisão Traseira;1;1;;;2;;2
30/07/2017;22:55:00;587;ac01 - Acidente com Vítima Fatal;713,013;BR-262/MG;Oeste;Capotamento;1;1;2;1;;1;3
31/07/2017;02:13:00;25;ac02 - Acidente com Vítima;6,575;BR-153/MG;Norte;Tombamento;1;0;1;;;;1
31/07/2017;08:07:00;104;sem vítima;510,001;BR-153/GO;Norte;Colisão Lateral;1;2;;;;;1
31/07/2017;10:10:00;176;ac01 - Acidente com Vítima Fatal;535,314;BR-262/MG;Leste;Engavetamento;1;3;2;;;1;3
31/07/2017;18:31:00;421;ac01 - Acidente com Vítima Fatal;660,055;BR-262/MG;Leste;Colisão Traseira;3;2;;;;1;3
31/07/2017;19:08:00;447;ac02 - Acidente com Vítima;17,253;BR-060/GO;Sul;Colisão Traseira;1;1;;;1;;2
01/08/2017;02:07:00;31;ac02 - Acidente com Vítima;6,956;BR-153/MG;Norte;Saida de Pista;1;0;1;;;;1
01/08/2017;02:51:00;37;sem vítima;703;BR-153/GO;Norte;"Choque - Defensa, barreira ou ""submarino""";1;1;;;;;1
01/08/2017;14:09:00;300;sem vítima;11,15;BR-060/DF;Norte;Colisão Lateral;1;2;;;;;1
01/08/2017;15:21:00;344;ac02 - Acidente com Vítima;117;BR-060/GO;Sul;Colisão Lateral;1;0;3;;;;1
01/08/2017;15:29:00;350;sem vítima;116;BR-060/GO;Norte;Colisão Lateral;1;2;;;;;1
02/08/2017;06:41:00;93;ac02 - Acidente com Vítima;900,5;BR-262/MG;Leste;Tombamento;1;1;1;;;;1
02/08/2017;08:29:00;129;sem vítima;799,846;BR-262/MG;Leste;Tombamento;1;1;;;;;1
02/08/2017;13:56:00;308;ac02 - Acidente com Vítima;360,363;BR-262/MG;Leste;Colisão Traseira;1;1;1;;;;1
02/08/2017;18:09:00;465;ac02 - Acidente com Vítima;70,001;BR-153/MG;Sul;Saida de Pista;1;0;;1;;;2
02/08/2017;19:16:00;499;sem vítima;410,555;BR-262/MG;Oeste;Saida de Pista;1;2;;;;;1
03/08/2017;09:33:00;172;ac02 - Acidente com Vítima;599,2;BR-153/GO;Sul;Colisão Traseira;2;3;1;;;;1
03/08/2017;20:51:00;561;sem vítima;172,5;BR-153/MG;Norte;Saida de Pista;1;1;;;;;1
04/08/2017;09:52:00;223;ac02 - Acidente com Vítima;41;BR-060/GO;Sul;Colisão Lateral;1;1;1;;;;1
04/08/2017;14:47:00;389;sem vítima;640;BR-262/MG;Leste;Colisão Traseira;2;2;;;;;1
04/08/2017;18:36:00;522;sem vítima;497,034;BR-153/GO;Norte;Colisão Lateral;1;2;;;;;1
04/08/2017;19:23:00;552;ac01 - Acidente com Vítima Fatal;464,151;BR-262/MG;Oeste;Colisão Transversal;1;1;1;1;;1;3
05/08/2017;16:02:00;395;sem vítima;502,895;BR-153/GO;Norte;Choque - Outros;2;2;;;;;1
05/08/2017;20:19:00;520;ac02 - Acidente com Vítima;58,193;BR-153/MG;Sul;Colisão Lateral;2;3;1;2;;;2
07/08/2017;00:46:00;11;sem vítima;553,873;BR-262/MG;Oeste;Tombamento;1;2;;;;;1
07/08/2017;08:28:00;133;sem vítima;767,794;BR-262/MG;Leste;Tombamento;1;1;;;;;1
07/08/2017;19:11:00;506;ac01 - Acidente com Vítima Fatal;672,472;BR-262/MG;Oeste;Colisão Frontal;1;0;1;;;1;3
08/08/2017;15:00:00;346;sem vítima;98;BR-060/GO;Norte;Objeto lançado contra veículo;2;2;;;;;1
08/08/2017;17:26:00;430;ac02 - Acidente com Vítima;13,423;BR-060/GO;Norte;Colisão Traseira;1;1;;1;;;2
08/08/2017;18:40:00;495;sem vítima;97;BR-060/GO;Sul;Colisão Lateral;1;2;;;;;1
09/08/2017;05:02:00;73;sem vítima;13,95;BR-060/GO;Sul;Atropelamento de Animal;1;1;;;;;1
09/08/2017;08:00:00;127;sem vítima;32,5;BR-153/MG;Norte;Saida de Pista;1;2;;;;;1
09/08/2017;16:58:00;452;sem vítima;496,18;BR-153/GO;Sul;Colisão Lateral;2;2;;;;;1
09/08/2017;21:06:00;584;sem vítima;366;BR-262/MG;Oeste;Colisão Traseira;1;2;;;;;1
09/08/2017;22:01:00;608;ac02 - Acidente com Vítima;611;BR-262/MG;Leste;Colisão Lateral;1;1;1;;;;1
10/08/2017;05:25:00;79;ac02 - Acidente com Vítima;509,163;BR-153/GO;Norte;Colisão Traseira;1;1;2;;;;1
10/08/2017;15:59:00;460;ac02 - Acidente com Vítima;523;BR-262/MG;Leste;Colisão Transversal;2;1;1;;;;1
10/08/2017;16:40:00;493;ac02 - Acidente com Vítima;781;BR-262/MG;Leste;Colisão Traseira;1;1;1;;;;1
10/08/2017;16:50:00;498;sem vítima;742,406;BR-262/MG;Leste;Choque - Elemento de Drenagem;1;3;;;;;1
10/08/2017;18:18:00;556;ac02 - Acidente com Vítima;99,389;BR-060/GO;Sul;Tombamento;1;0;1;;;;1
11/08/2017;23:11:00;715;sem vítima;406,808;BR-262/MG;Leste;Colisão Traseira;2;2;;;;;1
11/08/2017;23:39:00;722;ac02 - Acidente com Vítima;409,8;BR-262/MG;Leste;Colisão Traseira;2;1;;1;;;2
12/08/2017;08:09:00;155;sem vítima;89;BR-060/GO;Sul;Colisão Lateral;1;2;;;;;1
12/08/2017;14:15:00;322;ac02 - Acidente com Vítima;58,11;BR-153/MG;Norte;Colisão Traseira;1;1;2;;;;1
12/08/2017;18:48:00;473;ac02 - Acidente com Vítima;12,26;BR-153/MG;Sul;Saida de Pista;1;1;1;;;;1
12/08/2017;20:34:00;537;ac02 - Acidente com Vítima;505,116;BR-262/MG;Oeste;Tombamento;1;0;1;;;;1
13/08/2017;11:01:00;187;ac02 - Acidente com Vítima;245,089;BR-153/MG;Norte;Colisão Lateral;1;1;1;;;;1
13/08/2017;11:35:00;202;ac02 - Acidente com Vítima;506,693;BR-153/GO;Sul;Capotamento;1;2;1;;;;1
13/08/2017;19:50:00;493;ac01 - Acidente com Vítima Fatal;580,55;BR-153/GO;Sul;Colisão Lateral;1;3;;1;;1;3
13/08/2017;20:00:00;499;ac02 - Acidente com Vítima;86,721;BR-060/GO;Sul;Tombamento;1;0;;1;;;2
14/08/2017;00:05:00;2;ac02 - Acidente com Vítima;547,496;BR-262/MG;Leste;Tombamento;1;0;;1;;;2
14/08/2017;10:01:00;246;sem vítima;109,132;BR-060/GO;Sul;Choque - Outros;1;2;;;;;1
14/08/2017;15:35:00;446;sem vítima;33,178;BR-153/MG;Norte;Tombamento;1;1;;;;;1
15/08/2017;05:44:00;88;sem vítima;556,882;BR-262/MG;Leste;Choque - Elemento de Drenagem;1;1;;;;;1
15/08/2017;06:14:00;100;sem vítima;389,109;BR-262/MG;Oeste;Colisão Traseira;1;2;;;;;1
15/08/2017;18:07:00;574;sem vítima;133,479;BR-060/GO;Norte;Colisão Lateral;1;2;;;;;1
15/08/2017;18:11:00;579;ac02 - Acidente com Vítima;579,17;BR-262/MG;Leste;Tombamento;1;1;1;;;;1
15/08/2017;18:12:00;580;ac02 - Acidente com Vítima;106,201;BR-153/MG;Sul;Atropelamento - Usuário;1;1;;1;;;2
16/08/2017;06:07:00;86;ac02 - Acidente com Vítima;99;BR-153/MG;Norte;Colisão Traseira;1;1;1;;1;;2
16/08/2017;09:43:00;198;sem vítima;119,3;BR-060/GO;Sul;Colisão Traseira;2;3;;;;;1
16/08/2017;10:33:00;231;sem vítima;17;BR-060/GO;Sul;Colisão Traseira;1;2;;;;;1
16/08/2017;13:31:00;313;ac01 - Acidente com Vítima Fatal;553,178;BR-153/GO;Sul;Colisão Traseira;1;1;;;;1;3
16/08/2017;15:45:00;388;sem vítima;416;BR-262/MG;Leste;"Choque - Defensa, barreira ou ""submarino""";1;1;;;;;1
17/08/2017;11:34:00;387;sem vítima;500,5;BR-153/GO;Sul;Engavetamento;1;5;;;;;1
17/08/2017;17:00:00;620;ac02 - Acidente com Vítima;234;BR-153/MG;Norte;Tombamento;1;0;1;;;;1
17/08/2017;17:09:00;627;ac02 - Acidente com Vítima;37,861;BR-060/GO;Norte;Colisão Traseira;1;1;;1;;;2
17/08/2017;19:48:00;713;sem vítima;354,733;BR-262/MG;Oeste;Atropelamento de Animal;1;1;;;;;1
18/08/2017;15:49:00;522;ac02 - Acidente com Vítima;700,32;BR-153/GO;Norte;Colisão Lateral;3;4;;;1;;2
19/08/2017;03:48:00;51;sem vítima;496,292;BR-153/GO;Sul;Colisão Traseira;1;3;;;;;1
19/08/2017;10:24:00;277;sem vítima;490,2;BR-153/GO;Sul;Choque - Veiculo parado na pista;1;2;;;;;1
21/08/2017;08:26:00;146;sem vítima;445;BR-262/MG;Leste;"Choque - Defensa, barreira ou ""submarino""";1;3;;;;;1
21/08/2017;09:49:00;189;sem vítima;364,4;BR-262/MG;Leste;Carreta deu L;1;1;;;;;1
21/08/2017;23:02:00;533;sem vítima;590;BR-153/GO;Sul;Colisão Traseira;2;2;;;;;1
22/08/2017;03:53:00;45;ac02 - Acidente com Vítima;658,18;BR-153/GO;Sul;Tombamento;2;1;;;1;;2
22/08/2017;11:11:00;232;sem vítima;514,3;BR-153/GO;Norte;Colisão Transversal;1;2;;;;;1
22/08/2017;18:53:00;501;ac02 - Acidente com Vítima;359,1;BR-262/MG;Oeste;Engavetamento;1;4;3;;;;1
23/08/2017;17:24:00;532;ac02 - Acidente com Vítima;505,8;BR-153/GO;Sul;Colisão Traseira;1;1;1;;;;1
24/08/2017;15:57:00;403;sem vítima;499;BR-262/MG;Leste;Engavetamento;2;3;;;;;1
24/08/2017;17:19:00;434;sem vítima;497,5;BR-153/GO;Sul;Colisão Lateral;1;2;;;;;1
25/08/2017;01:14:00;20;ac02 - Acidente com Vítima;575;BR-153/GO;Sul;Tombamento;1;0;2;;;;1
25/08/2017;19:36:00;527;ac02 - Acidente com Vítima;606,1;BR-153/GO;Sul;Colisão Lateral;1;1;2;;;;1
25/08/2017;20:30:00;557;ac02 - Acidente com Vítima;508;BR-153/GO;Sul;Queda de Moto;1;1;1;;;;1
26/08/2017;01:51:00;22;ac02 - Acidente com Vítima;58;BR-153/MG;Norte;Tombamento;1;0;1;;;;1
26/08/2017;07:03:00;80;sem vítima;799,8;BR-262/MG;Leste;Tombamento;1;1;;;;;1
26/08/2017;10:22:00;165;sem vítima;32;BR-060/GO;Sul;Colisão Lateral;1;5;;;;;1
26/08/2017;18:26:00;417;ac02 - Acidente com Vítima;439;BR-262/MG;Leste;Colisão Lateral;1;1;1;;;;1
27/08/2017;15:33:00;383;ac02 - Acidente com Vítima;354;BR-262/MG;Leste;Colisão Traseira;1;2;2;;;;1
27/08/2017;19:51:00;537;ac02 - Acidente com Vítima;793,8;BR-262/MG;Oeste;Colisão Lateral;1;2;2;;;;1
27/08/2017;21:51:00;596;ac01 - Acidente com Vítima Fatal;567,4;BR-262/MG;Oeste;Colisão Transversal;1;1;;1;;1;3
28/08/2017;09:27:00;185;sem vítima;47,9;BR-060/GO;Norte;Choque - Talude;1;2;;;;;1
28/08/2017;15:45:00;437;sem vítima;495,479;BR-153/GO;Norte;Colisão Lateral;1;2;;;;;1
28/08/2017;18:52:00;532;ac02 - Acidente com Vítima;503,1;BR-153/GO;Norte;Colisão Lateral;1;1;;1;;;2
29/08/2017;07:23:00;106;sem vítima;503,1;BR-153/GO;Sul;Colisão Traseira;2;2;;;;;1
29/08/2017;08:28:00;150;sem vítima;502,486;BR-153/GO;Sul;Colisão Traseira;1;2;;;;;1
29/08/2017;12:14:00;328;ac01 - Acidente com Vítima Fatal;662,347;BR-153/GO;Sul;Capotamento;1;1;1;1;1;1;3
29/08/2017;19:11:00;575;ac02 - Acidente com Vítima;673,399;BR-153/GO;Sul;Colisão Traseira;3;2;1;;;;1
30/08/2017;16:07:00;547;sem vítima;802,501;BR-262/MG;Oeste;Colisão Traseira;1;2;;;;;1
30/08/2017;19:49:00;703;sem vítima;913;BR-262/MG;Leste;Tombamento;1;1;;;;;1
31/08/2017;06:04:00;75;sem vítima;485,5;BR-262/MG;Oeste;"Choque - Defensa, barreira ou ""submarino""";1;2;;;;;1
31/08/2017;06:08:00;77;sem vítima;147,9;BR-153/MG;Sul;Colisão Transversal;2;2;;;;;1
31/08/2017;07:35:00;121;ac02 - Acidente com Vítima;638,5;BR-153/GO;Norte;Tombamento;1;1;1;;;;1
31/08/2017;09:46:00;221;ac02 - Acidente com Vítima;79,2;BR-060/GO;Sul;Colisão Traseira;1;1;3;1;;;2
31/08/2017;15:34:00;442;sem vítima;143,9;BR-153/MG;Sul;Engavetamento;5;6;;;;;1
31/08/2017;20:07:00;659;sem vítima;818,001;BR-262/MG;Oeste;Atropelamento de Animal;1;1;;;;;1
31/08/2017;20:28:00;667;sem vítima;439,1;BR-262/MG;Leste;Atropelamento de Animal;1;1;;;;;1
02/09/2017;14:42:00;297;ac02 - Acidente com Vítima;100;BR-060/GO;Sul;Colisão Traseira;1;1;1;;;;1
02/09/2017;18:23:00;416;sem vítima;361;BR-262/MG;Oeste;Atropelamento de Animal;1;1;;;;;1
02/09/2017;00:33:00;13;ac02 - Acidente com Vítima;386,4;BR-262/MG;Oeste;Tombamento;1;0;;1;;;2
02/09/2017;02:29:00;38;sem vítima;391,98;BR-262/MG;Leste;Colisão Traseira;2;2;;;;;1
02/09/2017;20:32:00;468;sem vítima;509,175;BR-153/GO;Sul;Colisão Traseira;1;2;;;;;1
02/09/2017;19:39:00;439;sem vítima;520,75;BR-153/GO;Norte;Tombamento;1;3;;;;;1
02/09/2017;01:40:00;27;sem vítima;595;BR-153/GO;Sul;Colisão Lateral;1;4;;;;;1
03/09/2017;11:26:00;213;sem vítima;94,2;BR-153/MG;Sul;Colisão Lateral;2;2;;;;;1
03/09/2017;21:28:00;538;sem vítima;448,513;BR-262/MG;Leste;Atropelamento de Animal;1;2;;;;;1
03/09/2017;17:01:00;394;ac02 - Acidente com Vítima;498,1;BR-153/GO;Sul;Queda de Moto;1;2;;;1;;2
04/09/2017;10:41:00;237;sem vítima;500,5;BR-153/GO;Sul;Colisão Traseira;1;3;;;;;1
04/09/2017;09:13:00;163;sem vítima;505,368;BR-153/GO;Norte;Engavetamento;1;3;;;;;1
04/09/2017;11:22:00;263;sem vítima;516,336;BR-153/GO;Sul;Colisão Transversal;1;2;;;;;1
04/09/2017;22:50:00;601;sem vítima;594,5;BR-153/GO;Sul;Atropelamento de Animal;1;1;;;;;1
05/09/2017;21:24:00;544;sem vítima;58,799;BR-153/MG;Norte;Colisão Traseira;2;2;;;;;1
05/09/2017;02:45:00;37;sem vítima;364,5;BR-262/MG;Leste;Atropelamento de Animal;1;1;;;;;1
05/09/2017;02:49:00;39;ac02 - Acidente com Vítima;466,055;BR-262/MG;Leste;Colisão Traseira;1;0;2;;;;1
05/09/2017;07:59:00;126;sem vítima;509,5;BR-153/GO;Sul;Colisão Lateral;1;2;;;;;1
05/09/2017;04:06:00;54;sem vítima;635,685;BR-153/GO;Norte;Saida de Pista;1;1;;;;;1
05/09/2017;15:07:00;350;ac02 - Acidente com Vítima;694,035;BR-262/MG;Oeste;Engavetamento;2;2;1;;;;1
06/09/2017;14:46:00;369;sem vítima;234;BR-153/MG;Sul;Colisão Traseira;3;3;;;;;1
06/09/2017;11:07:00;260;ac02 - Acidente com Vítima;483;BR-262/MG;Oeste;Colisão Frontal;1;1;;1;;;2
06/09/2017;12:20:00;290;sem vítima;498,5;BR-153/GO;Norte;Colisão Traseira;2;2;;;;;1
06/09/2017;21:16:00;608;ac02 - Acidente com Vítima;818;BR-262/MG;Leste;Colisão Traseira;1;1;3;;1;;2
07/09/2017;21:15:00;699;sem vítima;511,009;BR-262/MG;Oeste;Tombamento;1;2;;;;;1
07/09/2017;20:04:00;670;sem vítima;557,399;BR-153/GO;Norte;Colisão Traseira;2;2;;;;;1
08/09/2017;07:21:00;126;sem vítima;6,8;BR-153/MG;Sul;Tombamento;1;1;;;;;1
08/09/2017;17:57:00;549;ac02 - Acidente com Vítima;31,5;BR-060/GO;Sul;Colisão Traseira;1;1;;1;;;2
08/09/2017;18:26:00;572;ac02 - Acidente com Vítima;89,799;BR-060/GO;Sul;Colisão Traseira;1;4;1;;;;1
08/09/2017;10:06:00;237;sem vítima;132,199;BR-060/GO;Norte;Colisão Traseira;1;3;;;;;1
08/09/2017;09:00:00;194;ac02 - Acidente com Vítima;239,9;BR-153/MG;Norte;Colisão Frontal;1;1;;1;;;2
08/09/2017;22:07:00;675;ac02 - Acidente com Vítima;454,1;BR-262/MG;Leste;Saida de Pista;1;3;2;;;;1
11/09/2017;09:18:00;254;ac02 - Acidente com Vítima;703,5;BR-153/GO;Sul;Colisão Transversal;1;0;2;1;;;2
12/09/2017;07:57:00;125;sem vítima;494,645;BR-153/GO;Sul;Colisão Lateral;1;2;;;;;1
13/09/2017;10:24:00;211;sem vítima;9,253;BR-060/DF;Norte;Colisão Lateral;1;2;;;;;1
13/09/2017;07:08:00;99;sem vítima;129,3;BR-060/GO;Sul;Colisão Lateral;1;2;;;;;1
13/09/2017;16:13:00;421;ac02 - Acidente com Vítima;620,413;BR-262/MG;Leste;Capotamento;1;1;4;;;;1
14/09/2017;05:33:00;71;sem vítima;21,123;BR-153/MG;Sul;Colisão Traseira;2;2;;;;;1
14/09/2017;22:53:00;610;sem vítima;476;BR-262/MG;Leste;Colisão Lateral;1;2;;;;;1
14/09/2017;04:05:00;54;ac02 - Acidente com Vítima;545,5;BR-262/MG;Leste;Tombamento;1;0;1;;;;1
14/09/2017;16:21:00;417;sem vítima;642,7;BR-262/MG;Leste;Colisão Traseira;1;2;;;;;1
15/09/2017;08:04:00;145;sem vítima;13,599;BR-060/GO;Sul;Colisão Traseira;1;2;;;;;1
15/09/2017;07:02:00;101;sem vítima;42,922;BR-060/GO;Norte;Choque - Veiculo parado na pista;1;1;;;;;1
15/09/2017;07:56:00;138;ac02 - Acidente com Vítima;151,2;BR-153/MG;Sul;Colisão Transversal;1;33;3;;;;1
15/09/2017;13:25:00;346;sem vítima;361,2;BR-262/MG;Leste;Colisão Transversal;1;2;;;;;1
15/09/2017;11:42:00;306;sem vítima;623,8;BR-153/GO;Norte;Choque - Veiculo parado na pista;1;2;;;;;1
15/09/2017;17:40:00;539;sem vítima;685;BR-153/GO;Norte;Colisão Traseira;2;2;;;;;1
16/09/2017;22:52:00;689;sem vítima;3,5;BR-153/MG;Norte;Colisão Traseira;2;2;;;;;1
16/09/2017;12:47:00;371;ac02 - Acidente com Vítima;33,531;BR-060/GO;Norte;Colisão Traseira;1;1;1;;;;1
16/09/2017;12:05:00;344;sem vítima;96,167;BR-060/GO;Sul;Queda de Moto;1;2;;;;;1
16/09/2017;07:00:00;138;sem vítima;147,3;BR-153/MG;Norte;Colisão Frontal;2;2;;;;;1
16/09/2017;17:55:00;584;ac02 - Acidente com Vítima;398;BR-262/MG;Oeste;Colisão Transversal;1;3;1;1;;;2
16/09/2017;00:37:00;20;ac02 - Acidente com Vítima;408,2;BR-262/MG;Leste;Capotamento;1;2;;1;;;2
16/09/2017;08:52:00;210;ac02 - Acidente com Vítima;484,4;BR-262/MG;Leste;Colisão Transversal;1;1;1;;;;1
17/09/2017;00:54:00;17;sem vítima;229;BR-153/MG;Sul;Atropelamento de Animal;1;1;;;;;1
17/09/2017;11:26:00;237;ac02 - Acidente com Vítima;437,15;BR-262/MG;Oeste;Colisão Traseira;1;1;1;;;;1
17/09/2017;00:46:00;15;ac02 - Acidente com Vítima;504,855;BR-153/GO;Sul;Colisão Traseira;1;1;;1;1;;2
17/09/2017;22:22:00;580;sem vítima;521;BR-153/GO;Norte;Colisão Lateral;1;6;;;;;1
17/09/2017;00:13:00;6;sem vítima;557,12;BR-153/GO;Norte;Colisão Traseira;1;2;;;;;1
18/09/2017;12:21:00;312;ac02 - Acidente com Vítima;107;BR-060/GO;Norte;Colisão Lateral;2;2;1;;;;1
18/09/2017;16:15:00;447;ac01 - Acidente com Vítima Fatal;616,5;BR-153/GO;Sul;Tombamento;1;0;;;;1;3
18/09/2017;13:35:00;349;sem vítima;620,001;BR-153/GO;Sul;Colisão Traseira;2;2;;;;;1
19/09/2017;07:16:00;125;ac02 - Acidente com Vítima;78,8;BR-153/MG;Sul;Tombamento;1;0;1;;;;1
19/09/2017;22:54:00;686;sem vítima;627,512;BR-153/GO;Norte;Tombamento;1;1;;;;;1
20/09/2017;03:48:00;58;sem vítima;135,492;BR-060/GO;Sul;Colisão Lateral;2;2;;;;;1
20/09/2017;16:25:00;511;ac02 - Acidente com Vítima;511;BR-153/GO;Norte;Choque - Veiculo parado na pista;1;1;1;;;;1
20/09/2017;01:56:00;28;sem vítima;519,28;BR-153/GO;Norte;Tombamento;1;1;;;;;1
20/09/2017;11:40:00;327;ac02 - Acidente com Vítima;716,841;BR-262/MG;Oeste;Colisão Transversal;2;0;2;;;;1
20/09/2017;10:57:00;290;ac02 - Acidente com Vítima;802;BR-262/MG;Oeste;Tombamento;1;1;;1;;;2
20/09/2017;23:34:00;719;ac02 - Acidente com Vítima;912,3;BR-262/MG;Oeste;Colisão Lateral;2;0;2;1;;;2
21/09/2017;05:39:00;69;sem vítima;3,8;BR-153/MG;Sul;Carreta deu L;1;1;;;;;1
21/09/2017;11:48:00;260;sem vítima;21,8;BR-153/MG;Norte;Colisão Lateral;1;2;;;;;1
21/09/2017;16:53:00;440;sem vítima;128,199;BR-153/MG;Sul;Colisão Traseira;2;2;;;;;1
21/09/2017;07:41:00;110;sem vítima;154,998;BR-153/MG;Norte;Colisão Traseira;2;2;;;;;1
21/09/2017;04:01:00;52;sem vítima;386,946;BR-262/MG;Leste;Tombamento;1;1;;;;;1
21/09/2017;06:19:00;85;ac02 - Acidente com Vítima;419;BR-262/MG;Leste;Colisão Traseira;1;1;;1;;;2
21/09/2017;16:30:00;426;sem vítima;490,5;BR-262/MG;Oeste;Colisão Lateral;1;4;;;;;1
21/09/2017;06:15:00;83;sem vítima;562,7;BR-153/GO;Norte;Colisão Traseira;1;2;;;;;1
21/09/2017;00:15:00;3;sem vítima;592,1;BR-153/GO;Sul;Tombamento;1;1;;;;;1
22/09/2017;07:09:00;114;ac02 - Acidente com Vítima;80,75;BR-153/MG;Sul;Saida de Pista;1;0;1;;;;1
22/09/2017;08:27:00;147;ac02 - Acidente com Vítima;481;BR-262/MG;Leste;Colisão Traseira;1;1;1;;;;1
22/09/2017;05:04:00;73;sem vítima;553;BR-153/GO;Norte;Colisão Traseira;2;2;;;;;1
25/09/2017;11:53:00;224;sem vítima;113,054;BR-060/GO;Norte;Colisão Traseira;1;3;;;;;1
25/09/2017;19:24:00;450;sem vítima;495;BR-153/GO;Sul;Colisão Lateral;1;2;;;;;1
25/09/2017;05:35:00;53;ac02 - Acidente com Vítima;503,589;BR-153/GO;Norte;Colisão Traseira;1;9;1;1;;;2
25/09/2017;00:40:00;8;ac02 - Acidente com Vítima;567,392;BR-262/MG;Oeste;Tombamento;1;0;1;;;;1
26/09/2017;23:23:00;569;ac02 - Acidente com Vítima;44,899;BR-153/MG;Sul;Colisão Traseira;2;2;1;;;;1
26/09/2017;11:12:00;238;ac02 - Acidente com Vítima;59,7;BR-153/MG;Norte;Colisão Traseira;1;8;1;;;;1
26/09/2017;14:34:00;334;sem vítima;544,5;BR-262/MG;Leste;Tombamento;1;1;;;;;1
27/09/2017;11:34:00;341;ac02 - Acidente com Vítima;107,85;BR-153/MG;Norte;Capotamento;1;1;1;;;;1
27/09/2017;08:25:00;166;sem vítima;111,316;BR-060/GO;Norte;Choque - Elemento de Drenagem;1;1;;;;;1
27/09/2017;13:57:00;417;sem vítima;115,539;BR-060/GO;Norte;"Choque - Defensa, barreira ou ""submarino""";1;1;;;;;1
27/09/2017;11:36:00;344;ac02 - Acidente com Vítima;459,4;BR-262/MG;Leste;Engavetamento;4;9;1;;1;;2
27/09/2017;16:22:00;499;ac02 - Acidente com Vítima;736,9;BR-262/MG;Leste;Colisão Transversal;1;1;;1;1;;2
27/09/2017;13:45:00;410;ac02 - Acidente com Vítima;845,5;BR-262/MG;Oeste;Choque - Talude;1;0;1;;;;1
28/09/2017;20:09:00;627;ac02 - Acidente com Vítima;92,772;BR-060/GO;Sul;Colisão Lateral;1;1;2;;;;1
28/09/2017;23:04:00;681;ac02 - Acidente com Vítima;485,32;BR-262/MG;Leste;Tombamento;1;0;1;;;;1
29/09/2017;01:31:00;20;ac02 - Acidente com Vítima;5;BR-060/DF;Sul;Saida de Pista;1;0;1;;;;1
29/09/2017;19:49:00;533;sem vítima;58;BR-153/MG;Sul;Saida de Pista;1;1;;;;;1
29/09/2017;02:47:00;35;sem vítima;485,9;BR-262/MG;Oeste;Tombamento;1;1;;;;;1
29/09/2017;12:48:00;299;ac02 - Acidente com Vítima;514,3;BR-153/GO;Sul;Queda de Moto;1;1;1;;;;1
30/09/2017;11:21:00;248;ac02 - Acidente com Vítima;437,5;BR-262/MG;Leste;Tombamento;1;1;2;;;;1
30/09/2017;18:08:00;436;ac02 - Acidente com Vítima;549,6;BR-262/MG;Leste;Saida de Pista;1;3;;1;;;2
30/09/2017;12:48:00;289;sem vítima;594,48;BR-262/MG;Leste;"Choque - Defensa, barreira ou ""submarino""";1;1;;;;;1
30/09/2017;15:05:00;356;sem vítima;595,6;BR-262/MG;Oeste;Tombamento;1;1;;;;;1
30/09/2017;02:50:00;41;sem vítima;611;BR-262/MG;Oeste;Saida de Pista;1;1;;;;;1
30/09/2017;01:42:00;30;ac02 - Acidente com Vítima;611,5;BR-262/MG;Oeste;Tombamento;1;0;1;;;;1
30/09/2017;10:18:00;219;sem vítima;643,2;BR-262/MG;Oeste;Tombamento;1;1;;;;;1
30/09/2017;14:25:00;337;sem vítima;748,1;BR-262/MG;Leste;Colisão Traseira;2;2;;;;;1
01/10/2017;00:35:00;7;ac02 - Acidente com Vítima;558,059;BR-153/GO;Norte;Colisão Traseira;2;2;1;;;;1
01/10/2017;17:50:00;523;ac02 - Acidente com Vítima;439,1;BR-262/MG;Leste;Colisão Traseira;1;1;;1;;;2
02/10/2017;06:53:00;96;sem vítima;505,373;BR-153/GO;Norte;Colisão Traseira;1;2;;;;;1
02/10/2017;07:52:00;127;sem vítima;792,763;BR-262/MG;Leste;Capotamento;1;2;;;;;1
02/10/2017;07:58:00;131;sem vítima;575;BR-262/MG;Leste;Colisão Lateral;1;2;;;;;1
02/10/2017;11:23:00;270;ac01 - Acidente com Vítima Fatal;188;BR-153/MG;Sul;Choque - Talude;1;0;;;;1;3
02/10/2017;13:33:00;349;ac02 - Acidente com Vítima;508,614;BR-153/GO;Sul;Colisão Traseira;1;0;2;;;;1
02/10/2017;14:35:00;383;sem vítima;517;BR-153/GO;Norte;Choque - Elemento de Drenagem;1;1;;;;;1
02/10/2017;14:43:00;389;sem vítima;116,149;BR-060/GO;Norte;Tombamento;1;1;;;;;1
02/10/2017;14:43:00;429;sem vítima;116,149;BR-060/GO;Norte;Saida de Pista;1;1;;;;;1
02/10/2017;17:00:00;462;sem vítima;575;BR-262/MG;Leste;Tombamento;1;1;;;;;1
02/10/2017;17:37:00;488;sem vítima;511;BR-153/GO;Sul;"Choque - Defensa, barreira ou ""submarino""";1;2;;;;;1
02/10/2017;19:18:00;552;sem vítima;96;BR-060/GO;Norte;Colisão Lateral;1;2;;;;;1
02/10/2017;22:42:00;635;sem vítima;89,1;BR-153/MG;Sul;Colisão Traseira;2;2;;;;;1
03/10/2017;01:29:00;17;sem vítima;90,9;BR-153/MG;Sul;Saida de Pista;1;1;;;;;1
03/10/2017;06:24:00;69;ac02 - Acidente com Vítima;866;BR-262/MG;Oeste;Tombamento;1;1;1;;;;1