data;horario;n_da_ocorrencia;tipo_de_ocorrencia;km;trecho;sentido;tipo_de_acidente;caminhao;ilesos;levemente_feridos;moderadamente_feridos;gravemente_feridos;mortos;3
03/10/2017;07:43:00;98;sem vítima;594,2;BR-262/MG;Leste;Colisão Traseira;1;2;;;;;1
03/10/2017;08:34:00;131;sem vítima;574,002;BR-262/MG;Leste;Colisão Lateral;1;2;;;;;1
03/10/2017;09:49:00;182;ac02 - Acidente com Vítima;530,904;BR-262/MG;Oeste;Choque - Arvore;1;0;2;;;;1
03/10/2017;10:59:00;219;sem vítima;549,001;BR-262/MG;Leste;Tombamento;1;1;;;;;1
03/10/2017;17:27:00;398;ac02 - Acidente com Vítima;372,076;BR-262/MG;Leste;Colisão Transversal;1;1;;2;;;2
03/10/2017;22:49:00;535;sem vítima;631,1;BR-153/GO;Sul;Tombamento;1;1;;;;;1
04/10/2017;15:27:00;443;sem vítima;21,3;BR-060/GO;Sul;"Choque - Defensa, barreira ou ""submarino""";1;2;;;;;1
04/10/2017;15:31:00;446;sem vítima;15;BR-060/GO;Sul;Queda de Moto;1;2;;;;;1
04/10/2017;17:04:00;500;sem vítima;74,3;BR-060/GO;Norte;Tombamento;1;1;;;;;1
05/10/2017;01:34:00;25;sem vítima;17,399;BR-153/MG;Sul;Saida de Pista;1;1;;;;;1
05/10/2017;09:16:00;218;ac02 - Acidente com Vítima;665;BR-262/MG;Leste;Tombamento;1;0;1;;;;1
05/10/2017;11:32:00;366;sem vítima;4,7;BR-060/DF;Sul;Colisão Traseira;1;4;;;;;1
05/10/2017;12:23:00;397;sem vítima;5,05;BR-060/DF;Sul;Colisão Lateral;1;2;;;;;1
05/10/2017;16:26:00;605;sem vítima;610;BR-262/MG;Leste;Engavetamento;1;3;;;;;1
06/10/2017;09:27:00;237;sem vítima;616,7;BR-262/MG;Leste;Colisão Traseira;1;2;;;;;1
06/10/2017;09:53:00;247;ac02 - Acidente com Vítima;407;BR-262/MG;Leste;Colisão Traseira;1;1;1;;;;1
06/10/2017;20:48:00;710;sem vítima;697;BR-153/GO;Sul;Colisão Lateral;1;2;;;;;1
07/10/2017;03:44:00;69;ac02 - Acidente com Vítima;195,001;BR-153/MG;Sul;Tombamento;1;0;1;;;;1
07/10/2017;09:57:00;191;sem vítima;553;BR-262/MG;Leste;Tombamento;1;1;;;;;1
07/10/2017;11:16:00;234;ac02 - Acidente com Vítima;635,2;BR-262/MG;Oeste;Colisão Lateral;1;1;1;;;;1
07/10/2017;13:05:00;298;ac02 - Acidente com Vítima;57,899;BR-153/MG;Norte;Tombamento;1;0;1;;;;1
07/10/2017;16:27:00;392;ac02 - Acidente com Vítima;17,684;BR-060/GO;Norte;Atropelamento - Ciclista;1;1;1;;;;1
07/10/2017;17:57:00;440;ac02 - Acidente com Vítima;568,5;BR-262/MG;Leste;Tombamento;1;0;1;;;;1
08/10/2017;12:36:00;298;sem vítima;553;BR-153/GO;Norte;Colisão Traseira;1;5;;;;;1
08/10/2017;13:46:00;332;ac01 - Acidente com Vítima Fatal;533,9;BR-262/MG;Leste;Colisão Frontal;1;1;;;;1;3
08/10/2017;18:34:00;496;ac02 - Acidente com Vítima;382;BR-262/MG;Oeste;"Choque - Defensa, barreira ou ""submarino""";1;0;;;1;;2
08/10/2017;23:21:00;614;ac02 - Acidente com Vítima;364,347;BR-262/MG;Oeste;Tombamento;1;0;1;;;;1
09/10/2017;07:25:00;152;sem vítima;58,4;BR-153/MG;Norte;Colisão Lateral;1;3;;;;;1
09/10/2017;10:43:00;292;ac02 - Acidente com Vítima;491,442;BR-153/GO;Norte;Atropelamento - Outros;1;1;1;;;;1
09/10/2017;15:14:00;492;sem vítima;674;BR-153/GO;Norte;Choque - Objeto sobre a pista;1;2;;;;;1
10/10/2017;08:07:00;165;ac02 - Acidente com Vítima;501,301;BR-262/MG;Oeste;Colisão Traseira;1;1;1;;;;1
10/10/2017;13:00:00;366;sem vítima;46,5;BR-153/MG;Norte;Colisão Lateral;1;2;;;;;1
10/10/2017;14:39:00;421;ac02 - Acidente com Vítima;696;BR-153/GO;Sul;Colisão Traseira;1;1;;1;;;2
11/10/2017;05:27:00;92;sem vítima;527,222;BR-153/GO;Norte;Colisão Traseira;2;2;;;;;1
11/10/2017;09:04:00;210;sem vítima;365;BR-262/MG;Oeste;Tombamento;1;2;;;;;1
11/10/2017;15:01:00;428;sem vítima;96;BR-060/GO;Sul;Colisão Traseira;1;2;;;;;1
11/10/2017;16:31:00;494;sem vítima;471;BR-262/MG;Leste;Colisão Traseira;1;3;;;;;1
12/10/2017;08:05:00;205;sem vítima;663,7;BR-153/GO;Sul;Colisão Traseira;1;3;;;;;1
12/10/2017;09:51:00;277;ac02 - Acidente com Vítima;107;BR-060/GO;Sul;Engavetamento;2;5;;1;1;;2
12/10/2017;14:10:00;407;sem vítima;701;BR-262/MG;Oeste;Colisão Traseira;1;3;;;;;1
12/10/2017;16:28:00;499;sem vítima;605;BR-262/MG;Leste;Colisão Traseira;1;5;;;;;1
12/10/2017;17:35:00;543;ac02 - Acidente com Vítima;222,1;BR-153/MG;Sul;Saida de Pista;1;0;1;;;;1
13/10/2017;08:58:00;193;sem vítima;59,032;BR-060/GO;Norte;Colisão Lateral;1;6;;;;;1
13/10/2017;17:06:00;560;ac02 - Acidente com Vítima;642,252;BR-153/GO;Norte;Capotamento;1;0;1;;;;1
13/10/2017;19:15:00;635;sem vítima;73,3;BR-060/GO;Norte;Saida de Pista;1;1;;;;;1
13/10/2017;19:34:00;646;sem vítima;881,976;BR-262/MG;Leste;Atropelamento de Animal;1;1;;;;;1
14/10/2017;01:22:00;20;ac02 - Acidente com Vítima;490,001;BR-153/GO;Sul;Colisão Traseira;1;2;1;;;;1
14/10/2017;16:05:00;461;sem vítima;130,577;BR-060/GO;Sul;Colisão Lateral;1;5;;;;;1
14/10/2017;23:09:00;689;ac01 - Acidente com Vítima Fatal;782,87;BR-262/MG;Leste;Colisão Transversal;1;0;1;;;1;3
15/10/2017;14:30:00;321;sem vítima;3,5;BR-060/GO;Norte;Capotamento;1;3;;;;;1
15/10/2017;21:56:00;680;sem vítima;623;BR-153/GO;Norte;Colisão Traseira;1;4;;;;;1
16/10/2017;13:55:00;348;ac02 - Acidente com Vítima;128;BR-060/GO;Sul;Capotamento;1;1;1;;;;1
16/10/2017;14:15:00;357;sem vítima;514,193;BR-153/GO;Sul;Colisão Lateral;2;2;;;;;1
16/10/2017;19:40:00;575;ac02 - Acidente com Vítima;75;BR-153/MG;Norte;Saida de Pista;1;0;1;;;;1
17/10/2017;09:29:00;230;ac02 - Acidente com Vítima;119;BR-060/GO;Norte;Colisão Traseira;1;2;;;1;;2
17/10/2017;20:47:00;674;ac02 - Acidente com Vítima;567,407;BR-262/MG;Leste;Colisão Transversal;1;1;2;;;;1
17/10/2017;23:31:00;752;sem vítima;557,554;BR-153/GO;Norte;Tombamento;1;1;;;;;1
18/10/2017;09:55:00;277;ac02 - Acidente com Vítima;533,471;BR-262/MG;Leste;Choque - Suporte de Sinalização;1;2;;1;;;2
18/10/2017;21:21:00;726;sem vítima;613;BR-153/GO;Norte;Colisão Traseira;1;2;;;;;1
18/10/2017;22:20:00;751;ac01 - Acidente com Vítima Fatal;4,683;BR-060/GO;Norte;Capotamento;1;0;;;;1;3
19/10/2017;05:47:00;81;ac01 - Acidente com Vítima Fatal;683,8;BR-153/GO;Sul;Atropelamento - Usuário;1;4;;;;1;3
19/10/2017;07:34:00;111;sem vítima;552,25;BR-262/MG;Leste;Tombamento;1;1;;;;;1
19/10/2017;09:52:00;201;sem vítima;501,842;BR-153/GO;Sul;Colisão Lateral;1;3;;;;;1
19/10/2017;10:32:00;243;ac02 - Acidente com Vítima;591,4;BR-153/GO;Sul;Capotamento;1;1;1;;;;1
19/10/2017;12:18:00;302;ac02 - Acidente com Vítima;354,776;BR-262/MG;Leste;Colisão Traseira;2;2;1;;;;1
19/10/2017;21:04:00;586;sem vítima;369,197;BR-262/MG;Leste;Colisão Traseira;1;2;;;;;1
20/10/2017;17:29:00;511;ac02 - Acidente com Vítima;121,5;BR-153/MG;Sul;Tombamento;1;0;;;1;;2
20/10/2017;19:00:00;577;ac02 - Acidente com Vítima;506,12;BR-153/GO;Norte;Colisão Traseira;1;1;;1;;;2
20/10/2017;22:34:00;710;sem vítima;505,046;BR-153/GO;Sul;Colisão Traseira;1;2;;;;;1
20/10/2017;23:45:00;734;sem vítima;28;BR-060/GO;Sul;Colisão Traseira;1;3;;;;;1
21/10/2017;09:37:00;254;sem vítima;661,2;BR-153/GO;Norte;Colisão Transversal;2;2;;;;;1
21/10/2017;14:59:00;470;ac02 - Acidente com Vítima;103,454;BR-060/GO;Sul;Colisão Lateral;1;5;;1;;;2
22/10/2017;05:36:00;86;ac02 - Acidente com Vítima;372,165;BR-262/MG;Leste;Colisão Transversal;1;1;2;;;;1
22/10/2017;14:40:00;340;sem vítima;383;BR-262/MG;Oeste;Choque - Elemento de Drenagem;1;1;;;;;1
22/10/2017;16:55:00;434;sem vítima;107,9;BR-060/GO;Norte;Colisão Transversal;1;4;;;;;1
22/10/2017;18:13:00;494;sem vítima;553,613;BR-153/GO;Sul;Engavetamento;1;4;;;;;1
22/10/2017;20:42:00;567;ac02 - Acidente com Vítima;12,215;BR-153/MG;Norte;Colisão Traseira;2;1;;1;;;2
23/10/2017;06:15:00;78;ac02 - Acidente com Vítima;58,296;BR-153/MG;Norte;Colisão Lateral;1;2;1;;;;1
23/10/2017;08:57:00;146;sem vítima;509;BR-153/GO;Norte;Colisão Traseira;1;2;;;;;1
23/10/2017;09:57:00;184;ac01 - Acidente com Vítima Fatal;896,5;BR-262/MG;Leste;Colisão Traseira;1;0;;1;;1;3
23/10/2017;14:55:00;328;sem vítima;575,541;BR-262/MG;Leste;Tombamento;1;1;;;;;1
24/10/2017;02:47:00;39;sem vítima;738,65;BR-262/MG;Oeste;Choque - Arvore;1;1;;;;;1
24/10/2017;10:29:00;252;sem vítima;658,963;BR-153/GO;Sul;Colisão Traseira;2;2;;;;;1
24/10/2017;12:37:00;319;ac02 - Acidente com Vítima;627,5;BR-262/MG;Oeste;Tombamento;1;0;;1;;;2
24/10/2017;13:18:00;338;ac02 - Acidente com Vítima;596;BR-262/MG;Oeste;Colisão Lateral;1;1;1;;;;1
24/10/2017;15:06:00;391;ac02 - Acidente com Vítima;121,4;BR-153/MG;Sul;Colisão Traseira;2;1;2;;;;1
24/10/2017;17:16:00;458;sem vítima;46,8;BR-153/MG;Norte;Choque - Objeto sobre a pista;1;3;;;;;1
24/10/2017;20:42:00;563;ac02 - Acidente com Vítima;78,5;BR-153/MG;Sul;Colisão Lateral;1;0;2;;;;1
25/10/2017;09:12:00;242;sem vítima;562,6;BR-153/GO;Sul;Choque - Veiculo parado no acostamento;1;2;;;;;1
25/10/2017;09:31:00;264;sem vítima;578,5;BR-153/GO;Sul;Choque - Outros;1;1;;;;;1
25/10/2017;18:26:00;663;sem vítima;95,289;BR-060/GO;Norte;Colisão Lateral;1;2;;;;;1
25/10/2017;19:57:00;722;sem vítima;372,968;BR-262/MG;Leste;Atropelamento de Animal;1;1;;;;;1
26/10/2017;16:50:00;638;sem vítima;365,45;BR-262/MG;Leste;Colisão Transversal;1;2;;;;;1
26/10/2017;18:06:00;710;sem vítima;31,7;BR-153/MG;Sul;Choque - Elemento de Drenagem;1;2;;;;;1
27/10/2017;04:51:00;79;sem vítima;112,909;BR-060/GO;Norte;Colisão Traseira;1;2;;;;;1
27/10/2017;05:57:00;95;ac02 - Acidente com Vítima;555;BR-262/MG;Oeste;Choque - Arvore;1;0;1;;;;1
27/10/2017;06:27:00;100;ac01 - Acidente com Vítima Fatal;133,052;BR-153/MG;Sul;Colisão Frontal;1;0;;1;;1;3
27/10/2017;13:46:00;369;sem vítima;388;BR-262/MG;Oeste;Saida de Pista;1;1;;;;;1
27/10/2017;14:10:00;380;sem vítima;475;BR-262/MG;Oeste;Choque - Objeto sobre a pista;1;1;;;;;1
27/10/2017;16:58:00;481;sem vítima;590,177;BR-262/MG;Leste;Colisão Lateral;1;3;;;;;1
27/10/2017;17:01:00;483;ac02 - Acidente com Vítima;549,45;BR-262/MG;Leste;Colisão Lateral;1;1;1;;;;1
27/10/2017;17:02:00;488;ac02 - Acidente com Vítima;131;BR-153/MG;Sul;Colisão Traseira;3;2;;1;;;2
27/10/2017;18:01:00;519;sem vítima;499,5;BR-153/GO;Sul;Colisão Lateral;1;2;;;;;1
27/10/2017;23:08:00;683;ac02 - Acidente com Vítima;587,25;BR-262/MG;Leste;Choque - Arvore;1;0;;1;;;2
28/10/2017;15:08:00;402;sem vítima;568,4;BR-262/MG;Leste;Capotamento;1;1;;;;;1
28/10/2017;15:43:00;430;sem vítima;213,2;BR-153/MG;Norte;Colisão Traseira;2;2;;;;;1
28/10/2017;19:38:00;555;ac02 - Acidente com Vítima;537;BR-262/MG;Oeste;Colisão Lateral;1;1;2;;;;1
28/10/2017;22:45:00;635;sem vítima;717,971;BR-262/MG;Oeste;Colisão Traseira;2;2;;;;;1
29/10/2017;05:19:00;71;sem vítima;630,899;BR-153/GO;Sul;Tombamento;1;1;;;;;1
29/10/2017;23:14:00;703;sem vítima;20,1;BR-060/DF;Norte;Capotamento;1;2;;;;;1
30/10/2017;08:49:00;181;sem vítima;560,7;BR-153/GO;Norte;Tombamento;1;3;;;;;1
30/10/2017;09:15:00;210;sem vítima;500,5;BR-153/GO;Norte;Colisão Traseira;1;2;;;;;1
30/10/2017;10:15:00;265;ac01 - Acidente com Vítima Fatal;559,3;BR-262/MG;Oeste;Colisão Frontal;2;0;2;;;1;3
30/10/2017;14:27:00;454;sem vítima;703,016;BR-153/GO;Sul;Carreta deu L;1;1;;;;;1
30/10/2017;14:37:00;464;sem vítima;133;BR-060/GO;Sul;Colisão Lateral;2;3;;;;;1
30/10/2017;15:31:00;501;sem vítima;669,3;BR-153/GO;Sul;Choque - Elemento de Drenagem;1;1;;;;;1
30/10/2017;16:34:00;547;ac02 - Acidente com Vítima;480,1;BR-262/MG;Leste;Colisão Lateral;1;2;1;;;;1
30/10/2017;18:30:00;649;sem vítima;136;BR-153/MG;Sul;Saida de Pista;1;3;;;;;1
30/10/2017;18:51:00;660;sem vítima;15,5;BR-153/MG;Sul;Carreta deu L;2;3;;;;;1
31/10/2017;07:50:00;125;ac02 - Acidente com Vítima;548,8;BR-262/MG;Oeste;Tombamento;1;0;1;;;;1
31/10/2017;08:14:00;151;ac02 - Acidente com Vítima;497;BR-153/GO;Sul;Colisão Lateral;1;1;1;;;;1
31/10/2017;08:58:00;174;sem vítima;99,448;BR-060/GO;Sul;Tombamento;1;2;;;;;1
31/10/2017;16:07:00;404;sem vítima;461;BR-262/MG;Leste;Colisão Traseira;2;2;;;;;1
31/10/2017;16:45:00;425;sem vítima;702,6;BR-153/GO;Sul;Tombamento;1;1;;;;;1
31/10/2017;17:07:00;435;sem vítima;219;BR-153/MG;Norte;Saida de Pista;1;1;;;;;1
31/10/2017;23:26:00;630;ac01 - Acidente com Vítima Fatal;360,777;BR-262/MG;Leste;Choque - Veiculo parado na pista;1;1;1;;;1;3
01/11/2017;06:31:00;87;ac02 - Acidente com Vítima;0,8;BR-153/MG;Norte;Tombamento;1;0;1;;;;1
01/11/2017;11:44:00;263;sem vítima;389;BR-262/MG;Leste;Colisão Lateral;1;3;;;;;1
01/11/2017;17:27:00;473;ac01 - Acidente com Vítima Fatal;503,699;BR-153/GO;Sul;Engavetamento;2;2;;;;1;3
01/11/2017;18:13:00;499;sem vítima;179,3;BR-153/MG;Sul;Choque - Arvore;1;1;;;;;1
01/11/2017;21:01:00;597;sem vítima;803;BR-262/MG;Oeste;Colisão Traseira;1;2;;;;;1
01/11/2017;23:23:00;660;sem vítima;687,017;BR-262/MG;Oeste;Saida de Pista;1;1;;;;;1
02/11/2017;06:33:00;122;ac01 - Acidente com Vítima Fatal;662,592;BR-262/MG;Leste;Capotamento;2;3;;1;;1;3
02/11/2017;14:33:00;465;sem vítima;483,5;BR-262/MG;Leste;Colisão Traseira;2;2;;;;;1
02/11/2017;18:10:00;601;sem vítima;75,1;BR-153/MG;Sul;"Choque - Defensa, barreira ou ""submarino""";1;2;;;;;1
02/11/2017;18:34:00;614;sem vítima;59,1;BR-153/MG;Norte;Colisão Traseira;2;2;;;;;1
03/11/2017;17:30:00;539;sem vítima;107,8;BR-060/GO;Norte;Colisão Lateral;1;2;;;;;1
04/11/2017;02:32:00;61;ac02 - Acidente com Vítima;188,001;BR-153/MG;Sul;Choque - Suporte de Sinalização;1;0;1;;;;1
04/11/2017;08:14:00;141;sem vítima;512,5;BR-153/GO;Norte;Colisão Traseira;1;3;;;;;1
04/11/2017;08:51:00;159;ac02 - Acidente com Vítima;590;BR-262/MG;Leste;Colisão Frontal;1;1;2;;;;1
04/11/2017;09:27:00;175;sem vítima;703,2;BR-153/GO;Norte;Colisão Lateral;1;2;;;;;1
04/11/2017;13:49:00;302;ac02 - Acidente com Vítima;557;BR-153/GO;Norte;Tombamento;2;1;1;;;;1
04/11/2017;15:03:00;341;ac02 - Acidente com Vítima;172,35;BR-153/MG;Sul;Colisão Traseira;1;5;;1;;;2
04/11/2017;20:03:00;504;sem vítima;501,101;BR-153/GO;Norte;Colisão Traseira;2;2;;;;;1
05/11/2017;07:40:00;89;sem vítima;526,019;BR-153/GO;Norte;Choque - Elemento de Drenagem;1;1;;;;;1
06/11/2017;05:22:00;80;sem vítima;583,2;BR-153/GO;Norte;Atropelamento de Animal;1;1;;;;;1
06/11/2017;06:41:00;103;sem vítima;108,981;BR-153/MG;Norte;Colisão Transversal;2;2;;;;;1
06/11/2017;10:36:00;286;ac02 - Acidente com Vítima;83,5;BR-153/MG;Sul;Tombamento;1;0;;;1;;2
06/11/2017;22:43:00;739;sem vítima;95,025;BR-060/GO;Norte;Colisão Traseira;1;2;;;;;1
07/11/2017;02:13:00;99;sem vítima;496,025;BR-153/GO;Sul;Colisão Traseira;2;2;;;;;1
07/11/2017;06:56:00;231;sem vítima;459,9;BR-262/MG;Leste;Colisão Traseira;1;2;;;;;1
07/11/2017;08:05:00;284;sem vítima;2,929;BR-060/DF;Norte;Choque - Veiculo parado no acostamento;1;2;;;;;1
07/11/2017;12:27:00;527;sem vítima;705,4;BR-262/MG;Leste;Colisão Traseira;2;2;;;;;1
07/11/2017;15:26:00;661;sem vítima;46,5;BR-153/MG;Sul;Colisão Traseira;1;2;;;;;1
07/11/2017;18:01:00;782;ac02 - Acidente com Vítima;107,8;BR-060/GO;Sul;Colisão Traseira;1;2;5;;;;1
07/11/2017;19:09:00;821;sem vítima;46,533;BR-060/GO;Norte;Tombamento;1;2;;;;;1
08/11/2017;23:11:00;712;ac02 - Acidente com Vítima;577,35;BR-262/MG;Oeste;Colisão Transversal;2;0;2;;;;1
09/11/2017;09:23:00;188;sem vítima;225,3;BR-153/MG;Norte;Colisão Traseira;1;39;;;;;1
09/11/2017;15:15:00;380;sem vítima;595;BR-262/MG;Oeste;Saida de Pista;1;1;;;;;1
09/11/2017;18:28:00;482;sem vítima;548;BR-262/MG;Leste;"Choque - Defensa, barreira ou ""submarino""";1;2;;;;;1
09/11/2017;20:23:00;553;sem vítima;496;BR-153/GO;Sul;Colisão Lateral;1;2;;;;;1
09/11/2017;21:27:00;588;sem vítima;119,98;BR-060/GO;Sul;Saida de Pista;1;1;;;;;1
10/11/2017;13:59:00;382;sem vítima;595,344;BR-262/MG;Leste;Tombamento;1;1;;;;;1
10/11/2017;14:59:00;417;sem vítima;656;BR-262/MG;Leste;Colisão Lateral;1;2;;;;;1
10/11/2017;15:13:00;429;sem vítima;481;BR-262/MG;Oeste;Colisão Traseira;1;2;;;;;1
10/11/2017;15:19:00;433;ac02 - Acidente com Vítima;502,679;BR-153/GO;Norte;Colisão Traseira;1;1;2;;;;1
10/11/2017;16:50:00;495;sem vítima;417,5;BR-262/MG;Leste;Tombamento;1;1;;;;;1
10/11/2017;21:32:00;646;ac01 - Acidente com Vítima Fatal;358,092;BR-262/MG;Leste;Colisão Frontal;1;1;2;;;3;3
10/11/2017;19:40:00;681;sem vítima;587,21;BR-262/MG;Leste;Saida de Pista;1;1;;;;;1
10/11/2017;23:50:00;712;sem vítima;9,352;BR-060/DF;Norte;Saida de Pista;1;1;;;;;1
11/11/2017;06:35:00;92;sem vítima;498,078;BR-153/GO;Norte;"Choque - Defensa, barreira ou ""submarino""";1;1;;;;;1
11/11/2017;18:17:00;515;sem vítima;59,1;BR-153/MG;Sul;Carreta deu L;1;1;;;;;1
11/11/2017;19:28:00;558;sem vítima;210,1;BR-153/MG;Sul;Saida de Pista;2;2;;;;;1
12/11/2017;06:32:00;103;sem vítima;17,2;BR-153/MG;Sul;Carreta deu L;1;1;;;;;1
13/11/2017;04:55:00;68;ac02 - Acidente com Vítima;490;BR-153/GO;Norte;Colisão Traseira;1;1;1;;;;1
13/11/2017;15:31:00;418;sem vítima;874,34;BR-262/MG;Leste;Saida de Pista;1;1;;;;;1
13/11/2017;19:23:00;574;sem vítima;510;BR-153/GO;Norte;Colisão Traseira;1;3;;;;;1
13/11/2017;19:56:00;598;sem vítima;496,6;BR-153/GO;Norte;Colisão Transversal;1;2;;;;;1
13/11/2017;22:22:00;672;ac02 - Acidente com Vítima;700,134;BR-153/GO;Sul;Colisão Traseira;2;1;2;;;;1
14/11/2017;15:29:00;507;ac01 - Acidente com Vítima Fatal;510,357;BR-153/GO;Sul;Atropelamento - Usuário;1;2;;;;1;3
14/11/2017;15:39:00;511;ac02 - Acidente com Vítima;112,06;BR-060/GO;Norte;Colisão Traseira;2;2;;;1;;2
14/11/2017;19:02:00;656;sem vítima;2,4;BR-060/DF;Sul;Colisão Lateral;1;2;;;;;1
15/11/2017;17:13:00;521;sem vítima;76,001;BR-153/MG;Norte;Tombamento;1;1;;;;;1
16/11/2017;07:15:00;92;sem vítima;513,5;BR-153/GO;Sul;Colisão Traseira;1;2;;;;;1
16/11/2017;10:05:00;203;ac02 - Acidente com Vítima;222;BR-153/MG;Sul;Choque - Arvore;1;0;1;;;;1
16/11/2017;23:05:00;631;sem vítima;148,4;BR-153/MG;Norte;Atropelamento de Animal;1;1;;;;;1
17/11/2017;12:44:00;302;sem vítima;100,5;BR-060/GO;Sul;Colisão Traseira;2;2;;;;;1
17/11/2017;16:32:00;427;sem vítima;849,1;BR-262/MG;Leste;Tombamento;1;1;;;;;1
17/11/2017;22:11:00;619;sem vítima;437;BR-262/MG;Leste;Choque - Outros;1;2;;;;;1
17/11/2017;22:49:00;638;ac02 - Acidente com Vítima;58;BR-153/MG;Norte;Tombamento;1;0;2;;;;1
17/11/2017;22:51:00;639;ac02 - Acidente com Vítima;520,178;BR-262/MG;Leste;Engavetamento;4;3;;1;;;2
18/11/2017;01:27:00;18;ac02 - Acidente com Vítima;124,4;BR-153/MG;Sul;Saida de Pista;1;1;;1;;;2
18/11/2017;02:01:00;26;ac02 - Acidente com Vítima;361;BR-262/MG;Leste;Colisão Traseira;1;1;5;;;;1
18/11/2017;08:32:00;169;sem vítima;465;BR-262/MG;Leste;Carreta deu L;1;1;;;;;1
19/11/2017;10:54:00;270;ac02 - Acidente com Vítima;592;BR-153/GO;Norte;Colisão Traseira;2;1;1;;;;1
19/11/2017;12:52:00;336;sem vítima;632,9;BR-262/MG;Oeste;Tombamento;1;2;;;;;1
19/11/2017;16:27:00;455;sem vítima;44,7;BR-153/MG;Norte;Colisão Lateral;1;3;;;;;1
19/11/2017;17:55:00;500;sem vítima;608,001;BR-262/MG;Leste;Choque - Talude;1;2;;;;;1
19/11/2017;19:04:00;530;sem vítima;61,05;BR-153/MG;Sul;Saida de Pista;1;1;;;;;1
20/11/2017;07:25:00;111;sem vítima;76,5;BR-153/MG;Norte;"Choque - Defensa, barreira ou ""submarino""";1;1;;;;;1
20/11/2017;20:02:00;514;sem vítima;364;BR-262/MG;Leste;Colisão Lateral;1;2;;;;;1
20/11/2017;20:15:00;525;sem vítima;364;BR-262/MG;Leste;Colisão Traseira;2;2;;;;;1
20/11/2017;22:31:00;569;sem vítima;1,873;BR-153/MG;Sul;Tombamento;1;1;;;;;1
21/11/2017;01:15:00;20;ac02 - Acidente com Vítima;483,4;BR-262/MG;Leste;Colisão Traseira;2;1;1;;;;1
21/11/2017;05:27:00;68;ac02 - Acidente com Vítima;427,3;BR-262/MG;Leste;Colisão Traseira;2;1;;1;;;2
21/11/2017;08:08:00;128;sem vítima;58;BR-153/MG;Norte;Tombamento;1;1;;;;;1
21/11/2017;08:30:00;140;sem vítima;400;BR-262/MG;Leste;Colisão Traseira;1;2;;;;;1
21/11/2017;12:47:00;256;sem vítima;101,212;BR-060/GO;Norte;Colisão Traseira;1;2;;;;;1
21/11/2017;17:51:00;406;ac01 - Acidente com Vítima Fatal;594,25;BR-262/MG;Leste;Colisão Transversal;1;0;1;;;1;3
21/11/2017;20:19:00;468;sem vítima;2;BR-153/MG;Sul;Colisão Lateral;1;2;;;;;1
21/11/2017;21:47:00;500;sem vítima;630,3;BR-153/GO;Sul;Colisão Traseira;2;2;;;;;1
22/11/2017;02:38:00;29;ac02 - Acidente com Vítima;497,501;BR-153/GO;Norte;Choque - Poste;1;0;1;;;;1
22/11/2017;03:34:00;44;sem vítima;605;BR-262/MG;Leste;Saida de Pista;1;1;;;;;1
22/11/2017;03:08:00;55;sem vítima;497,501;BR-153/GO;Norte;Carreta deu L;1;1;;;;;1
22/11/2017;05:32:00;70;sem vítima;497;BR-153/GO;Sul;Colisão Traseira;1;2;;;;;1
22/11/2017;11:20:00;285;sem vítima;553;BR-262/MG;Leste;Colisão Lateral;2;2;;;;;1
22/11/2017;12:23:00;326;sem vítima;57,4;BR-153/MG;Sul;Colisão Traseira;1;6;;;;;1
22/11/2017;13:54:00;367;sem vítima;503,405;BR-153/GO;Sul;Colisão Traseira;1;3;;;;;1
22/11/2017;18:14:00;521;ac02 - Acidente com Vítima;531;BR-262/MG;Leste;Colisão Traseira;1;1;1;;;;1
23/11/2017;14:03:00;443;sem vítima;0,8;BR-153/MG;Sul;Colisão Transversal;1;5;;;;;1
23/11/2017;18:54:00;618;sem vítima;759,272;BR-262/MG;Oeste;Colisão Traseira;2;2;;;;;1
23/11/2017;23:14:00;737;sem vítima;738,162;BR-262/MG;Leste;Saida de Pista;1;1;;;;;1
24/11/2017;14:24:00;411;ac02 - Acidente com Vítima;617,8;BR-262/MG;Leste;Tombamento;1;0;1;;;;1
24/11/2017;17:20:00;506;sem vítima;30;BR-060/DF;Norte;Tombamento;1;1;;;;;1
24/11/2017;17:37:00;514;sem vítima;505;BR-153/GO;Sul;Colisão Lateral;1;2;;;;;1
25/11/2017;11:09:00;356;sem vítima;135,153;BR-060/GO;Norte;Colisão Traseira;1;2;;;;;1
25/11/2017;14:06:00;451;sem vítima;496;BR-153/GO;Sul;Colisão Traseira;1;2;;;;;1
25/11/2017;17:36:00;571;sem vítima;583,7;BR-153/GO;Norte;Saida de Pista;1;1;;;;;1
25/11/2017;20:49:00;665;ac02 - Acidente com Vítima;509,8;BR-153/GO;Sul;Colisão Lateral;1;2;1;;;;1
26/11/2017;11:03:00;271;ac02 - Acidente com Vítima;42,287;BR-153/MG;Sul;Tombamento;1;2;1;;;;1
26/11/2017;11:39:00;284;sem vítima;57,001;BR-153/MG;Sul;Carreta deu L;1;1;;;;;1
26/11/2017;18:45:00;514;ac02 - Acidente com Vítima;546,788;BR-262/MG;Leste;Tombamento;1;0;1;;;;1
26/11/2017;23:17:00;630;ac02 - Acidente com Vítima;547,298;BR-262/MG;Leste;Tombamento;2;1;1;;;;1
27/11/2017;12:14:00;397;ac02 - Acidente com Vítima;519,6;BR-153/GO;Norte;Tombamento;1;0;1;;;;1
27/11/2017;17:22:00;631;sem vítima;503,8;BR-153/GO;Sul;Colisão Traseira;1;1;;;;;1
28/11/2017;08:01:00;106;ac02 - Acidente com Vítima;496;BR-153/GO;Sul;Queda de Moto;1;1;;;1;;2