data;horario;n_da_ocorrencia;tipo_de_ocorrencia;km;trecho;sentido;tipo_de_acidente;caminhao;ilesos;levemente_feridos;moderadamente_feridos;gravemente_feridos;mortos;3
28/11/2017;15:32:00;444;sem vítima;126;BR-060/GO;Norte;Choque - Veiculo parado no acostamento;2;2;;;;;1
28/11/2017;15:41:00;451;sem vítima;107;BR-060/GO;Norte;Colisão Traseira;1;2;;;;;1
28/11/2017;21:11:00;673;ac02 - Acidente com Vítima;58,235;BR-153/MG;Sul;Tombamento;1;5;1;;;;1
29/11/2017;04:18:00;69;ac02 - Acidente com Vítima;569,8;BR-262/MG;Leste;Tombamento;1;1;;1;;;2
29/11/2017;09:22:00;226;ac02 - Acidente com Vítima;42,2;BR-153/MG;Norte;Tombamento;1;0;;1;;;2
29/11/2017;14:50:00;455;ac01 - Acidente com Vítima Fatal;674,875;BR-262/MG;Leste;Capotamento;1;0;;;;1;3
29/11/2017;15:36:00;482;sem vítima;609;BR-153/GO;Norte;Carreta deu L;1;1;;;;;1
29/11/2017;16:09:00;497;sem vítima;22;BR-060/GO;Norte;Tombamento;1;1;;;;;1
29/11/2017;17:08:00;534;sem vítima;516,6;BR-153/GO;Sul;Carreta deu L;1;1;;;;;1
29/11/2017;17:14:00;535;sem vítima;517,4;BR-153/GO;Sul;Tombamento;1;1;;;;;1
29/11/2017;18:20:00;578;ac02 - Acidente com Vítima;3;BR-153/MG;Norte;Colisão Lateral;1;1;1;;;;1
29/11/2017;19:41:00;630;sem vítima;663;BR-262/MG;Leste;Colisão Traseira;1;2;;;;;1
29/11/2017;21:12:00;676;ac02 - Acidente com Vítima;598,399;BR-153/GO;Sul;Choque - Talude;1;0;1;;;;1
29/11/2017;23:16:00;727;sem vítima;524,7;BR-153/GO;Norte;Colisão Traseira;2;2;;;;;1
29/11/2017;23:32:00;734;ac02 - Acidente com Vítima;74;BR-060/GO;Sul;Choque - Elemento de Drenagem;1;0;1;;;;1
30/11/2017;07:13:00;100;sem vítima;99;BR-060/GO;Sul;Choque - Talude;1;1;;;;;1
30/11/2017;08:40:00;195;sem vítima;56,922;BR-060/GO;Sul;Choque - Veiculo parado no acostamento;2;7;;;;;1
30/11/2017;10:30:00;309;sem vítima;617,4;BR-153/GO;Norte;Colisão Lateral;1;4;;;;;1
30/11/2017;14:06:00;520;sem vítima;16,2;BR-153/MG;Sul;Colisão Lateral;2;2;;;;;1
30/11/2017;15:25:00;588;sem vítima;500,1;BR-153/GO;Sul;Colisão Traseira;1;2;;;;;1
30/11/2017;18:33:00;707;ac02 - Acidente com Vítima;414,67;BR-262/MG;Oeste;Colisão Traseira;1;0;1;1;;;2
30/11/2017;18:40:00;709;sem vítima;195,6;BR-153/MG;Sul;Colisão Traseira;2;2;;;;;1
30/11/2017;22:31:00;812;sem vítima;406,668;BR-262/MG;Oeste;Colisão Traseira;2;3;;;;;1
01/12/2017;01:12:00;16;sem vítima;51,799;BR-153/MG;Norte;Tombamento;1;2;;;;;1
01/12/2017;06:53:00;70;sem vítima;468;BR-262/MG;Oeste;Tombamento;1;1;;;;;1
01/12/2017;08:44:00;116;sem vítima;713;BR-262/MG;Oeste;Choque - Talude;1;1;;;;;1
01/12/2017;09:39:00;163;ac02 - Acidente com Vítima;114;BR-153/MG;Sul;Carreta deu L;1;1;1;;;;1
01/12/2017;09:52:00;170;ac02 - Acidente com Vítima;233,3;BR-153/MG;Sul;Colisão Traseira;1;1;1;1;;;2
01/12/2017;11:08:00;219;sem vítima;108;BR-153/MG;Norte;Choque - Outros;1;2;;;;;1
01/12/2017;11:47:00;240;sem vítima;24,001;BR-153/MG;Norte;Choque - Talude;1;1;;;;;1
01/12/2017;11:55:00;244;sem vítima;512,026;BR-153/GO;Norte;Colisão Traseira;1;2;;;;;1
01/12/2017;13:05:00;274;sem vítima;659;BR-153/GO;Norte;Tombamento;1;1;;;;;1
01/12/2017;13:56:00;300;sem vítima;547;BR-262/MG;Leste;Colisão Traseira;2;3;;;;;1
02/12/2017;11:33:00;223;sem vítima;11;BR-153/MG;Sul;Capotamento;1;3;;;;;1
02/12/2017;14:41:00;317;sem vítima;13;BR-060/DF;Norte;Colisão Traseira;1;2;;;;;1
03/12/2017;06:59:00;85;sem vítima;12,9;BR-153/MG;Norte;Tombamento;1;1;;;;;1
03/12/2017;17:08:00;362;ac02 - Acidente com Vítima;122;BR-060/GO;Norte;Engavetamento;1;27;1;;;;1
04/12/2017;11:01:00;343;ac02 - Acidente com Vítima;65,388;BR-060/GO;Norte;Tombamento;1;0;;1;;;2
04/12/2017;14:06:00;452;sem vítima;354;BR-262/MG;Oeste;Colisão Lateral;1;2;;;;;1
05/12/2017;00:01:00;1;ac02 - Acidente com Vítima;59,5;BR-153/MG;Sul;Colisão Frontal;1;0;1;;1;;2
05/12/2017;03:05:00;51;sem vítima;93,099;BR-153/MG;Norte;Choque - Elemento de Drenagem;1;1;;;;;1
05/12/2017;06:42:00;110;sem vítima;557,5;BR-262/MG;Leste;Tombamento;1;1;;;;;1
05/12/2017;08:01:00;148;ac02 - Acidente com Vítima;96,159;BR-060/GO;Sul;Colisão Traseira;1;1;1;;;;1
05/12/2017;12:56:00;371;sem vítima;527;BR-262/MG;Leste;Colisão Traseira;1;2;;;;;1
05/12/2017;15:29:00;474;ac02 - Acidente com Vítima;482;BR-262/MG;Oeste;Colisão Traseira;1;1;1;;;;1
05/12/2017;20:09:00;643;sem vítima;598,8;BR-153/GO;Sul;Colisão Lateral;1;4;;;;;1
05/12/2017;20:22:00;649;sem vítima;225,1;BR-153/MG;Norte;"Choque - Defensa, barreira ou ""submarino""";1;1;;;;;1
05/12/2017;21:33:00;679;sem vítima;491,233;BR-153/GO;Sul;Tombamento;1;1;;;;;1
05/12/2017;21:51:00;684;sem vítima;376,468;BR-262/MG;Leste;Carreta deu L;1;2;;;;;1
06/12/2017;02:31:00;40;ac02 - Acidente com Vítima;11,8;BR-153/MG;Sul;Tombamento;1;0;1;;;;1
06/12/2017;05:22:00;57;ac02 - Acidente com Vítima;9,645;BR-153/MG;Sul;Colisão Traseira;2;1;;1;;;2
06/12/2017;11:17:00;229;sem vítima;99;BR-060/GO;Norte;Colisão Traseira;1;2;;;;;1
06/12/2017;15:02:00;344;sem vítima;845,912;BR-262/MG;Oeste;Choque - Talude;1;2;;;;;1
06/12/2017;18:41:00;470;sem vítima;2,228;BR-060/DF;Sul;Colisão Lateral;2;2;;;;;1
06/12/2017;23:49:00;614;sem vítima;536,6;BR-153/GO;Sul;Tombamento;1;2;;;;;1
07/12/2017;00:30:00;5;sem vítima;366;BR-262/MG;Leste;Colisão Traseira;2;2;;;;;1
07/12/2017;01:29:00;20;sem vítima;430,4;BR-262/MG;Leste;Saida de Pista;1;1;;;;;1
07/12/2017;03:49:00;39;ac02 - Acidente com Vítima;582,1;BR-153/GO;Sul;Tombamento;1;0;1;;;;1
07/12/2017;07:48:00;133;sem vítima;521,3;BR-153/GO;Norte;Saida de Pista;1;2;;;;;1
07/12/2017;13:20:00;421;ac02 - Acidente com Vítima;589,448;BR-262/MG;Oeste;Colisão Frontal;4;0;4;;;;1
07/12/2017;13:32:00;432;ac02 - Acidente com Vítima;585,2;BR-262/MG;Oeste;Choque - Talude;1;0;1;;;;1
07/12/2017;14:52:00;468;sem vítima;458,971;BR-262/MG;Oeste;Saida de Pista;1;1;;;;;1
07/12/2017;15:58:00;505;sem vítima;32,3;BR-153/MG;Norte;Choque - Arvore;1;1;;;;;1
08/12/2017;05:46:00;96;sem vítima;622,4;BR-153/GO;Norte;Choque - Elemento de Drenagem;1;1;;;;;1
08/12/2017;07:33:00;142;ac02 - Acidente com Vítima;494,615;BR-153/GO;Norte;Colisão Lateral;1;2;1;;;;1
08/12/2017;09:31:00;249;ac02 - Acidente com Vítima;762,662;BR-262/MG;Leste;Capotamento;1;2;2;;;;1
08/12/2017;09:34:00;253;sem vítima;369,1;BR-262/MG;Oeste;"Choque - Defensa, barreira ou ""submarino""";1;1;;;;;1
08/12/2017;09:38:00;259;sem vítima;576;BR-262/MG;Leste;Choque - Talude;1;1;;;;;1
08/12/2017;14:37:00;479;sem vítima;434;BR-262/MG;Leste;Tombamento;1;1;;;;;1
08/12/2017;15:44:00;515;sem vítima;533;BR-262/MG;Leste;Colisão Lateral;1;2;;;;;1
08/12/2017;17:27:00;575;sem vítima;10,9;BR-153/MG;Sul;Tombamento;1;1;;;;;1
08/12/2017;17:59:00;593;ac02 - Acidente com Vítima;78,5;BR-153/MG;Sul;Colisão Lateral;2;0;1;;1;;2
08/12/2017;18:39:00;627;sem vítima;490;BR-153/GO;Sul;Tombamento;1;1;;;;;1
09/12/2017;01:33:00;28;ac02 - Acidente com Vítima;447,367;BR-262/MG;Oeste;Colisão Frontal;1;2;2;;;;1
09/12/2017;05:47:00;71;ac02 - Acidente com Vítima;3,295;BR-060/GO;Norte;Colisão Traseira;1;1;2;;;;1
09/12/2017;09:41:00;222;sem vítima;472;BR-262/MG;Oeste;Colisão Traseira;2;2;;;;;1
09/12/2017;10:26:00;251;sem vítima;760,368;BR-262/MG;Leste;Colisão Lateral;1;2;;;;;1
09/12/2017;14:45:00;392;sem vítima;557,5;BR-153/GO;Norte;Tombamento;1;1;;;;;1
09/12/2017;16:39:00;461;sem vítima;576;BR-262/MG;Oeste;Colisão Transversal;2;2;;;;;1
10/12/2017;05:54:00;70;sem vítima;75;BR-060/GO;Norte;Colisão Traseira;1;2;;;;;1
10/12/2017;13:48:00;331;ac02 - Acidente com Vítima;518,8;BR-262/MG;Leste;Colisão Lateral;1;1;3;;;;1
10/12/2017;16:56:00;445;sem vítima;589;BR-262/MG;Leste;Choque - Talude;1;1;;;;;1
10/12/2017;17:36:00;471;sem vítima;15,986;BR-153/MG;Norte;Colisão Traseira;3;3;;;;;1
11/12/2017;00:31:00;14;sem vítima;21,678;BR-060/DF;Norte;Colisão Traseira;1;2;;;;;1
11/12/2017;01:30:00;33;sem vítima;28;BR-060/GO;Norte;Colisão Lateral;1;6;;;;;1
11/12/2017;08:13:00;134;sem vítima;49;BR-060/GO;Norte;Colisão Traseira;1;2;;;;;1
11/12/2017;08:29:00;140;sem vítima;101;BR-060/GO;Norte;Colisão Traseira;1;2;;;;;1
11/12/2017;10:27:00;226;sem vítima;28,6;BR-060/DF;Norte;Tombamento;1;2;;;;;1
11/12/2017;14:14:00;365;sem vítima;109;BR-060/GO;Norte;Tombamento;1;1;;;;;1
11/12/2017;14:54:00;398;sem vítima;472;BR-262/MG;Oeste;Colisão Traseira;1;2;;;;;1
11/12/2017;16:27:00;483;sem vítima;119;BR-060/GO;Sul;Saida de Pista;1;1;;;;;1
11/12/2017;16:54:00;508;sem vítima;46;BR-060/GO;Norte;Colisão Lateral;1;2;;;;;1
11/12/2017;22:46:00;710;ac02 - Acidente com Vítima;1,82;BR-153/MG;Sul;Capotamento;1;0;1;;;;1
12/12/2017;13:28:00;413;sem vítima;493,278;BR-153/GO;Sul;Colisão Transversal;1;2;;;;;1
12/12/2017;15:16:00;471;ac02 - Acidente com Vítima;657,097;BR-153/GO;Sul;Colisão Traseira;2;1;;1;;;2
12/12/2017;16:08:00;503;sem vítima;700;BR-153/GO;Norte;Colisão Traseira;1;3;;;;;1
13/12/2017;00:15:00;4;sem vítima;12,43;BR-060/GO;Norte;Tombamento;1;3;;;;;1
13/12/2017;10:09:00;217;ac01 - Acidente com Vítima Fatal;646,986;BR-262/MG;Leste;Colisão Lateral;2;3;;;;1;3
13/12/2017;10:38:00;239;sem vítima;492,5;BR-153/GO;Norte;Colisão Traseira;1;2;;;;;1
13/12/2017;11:47:00;271;sem vítima;188,9;BR-153/MG;Norte;Choque - Elemento de Drenagem;1;1;;;;;1
13/12/2017;15:27:00;414;sem vítima;223,8;BR-153/MG;Sul;Colisão Traseira;1;2;;;;;1
14/12/2017;05:02:00;63;sem vítima;579,576;BR-262/MG;Leste;Carreta deu L;1;1;;;;;1
14/12/2017;15:53:00;359;sem vítima;458;BR-262/MG;Oeste;Engavetamento;1;7;;;;;1
14/12/2017;17:40:00;416;ac02 - Acidente com Vítima;520,3;BR-262/MG;Leste;Tombamento;1;0;1;;;;1
14/12/2017;18:01:00;430;sem vítima;372;BR-262/MG;Leste;Colisão Traseira;1;2;;;;;1
14/12/2017;21:38:00;553;sem vítima;601;BR-153/GO;Norte;Saida de Pista;1;1;;;;;1
15/12/2017;03:08:00;54;sem vítima;552,35;BR-262/MG;Oeste;Tombamento;1;1;;;;;1
15/12/2017;10:30:00;253;ac02 - Acidente com Vítima;547,5;BR-262/MG;Leste;Choque - Talude;1;0;;1;;;2
15/12/2017;13:33:00;346;sem vítima;17;BR-060/GO;Sul;Colisão Lateral;2;2;;;;;1
15/12/2017;13:49:00;353;sem vítima;496,1;BR-153/GO;Norte;Colisão Traseira;1;2;;;;;1
15/12/2017;14:44:00;375;sem vítima;92,7;BR-060/GO;Norte;Choque - Suporte de Sinalização;1;1;;;;;1
15/12/2017;14:58:00;384;sem vítima;396,3;BR-262/MG;Oeste;Choque - Elemento de Drenagem;1;1;;;;;1
15/12/2017;17:31:00;464;ac02 - Acidente com Vítima;503,998;BR-153/GO;Norte;Choque - Suporte de Sinalização;1;0;1;;;;1
15/12/2017;18:06:00;480;sem vítima;108,384;BR-153/MG;Sul;Colisão Traseira;1;2;;;;;1
15/12/2017;18:53:00;507;sem vítima;139,957;BR-153/MG;Sul;Colisão Traseira;1;2;;;;;1
15/12/2017;20:17:00;552;sem vítima;498,155;BR-153/GO;Sul;Engavetamento;1;5;;;;;1
15/12/2017;20:56:00;578;sem vítima;26,399;BR-060/GO;Sul;Choque - Elemento de Drenagem;1;1;;;;;1
16/12/2017;03:03:00;57;sem vítima;380,7;BR-262/MG;Leste;Colisão Lateral;1;2;;;;;1
16/12/2017;07:59:00;228;sem vítima;382;BR-262/MG;Oeste;Colisão Traseira;1;4;;;;;1
16/12/2017;08:20:00;247;sem vítima;24,637;BR-060/GO;Sul;"Choque - Defensa, barreira ou ""submarino""";1;1;;;;;1
16/12/2017;09:07:00;273;sem vítima;517,569;BR-153/GO;Sul;Choque - Elemento de Drenagem;1;5;;;;;1
16/12/2017;09:11:00;274;ac02 - Acidente com Vítima;602,8;BR-153/GO;Sul;Choque - Outros;3;2;1;;;;1
16/12/2017;11:42:00;370;sem vítima;700;BR-262/MG;Leste;Saida de Pista;1;1;;;;;1
16/12/2017;14:00:00;433;sem vítima;101,9;BR-060/GO;Sul;Colisão Transversal;1;2;;;;;1
16/12/2017;15:11:00;467;sem vítima;493;BR-153/GO;Norte;Engavetamento;1;3;;;;;1
16/12/2017;09:11:00;468;sem vítima;602;BR-153/GO;Sul;Colisão Lateral;1;2;;;;;1
16/12/2017;16:22:00;523;sem vítima;392;BR-262/MG;Oeste;Colisão Traseira;1;3;;;;;1
16/12/2017;18:13:00;589;sem vítima;495,952;BR-153/GO;Norte;Colisão Lateral;1;4;;;;;1
16/12/2017;18:25:00;596;sem vítima;703,5;BR-153/GO;Sul;Choque - Poste;1;1;;;;;1
17/12/2017;12:19:00;278;sem vítima;611;BR-262/MG;Leste;Choque - Talude;1;1;;;;;1
17/12/2017;16:08:00;402;sem vítima;163,7;BR-153/MG;Sul;Capotamento;1;2;;;;;1
17/12/2017;19:37:00;526;ac02 - Acidente com Vítima;53,8;BR-153/MG;Sul;Colisão Traseira;2;1;;1;;;2
18/12/2017;08:06:00;122;sem vítima;752,813;BR-262/MG;Leste;Tombamento;1;2;;;;;1
18/12/2017;19:59:00;549;ac02 - Acidente com Vítima;491,8;BR-262/MG;Oeste;Colisão Transversal;1;1;;1;1;;2
18/12/2017;21:19:00;586;sem vítima;5,116;BR-060/GO;Sul;Tombamento;1;1;;;;;1
19/12/2017;01:03:00;15;ac02 - Acidente com Vítima;546,235;BR-262/MG;Leste;Tombamento;1;0;;1;;;2
19/12/2017;08:41:00;212;ac02 - Acidente com Vítima;793;BR-262/MG;Leste;Colisão Lateral;1;2;1;2;;;2
19/12/2017;08:59:00;228;ac02 - Acidente com Vítima;621,3;BR-262/MG;Leste;Choque - Talude;1;1;;1;;;2
19/12/2017;14:46:00;440;sem vítima;136,916;BR-060/GO;Norte;Engavetamento;1;6;;;;;1
19/12/2017;15:07:00;457;sem vítima;394;BR-262/MG;Oeste;Colisão Lateral;1;2;;;;;1
19/12/2017;19:43:00;618;sem vítima;580,555;BR-262/MG;Oeste;Tombamento;1;2;;;;;1
20/12/2017;09:54:00;304;sem vítima;116,738;BR-060/GO;Sul;Tombamento;1;2;;;;;1
20/12/2017;12:01:00;388;sem vítima;138,1;BR-153/MG;Sul;Colisão Transversal;1;2;;;;;1
20/12/2017;13:47:00;461;sem vítima;538;BR-262/MG;Leste;Tombamento;1;1;;;;;1
20/12/2017;14:14:00;480;ac02 - Acidente com Vítima;6,965;BR-153/MG;Sul;Tombamento;1;0;1;;;;1
20/12/2017;17:21:00;609;sem vítima;646;BR-153/GO;Sul;Tombamento;2;2;;;;;1
20/12/2017;17:43:00;626;sem vítima;148;BR-153/MG;Sul;Colisão Traseira;1;2;;;;;1
20/12/2017;17:53:00;632;sem vítima;97,6;BR-153/MG;Norte;Colisão Lateral;2;7;;;;;1
20/12/2017;17:56:00;634;sem vítima;129,816;BR-060/GO;Norte;Colisão Traseira;2;2;;;;;1
20/12/2017;18:28:00;654;ac02 - Acidente com Vítima;364,471;BR-262/MG;Oeste;Capotamento;1;1;2;;2;;2
20/12/2017;20:25:00;725;sem vítima;479,641;BR-262/MG;Leste;Choque - Talude;1;1;;;;;1
21/12/2017;07:55:00;186;ac02 - Acidente com Vítima;126,5;BR-153/MG;Sul;Colisão Traseira;4;4;1;;;;1
21/12/2017;09:38:00;273;ac02 - Acidente com Vítima;96,846;BR-060/GO;Norte;Colisão Lateral;1;1;;1;;;2
21/12/2017;16:01:00;494;sem vítima;139,5;BR-153/MG;Sul;Tombamento;1;1;;;;;1
21/12/2017;23:45:00;732;sem vítima;48,856;BR-060/GO;Sul;Colisão Traseira;2;2;;;;;1
22/12/2017;06:18:00;84;sem vítima;659,4;BR-153/GO;Sul;Saida de Pista;1;2;;;;;1
22/12/2017;08:07:00;148;sem vítima;111,7;BR-060/GO;Sul;Engavetamento;1;10;;;;;1
22/12/2017;08:00:00;169;sem vítima;124;BR-153/MG;Norte;Colisão Traseira;1;2;;;;;1
22/12/2017;09:03:00;190;ac02 - Acidente com Vítima;506,8;BR-153/GO;Norte;Engavetamento;1;2;1;;;;1
22/12/2017;14:47:00;411;ac01 - Acidente com Vítima Fatal;574;BR-262/MG;Leste;Colisão Transversal;1;1;1;;1;3;3
22/12/2017;16:36:00;483;ac01 - Acidente com Vítima Fatal;593,299;BR-153/GO;Sul;Colisão Lateral;1;17;33;3;2;1;3
22/12/2017;17:39:00;530;sem vítima;500,7;BR-153/GO;Norte;Colisão Lateral;1;2;;;;;1
22/12/2017;20:44:00;649;sem vítima;43;BR-153/MG;Sul;Colisão Traseira;1;4;;;;;1
22/12/2017;22:48:00;708;ac01 - Acidente com Vítima Fatal;0,2;BR-153/MG;Sul;Atropelamento - Andarilho;1;2;;;;1;3
22/12/2017;23:42:00;739;ac02 - Acidente com Vítima;96,2;BR-060/GO;Sul;Colisão Lateral;1;4;1;;;;1
23/12/2017;07:33:00;126;sem vítima;230,5;BR-153/MG;Sul;Choque - Arvore;1;2;;;;;1
23/12/2017;11:09:00;262;sem vítima;594,577;BR-262/MG;Leste;Colisão Lateral;2;8;;;;;1
24/12/2017;04:49:00;66;sem vítima;821,355;BR-262/MG;Oeste;Capotamento;1;1;;;;;1
25/12/2017;18:43:00;441;sem vítima;491,001;BR-153/GO;Sul;Colisão Lateral;1;6;;;;;1
26/12/2017;12:51:00;296;sem vítima;368;BR-262/MG;Oeste;Colisão Traseira;1;2;;;;;1
26/12/2017;12:57:00;302;sem vítima;128,199;BR-060/GO;Sul;Colisão Traseira;2;2;;;;;1
26/12/2017;13:55:00;330;sem vítima;654,272;BR-153/GO;Norte;Tombamento;1;1;;;;;1
27/12/2017;05:35:00;64;ac02 - Acidente com Vítima;130,8;BR-060/GO;Sul;Colisão Traseira;1;1;;;1;;2
27/12/2017;12:38:00;270;sem vítima;554;BR-262/MG;Oeste;Colisão Traseira;2;2;;;;;1
27/12/2017;13:42:00;299;sem vítima;389;BR-262/MG;Oeste;Colisão Traseira;1;2;;;;;1
27/12/2017;22:33:00;575;ac02 - Acidente com Vítima;5,008;BR-153/MG;Sul;Colisão Traseira;1;1;1;1;;;2
28/12/2017;05:57:00;80;ac02 - Acidente com Vítima;515,565;BR-153/GO;Norte;Colisão Traseira;1;1;1;;;;1
28/12/2017;20:18:00;613;ac02 - Acidente com Vítima;443,367;BR-262/MG;Leste;Atropelamento - Ambulante;1;1;1;;;;1
29/12/2017;00:14:00;3;sem vítima;183,5;BR-153/MG;Sul;Tombamento;1;1;;;;;1
29/12/2017;05:11:00;95;sem vítima;376,971;BR-262/MG;Leste;"Choque - Defensa, barreira ou ""submarino""";1;1;;;;;1
29/12/2017;05:36:00;111;sem vítima;197,001;BR-153/MG;Norte;Colisão Transversal;1;4;;;;;1
29/12/2017;09:50:00;300;sem vítima;94;BR-060/GO;Norte;Colisão Traseira;1;2;;;;;1
29/12/2017;17:11:00;551;sem vítima;502,969;BR-153/GO;Norte;"Choque - Defensa, barreira ou ""submarino""";1;1;;;;;1
29/12/2017;18:30:00;598;ac01 - Acidente com Vítima Fatal;532,471;BR-262/MG;Oeste;Colisão Frontal;1;2;;;;1;3
30/12/2017;08:27:00;125;sem vítima;587;BR-262/MG;Oeste;Saida de Pista;1;1;;;;;1
30/12/2017;08:47:00;135;sem vítima;161;BR-153/MG;Sul;Choque - Suporte de Sinalização;1;1;;;;;1
30/12/2017;09:12:00;148;sem vítima;460;BR-262/MG;Oeste;Colisão Traseira;1;6;;;;;1
30/12/2017;09:32:00;159;ac02 - Acidente com Vítima;98,001;BR-153/MG;Norte;"Choque - Defensa, barreira ou ""submarino""";1;4;2;;;;1
30/12/2017;11:17:00;221;sem vítima;512;BR-153/GO;Sul;Colisão Traseira;1;2;;;;;1
30/12/2017;16:34:00;371;sem vítima;494,5;BR-153/GO;Norte;Colisão Traseira;1;2;;;;;1
30/12/2017;16:38:00;375;sem vítima;19;BR-153/MG;Sul;Colisão Traseira;1;2;;;;;1
30/12/2017;19:01:00;425;ac02 - Acidente com Vítima;517,4;BR-153/GO;Sul;Capotamento;1;1;1;;;;1
01/01/2018;21:26:00;523;ac02 - Acidente com Vítima;48,769;BR-060/GO;Sul;Colisão Traseira;1;1;;1;;;2
02/01/2018;00:38:00;10;sem vítima;653,606;BR-153/GO;Sul;Tombamento;1;1;;;;;1
02/01/2018;07:05:00;94;ac02 - Acidente com Vítima;494,111;BR-153/GO;Norte;Choque - Veiculo parado na pista;1;4;1;;1;;2
02/01/2018;08:11:00;126;ac01 - Acidente com Vítima Fatal;597;BR-262/MG;Leste;Capotamento;1;0;;;;1;3
02/01/2018;12:44:00;299;ac02 - Acidente com Vítima;613;BR-153/GO;Sul;Tombamento;1;0;1;;;;1
02/01/2018;14:47:00;371;sem vítima;518,3;BR-153/GO;Norte;Tombamento;1;1;;;;;1
03/01/2018;20:37:00;538;sem vítima;883,142;BR-262/MG;Leste;Choque - Elemento de Drenagem;1;1;;;;;1
03/01/2018;22:46:00;607;sem vítima;143,5;BR-153/MG;Norte;Saida de Pista;1;1;;;;;1
04/01/2018;00:59:00;20;sem vítima;58;BR-153/MG;Sul;Tombamento;1;1;;;;;1
04/01/2018;11:28:00;271;ac01 - Acidente com Vítima Fatal;14,3;BR-153/MG;Norte;Atropelamento - Andarilho;1;1;;;;1;3
04/01/2018;16:40:00;413;sem vítima;463;BR-262/MG;Leste;Colisão Traseira;1;2;;;;;1
04/01/2018;17:58:00;460;ac02 - Acidente com Vítima;122,299;BR-060/GO;Norte;Colisão Frontal;1;1;1;;;;1
04/01/2018;22:41:00;592;sem vítima;650,001;BR-262/MG;Oeste;Choque - Elemento de Drenagem;1;1;;;;;1
05/01/2018;17:31:00;487;sem vítima;380;BR-262/MG;Oeste;Colisão Traseira;1;2;;;;;1
05/01/2018;17:48:00;492;sem vítima;498,8;BR-153/GO;Sul;"Choque - Defensa, barreira ou ""submarino""";1;1;;;;;1
05/01/2018;18:35:00;516;ac02 - Acidente com Vítima;64,479;BR-060/GO;Norte;Colisão Traseira;1;1;;;1;;2
05/01/2018;20:53:00;590;sem vítima;199,041;BR-153/MG;Sul;Capotamento;1;1;;;;;1
05/01/2018;21:40:00;607;sem vítima;562,7;BR-153/GO;Norte;Colisão Traseira;2;2;;;;;1
06/01/2018;04:48:00;46;sem vítima;666,799;BR-153/GO;Sul;Choque - Outros;1;1;;;;;1
06/01/2018;08:45:00;146;sem vítima;424,1;BR-262/MG;Leste;Colisão Transversal;1;2;;;;;1
06/01/2018;14:37:00;368;sem vítima;615;BR-262/MG;Leste;Choque - Elemento de Drenagem;1;1;;;;;1
08/01/2018;14:45:00;342;sem vítima;490;BR-153/GO;Sul;Colisão Lateral;1;2;;;;;1
08/01/2018;15:01:00;358;sem vítima;58;BR-153/MG;Sul;Tombamento;1;1;;;;;1
08/01/2018;16:25:00;400;sem vítima;551;BR-153/GO;Sul;Colisão Frontal;1;6;;;;;1
08/01/2018;17:23:00;438;sem vítima;431;BR-262/MG;Oeste;Choque - Elemento de Drenagem;1;1;;;;;1
10/01/2018;19:38:00;659;ac01 - Acidente com Vítima Fatal;217,5;BR-153/MG;Norte;Colisão Lateral;1;4;;;;1;3
10/01/2018;20:36:00;689;ac02 - Acidente com Vítima;478,767;BR-262/MG;Leste;Tombamento;1;0;1;;;;1
10/01/2018;22:00:00;718;sem vítima;536,357;BR-153/GO;Norte;Tombamento;1;1;;;;;1
11/01/2018;00:45:00;14;sem vítima;404,367;BR-262/MG;Leste;Colisão Traseira;1;2;;;;;1
11/01/2018;11:08:00;265;ac02 - Acidente com Vítima;133,452;BR-060/GO;Sul;Tombamento;1;0;;;2;;2
12/01/2018;05:51:00;138;sem vítima;37,2;BR-153/MG;Norte;Tombamento;1;1;;;;;1
12/01/2018;18:25:00;535;ac01 - Acidente com Vítima Fatal;620,357;BR-262/MG;Leste;Colisão Lateral;1;0;1;;;1;3
12/01/2018;19:15:00;566;sem vítima;590;BR-262/MG;Leste;Colisão Transversal;2;3;;;;;1
13/01/2018;03:35:00;37;ac02 - Acidente com Vítima;605,1;BR-153/GO;Norte;Colisão Traseira;2;2;1;;;;1
13/01/2018;04:42:00;62;sem vítima;23,899;BR-153/MG;Norte;Tombamento;1;1;;;;;1
13/01/2018;06:51:00;100;sem vítima;502,9;BR-153/GO;Norte;Colisão Lateral;1;4;;;;;1
13/01/2018;12:09:00;319;sem vítima;368;BR-262/MG;Oeste;Choque - Elemento de Drenagem;1;1;;;;;1
14/01/2018;00:47:00;11;ac02 - Acidente com Vítima;16,104;BR-060/GO;Sul;Colisão Lateral;1;1;1;;;;1
14/01/2018;16:46:00;351;ac02 - Acidente com Vítima;400,5;BR-262/MG;Oeste;Colisão Frontal;1;2;;1;;;2
15/01/2018;05:48:00;74;sem vítima;369;BR-262/MG;Leste;Colisão Lateral;1;3;;;;;1
15/01/2018;06:09:00;80;sem vítima;118,9;BR-060/GO;Sul;Colisão Traseira;2;2;;;;;1
15/01/2018;11:00:00;232;sem vítima;556,3;BR-153/GO;Norte;Carreta deu L;1;1;;;;;1
15/01/2018;16:11:00;400;sem vítima;503,9;BR-153/GO;Norte;Engavetamento;1;3;;;;;1
16/01/2018;07:39:00;117;ac02 - Acidente com Vítima;518,4;BR-153/GO;Sul;Colisão Traseira;1;2;1;;;;1
16/01/2018;08:49:00;163;sem vítima;108,001;BR-153/MG;Norte;Choque - Suporte de Sinalização;1;1;;;;;1
16/01/2018;10:11:00;213;ac02 - Acidente com Vítima;490,7;BR-153/GO;Norte;Colisão Lateral;1;1;1;;;;1
16/01/2018;20:29:00;577;sem vítima;9,9;BR-060/GO;Sul;Carreta deu L;1;1;;;;;1
16/01/2018;23:57:00;650;ac02 - Acidente com Vítima;524,868;BR-262/MG;Leste;Colisão Traseira;2;1;1;;;;1