data;horario;n_da_ocorrencia;tipo_de_ocorrencia;km;trecho;sentido;tipo_de_acidente;caminhao;ilesos;levemente_feridos;moderadamente_feridos;gravemente_feridos;mortos;3
17/01/2018;06:40:00;116;sem vítima;456;BR-262/MG;Oeste;Colisão Lateral;1;6;;;;;1
17/01/2018;15:22:00;450;sem vítima;127,5;BR-153/MG;Sul;Engavetamento;3;7;;;;;1
17/01/2018;23:27:00;696;sem vítima;39,299;BR-153/MG;Norte;Colisão Traseira;1;2;;;;;1
18/01/2018;13:56:00;393;ac02 - Acidente com Vítima;663;BR-153/GO;Sul;Colisão Traseira;1;1;1;1;;;2
18/01/2018;17:04:00;508;sem vítima;139,001;BR-153/MG;Sul;Colisão Traseira;2;4;;;;;1
18/01/2018;23:00:00;684;sem vítima;491,5;BR-262/MG;Leste;Tombamento;1;1;;;;;1
19/01/2018;04:55:00;45;sem vítima;586,5;BR-153/GO;Norte;Colisão Lateral;2;2;;;;;1
19/01/2018;05:13:00;47;ac02 - Acidente com Vítima;70,166;BR-060/GO;Norte;Capotamento;1;0;1;;;;1
19/01/2018;05:57:00;58;ac02 - Acidente com Vítima;510,1;BR-153/GO;Sul;Colisão Traseira;1;1;1;;;;1
19/01/2018;07:40:00;98;ac02 - Acidente com Vítima;504,899;BR-153/GO;Norte;Colisão Traseira;1;1;1;;;;1
19/01/2018;17:36:00;455;sem vítima;398,254;BR-262/MG;Leste;Choque - Elemento de Drenagem;1;1;;;;;1
19/01/2018;20:54:00;584;ac01 - Acidente com Vítima Fatal;58,2;BR-153/MG;Sul;Tombamento;1;0;;1;;1;3
20/01/2018;06:10:00;111;sem vítima;370;BR-262/MG;Oeste;Colisão Traseira;1;2;;;;;1
20/01/2018;07:56:00;141;sem vítima;191,95;BR-153/MG;Sul;Choque - Talude;1;1;;;;;1
20/01/2018;11:45:00;267;sem vítima;801;BR-262/MG;Oeste;Colisão Lateral;1;2;;;;;1
20/01/2018;15:44:00;380;ac02 - Acidente com Vítima;512,941;BR-153/GO;Sul;Colisão Traseira;1;2;2;;;;1
20/01/2018;15:46:00;382;sem vítima;589,75;BR-262/MG;Oeste;Objeto lançado contra veículo;1;2;;;;;1
20/01/2018;19:37:00;506;sem vítima;85,001;BR-153/MG;Sul;Colisão Lateral;2;2;;;;;1
21/01/2018;11:15:00;194;sem vítima;216,7;BR-153/MG;Sul;Colisão Lateral;1;3;;;;;1
21/01/2018;11:15:00;195;sem vítima;507,63;BR-153/GO;Norte;Colisão Lateral;1;2;;;;;1
21/01/2018;23:39:00;623;ac02 - Acidente com Vítima;363,8;BR-262/MG;Leste;Colisão Lateral;1;2;1;2;;;2
22/01/2018;06:17:00;76;sem vítima;58;BR-153/MG;Norte;Carreta deu L;1;1;;;;;1
22/01/2018;10:40:00;272;sem vítima;90;BR-153/MG;Norte;Tombamento;1;1;;;;;1
22/01/2018;13:45:00;392;ac01 - Acidente com Vítima Fatal;127,986;BR-060/GO;Sul;Colisão Traseira;1;1;;;4;1;3
22/01/2018;14:59:00;439;ac02 - Acidente com Vítima;123,126;BR-060/GO;Sul;Colisão Traseira;2;1;1;1;;;2
22/01/2018;16:47:00;499;ac02 - Acidente com Vítima;385,074;BR-262/MG;Oeste;Tombamento;1;0;1;;;;1
23/01/2018;00:05:00;4;sem vítima;19,408;BR-060/GO;Norte;Choque - Suporte de Sinalização;1;1;;;;;1
23/01/2018;14:32:00;421;sem vítima;590,378;BR-262/MG;Leste;"Choque - Defensa, barreira ou ""submarino""";1;1;;;;;1
23/01/2018;16:50:00;535;ac02 - Acidente com Vítima;671,68;BR-262/MG;Oeste;Capotamento;1;0;;;1;;2
24/01/2018;10:41:00;245;sem vítima;616,139;BR-262/MG;Leste;Tombamento;1;1;;;;;1
24/01/2018;19:17:00;521;sem vítima;584;BR-153/GO;Sul;Saida de Pista;1;1;;;;;1
24/01/2018;19:38:00;540;sem vítima;4,6;BR-060/DF;Sul;Colisão Traseira;1;2;;;;;1
25/01/2018;03:14:00;40;sem vítima;113,84;BR-060/GO;Sul;Capotamento;1;1;;;;;1
25/01/2018;14:43:00;345;ac02 - Acidente com Vítima;566,367;BR-262/MG;Oeste;Tombamento;1;1;;1;;;2
25/01/2018;16:35:00;408;ac02 - Acidente com Vítima;147,5;BR-153/MG;Sul;Colisão Transversal;2;1;;1;;;2
25/01/2018;18:46:00;493;sem vítima;503,1;BR-153/GO;Sul;Colisão Lateral;2;2;;;;;1
26/01/2018;02:27:00;29;sem vítima;786,069;BR-262/MG;Oeste;Atropelamento de Animal;1;1;;;;;1
26/01/2018;07:43:00;111;sem vítima;114,9;BR-060/GO;Sul;Colisão Lateral;1;3;;;;;1
26/01/2018;14:02:00;351;sem vítima;178,5;BR-153/MG;Norte;Colisão Traseira;2;3;;;;;1
26/01/2018;14:41:00;370;ac02 - Acidente com Vítima;181,001;BR-153/MG;Sul;Colisão Lateral;1;2;1;;1;;2
26/01/2018;15:33:00;395;sem vítima;106,323;BR-060/GO;Norte;Tombamento;1;1;;;;;1
26/01/2018;16:35:00;423;sem vítima;106,613;BR-060/GO;Norte;Saida de Pista;1;1;;;;;1
27/01/2018;03:58:00;56;sem vítima;52,2;BR-153/MG;Sul;"Choque - Defensa, barreira ou ""submarino""";1;1;;;;;1
27/01/2018;11:22:00;226;ac02 - Acidente com Vítima;132;BR-153/MG;Norte;Colisão Traseira;2;2;1;;;;1
27/01/2018;12:21:00;256;sem vítima;501,699;BR-153/GO;Sul;Colisão Lateral;1;5;;;;;1
28/01/2018;01:56:00;31;sem vítima;699,302;BR-153/GO;Sul;Carreta deu L;1;1;;;;;1
28/01/2018;11:49:00;219;sem vítima;113,2;BR-060/GO;Sul;"Choque - Defensa, barreira ou ""submarino""";1;1;;;;;1
29/01/2018;00:41:00;12;ac02 - Acidente com Vítima;97,2;BR-153/MG;Norte;Capotamento;1;1;2;;;;1
29/01/2018;03:05:00;35;ac02 - Acidente com Vítima;557,2;BR-153/GO;Norte;Colisão Traseira;2;1;1;;;;1
29/01/2018;07:42:00;112;sem vítima;12,684;BR-060/GO;Norte;Colisão Traseira;1;2;;;;;1
29/01/2018;14:06:00;339;ac02 - Acidente com Vítima;393;BR-262/MG;Oeste;Tombamento;1;0;1;;;;1
29/01/2018;15:33:00;380;sem vítima;610;BR-262/MG;Oeste;Tombamento;1;1;;;;;1
29/01/2018;15:52:00;391;sem vítima;406,8;BR-262/MG;Oeste;Tombamento;1;2;;;;;1
29/01/2018;21:05:00;543;ac02 - Acidente com Vítima;587,26;BR-262/MG;Leste;Colisão Lateral;2;1;;1;;;2
30/01/2018;04:00:00;36;sem vítima;58;BR-153/MG;Sul;Choque - Suporte de Sinalização;1;1;;;;;1
30/01/2018;09:02:00;132;sem vítima;548;BR-262/MG;Leste;Tombamento;1;1;;;;;1
30/01/2018;14:18:00;310;sem vítima;70,5;BR-153/MG;Norte;Tombamento;1;1;;;;;1
30/01/2018;17:59:00;430;ac02 - Acidente com Vítima;544,467;BR-262/MG;Leste;Carreta deu L;1;1;1;1;;;2
30/01/2018;18:22:00;440;sem vítima;574,467;BR-262/MG;Oeste;Tombamento;1;1;;;;;1
30/01/2018;18:43:00;451;sem vítima;547,071;BR-262/MG;Oeste;Colisão Lateral;1;2;;;;;1
30/01/2018;23:10:00;557;sem vítima;81,799;BR-153/MG;Norte;Tombamento;1;1;;;;;1
31/01/2018;07:47:00;67;ac02 - Acidente com Vítima;381,7;BR-262/MG;Oeste;Tombamento;1;0;;1;;;2
31/01/2018;07:58:00;73;sem vítima;99,15;BR-060/GO;Sul;Colisão Lateral;1;2;;;;;1
31/01/2018;16:35:00;369;sem vítima;533,2;BR-153/GO;Norte;Tombamento;1;2;;;;;1
31/01/2018;16:45:00;376;sem vítima;354,025;BR-262/MG;Oeste;Carreta deu L;1;1;;;;;1
31/01/2018;18:37:00;434;ac02 - Acidente com Vítima;584,248;BR-262/MG;Leste;Colisão Frontal;2;2;;1;;;2
01/02/2018;00:53:00;18;sem vítima;190,6;BR-153/MG;Sul;Atropelamento de Animal;1;1;;;;;1
01/02/2018;03:58:00;50;sem vítima;396,311;BR-262/MG;Leste;Atropelamento de Animal;2;2;;;;;1
01/02/2018;08:46:00;150;sem vítima;736,9;BR-262/MG;Oeste;Colisão Traseira;2;2;;;;;1
01/02/2018;12:30:00;286;sem vítima;699,5;BR-153/GO;Norte;Colisão Traseira;2;2;;;;;1
01/02/2018;14:49:00;343;ac02 - Acidente com Vítima;109,109;BR-060/GO;Norte;Tombamento;1;0;1;;;;1
01/02/2018;17:03:00;402;sem vítima;128,099;BR-060/GO;Norte;Saida de Pista;1;1;;;;;1
01/02/2018;20:10:00;521;sem vítima;76,9;BR-153/MG;Sul;Colisão Traseira;2;2;;;;;1
01/02/2018;20:47:00;529;sem vítima;666,868;BR-262/MG;Leste;Tombamento;1;1;;;;;1
02/02/2018;03:15:00;41;ac02 - Acidente com Vítima;61,1;BR-060/GO;Norte;Colisão Traseira;1;3;2;1;;;2
02/02/2018;04:29:00;53;sem vítima;413;BR-262/MG;Leste;Tombamento;1;1;;;;;1
02/02/2018;06:31:00;89;sem vítima;794,885;BR-262/MG;Oeste;Tombamento;1;1;;;;;1
02/02/2018;13:40:00;346;sem vítima;587,082;BR-262/MG;Oeste;Tombamento;1;1;;;;;1
02/02/2018;16:08:00;426;ac02 - Acidente com Vítima;401,747;BR-262/MG;Leste;Carreta deu L;1;0;;1;;;2
02/02/2018;17:03:00;454;sem vítima;518,8;BR-153/GO;Sul;Tombamento;1;1;;;;;1
03/02/2018;18:36:00;493;ac01 - Acidente com Vítima Fatal;713,774;BR-262/MG;Leste;Colisão Frontal;1;1;;;1;1;3
04/02/2018;10:36:00;186;ac01 - Acidente com Vítima Fatal;41,564;BR-060/GO;Norte;Atropelamento - Andarilho;1;1;;;;1;3
04/02/2018;16:42:00;363;sem vítima;4,5;BR-060/GO;Norte;Colisão Traseira;1;5;;;;;1
04/02/2018;18:53:00;435;sem vítima;197,682;BR-153/MG;Sul;Colisão Traseira;2;3;;;;;1
04/02/2018;23:33:00;569;sem vítima;505,399;BR-153/GO;Sul;"Choque - Defensa, barreira ou ""submarino""";1;1;;;;;1
05/02/2018;11:25:00;218;sem vítima;587,5;BR-262/MG;Leste;Choque - Arvore;1;1;;;;;1
06/02/2018;00:38:00;9;sem vítima;43,3;BR-060/GO;Norte;Saida de Pista;1;1;;;;;1
06/02/2018;22:45:00;560;sem vítima;548,467;BR-262/MG;Oeste;Saida de Pista;1;1;;;;;1
07/02/2018;03:55:00;42;ac02 - Acidente com Vítima;43,6;BR-153/MG;Sul;Colisão Traseira;2;1;1;;;;1
07/02/2018;11:38:00;254;sem vítima;473,001;BR-262/MG;Oeste;Colisão Traseira;1;2;;;;;1
07/02/2018;18:24:00;519;sem vítima;541,9;BR-153/GO;Sul;Tombamento;1;1;;;;;1
07/02/2018;22:31:00;632;ac02 - Acidente com Vítima;534;BR-153/GO;Norte;Choque - Veiculo parado no acostamento;1;1;1;;;;1
08/02/2018;04:25:00;50;sem vítima;69,9;BR-153/MG;Norte;Capotamento;1;1;;;;;1
08/02/2018;12:09:00;304;sem vítima;136,2;BR-060/GO;Sul;Colisão Lateral;2;2;;;;;1
08/02/2018;22:54:00;641;ac02 - Acidente com Vítima;802,8;BR-262/MG;Oeste;Colisão Traseira;1;1;;;1;;2
08/02/2018;23:13:00;649;sem vítima;721,128;BR-262/MG;Leste;Atropelamento de Animal;1;1;;;;;1
09/02/2018;14:29:00;427;ac02 - Acidente com Vítima;611,527;BR-262/MG;Leste;Colisão Lateral;2;5;1;;;;1
09/02/2018;21:10:00;684;ac02 - Acidente com Vítima;18;BR-153/MG;Sul;Atropelamento de Animal;1;1;;;1;;2
10/02/2018;11:34:00;280;sem vítima;27;BR-153/MG;Norte;Colisão Traseira;1;2;;;;;1
10/02/2018;16:43:00;436;sem vítima;702,1;BR-153/GO;Sul;Colisão Traseira;2;2;;;;;1
11/02/2018;09:08:00;137;sem vítima;703,001;BR-262/MG;Oeste;Colisão Traseira;1;4;;;;;1
11/02/2018;20:55:00;468;ac02 - Acidente com Vítima;56,1;BR-153/MG;Norte;Colisão Traseira;2;2;;1;;;2
12/02/2018;08:57:00;123;ac02 - Acidente com Vítima;49,4;BR-060/GO;Norte;Choque - Suporte de Sinalização;1;0;1;;;;1
12/02/2018;09:02:00;127;ac02 - Acidente com Vítima;436,631;BR-262/MG;Leste;Tombamento;1;0;;1;;;2
12/02/2018;14:08:00;281;sem vítima;91,9;BR-153/MG;Sul;Tombamento;1;1;;;;;1
12/02/2018;22:15:00;500;sem vítima;420,355;BR-262/MG;Leste;Atropelamento de Animal;1;1;;;;;1
13/02/2018;15:00:00;272;ac02 - Acidente com Vítima;547,597;BR-262/MG;Leste;Tombamento;1;0;1;;;;1
14/02/2018;17:47:00;440;sem vítima;3,399;BR-153/MG;Norte;Choque - Elemento de Drenagem;1;2;;;;;1
15/02/2018;09:10:00;135;sem vítima;554,5;BR-262/MG;Oeste;Colisão Traseira;1;2;;;;;1
15/02/2018;10:31:00;191;ac02 - Acidente com Vítima;11,355;BR-060/GO;Sul;Colisão Traseira;1;1;1;;;;1
15/02/2018;11:59:00;233;ac02 - Acidente com Vítima;123,699;BR-153/MG;Norte;Colisão Frontal;1;2;;1;1;;2
15/02/2018;14:18:00;292;sem vítima;830,5;BR-262/MG;Oeste;"Choque - Defensa, barreira ou ""submarino""";1;1;;;;;1
15/02/2018;20:17:00;525;sem vítima;489,269;BR-262/MG;Leste;Colisão Traseira;1;6;;;;;1
16/02/2018;14:48:00;349;sem vítima;418,086;BR-262/MG;Oeste;Colisão Transversal;1;2;;;;;1
16/02/2018;17:30:00;447;sem vítima;539,5;BR-262/MG;Leste;Colisão Lateral;2;2;;;;;1
16/02/2018;20:13:00;534;sem vítima;29,899;BR-060/DF;Norte;Tombamento;1;1;;;;;1
17/02/2018;08:02:00;99;sem vítima;512,81;BR-262/MG;Oeste;Colisão Traseira;1;5;;;;;1
17/02/2018;18:46:00;451;sem vítima;101;BR-060/GO;Norte;Colisão Lateral;1;2;;;;;1
18/02/2018;16:17:00;378;ac02 - Acidente com Vítima;658;BR-153/GO;Sul;Colisão Traseira;1;1;;;1;;2
18/02/2018;19:08:00;449;sem vítima;501,8;BR-153/GO;Sul;"Choque - Defensa, barreira ou ""submarino""";1;1;;;;;1
19/02/2018;04:14:00;44;ac02 - Acidente com Vítima;520;BR-262/MG;Oeste;Colisão Traseira;1;1;1;;;;1
19/02/2018;12:44:00;313;ac02 - Acidente com Vítima;655,5;BR-262/MG;Oeste;Choque - Talude;1;0;;1;;;2
19/02/2018;17:21:00;448;ac02 - Acidente com Vítima;506,001;BR-153/GO;Sul;Colisão Traseira;1;1;;1;;;2
19/02/2018;17:30:00;452;sem vítima;520,001;BR-153/GO;Norte;Colisão Traseira;1;2;;;;;1
19/02/2018;17:49:00;465;ac02 - Acidente com Vítima;92,001;BR-153/MG;Sul;Capotamento;1;0;1;;;;1
19/02/2018;23:44:00;575;sem vítima;369,269;BR-262/MG;Leste;"Choque - Defensa, barreira ou ""submarino""";1;5;;;;;1
20/02/2018;22:52:00;609;sem vítima;27,5;BR-060/GO;Sul;Choque - Outros;1;1;;;;;1
21/02/2018;15:44:00;357;ac02 - Acidente com Vítima;574;BR-262/MG;Oeste;Colisão Lateral;2;1;1;;;;1
22/02/2018;13:46:00;362;sem vítima;121,5;BR-153/MG;Norte;Colisão Traseira;1;4;;;;;1
22/02/2018;15:05:00;420;sem vítima;109,6;BR-060/GO;Sul;"Choque - Defensa, barreira ou ""submarino""";1;1;;;;;1
22/02/2018;15:33:00;440;sem vítima;44,399;BR-153/MG;Sul;Colisão Lateral;1;5;;;;;1
23/02/2018;12:59:00;352;ac02 - Acidente com Vítima;129,5;BR-060/GO;Norte;Choque - Talude;1;0;2;;;;1
23/02/2018;16:44:00;495;sem vítima;590;BR-262/MG;Oeste;Colisão Lateral;1;2;;;;;1
23/02/2018;21:04:00;648;ac02 - Acidente com Vítima;633;BR-153/GO;Sul;Colisão Traseira;2;1;1;;;;1
24/02/2018;08:51:00;164;ac02 - Acidente com Vítima;465,654;BR-262/MG;Leste;Tombamento;1;6;;3;;;2
24/02/2018;09:03:00;170;ac02 - Acidente com Vítima;497,9;BR-153/GO;Norte;Engavetamento;1;6;2;1;;;2
24/02/2018;10:31:00;220;sem vítima;39,5;BR-060/GO;Sul;Colisão Traseira;1;2;;;;;1
24/02/2018;13:21:00;315;sem vítima;628,416;BR-262/MG;Leste;Choque - Elemento de Drenagem;1;1;;;;;1
24/02/2018;15:40:00;408;ac02 - Acidente com Vítima;585;BR-262/MG;Leste;Capotamento;1;0;;1;;;2
24/02/2018;16:55:00;450;sem vítima;58,208;BR-153/MG;Sul;Colisão Traseira;1;2;;;;;1
24/02/2018;17:43:00;476;sem vítima;579,1;BR-262/MG;Leste;Saida de Pista;1;1;;;;;1
24/02/2018;22:46:00;616;sem vítima;113,687;BR-060/GO;Sul;Choque - Suporte de Sinalização;1;1;;;;;1
25/02/2018;06:48:00;100;sem vítima;376,9;BR-262/MG;Oeste;Colisão Traseira;1;4;;;;;1
25/02/2018;17:25:00;378;sem vítima;389;BR-262/MG;Leste;Colisão Traseira;2;2;;;;;1
25/02/2018;21:10:00;479;sem vítima;69,799;BR-060/GO;Norte;Tombamento;1;1;;;;;1
26/02/2018;00:41:00;12;sem vítima;73,2;BR-060/GO;Sul;Tombamento;1;1;;;;;1
26/02/2018;02:13:00;33;sem vítima;44,3;BR-153/MG;Sul;Choque - Elemento de Drenagem;1;1;;;;;1
26/02/2018;03:15:00;42;sem vítima;556,1;BR-153/GO;Norte;Tombamento;1;1;;;;;1
27/02/2018;07:00:00;73;sem vítima;553;BR-262/MG;Oeste;Colisão Traseira;1;2;;;;;1
27/02/2018;09:05:00;169;sem vítima;120,799;BR-153/MG;Sul;Colisão Lateral;1;2;;;;;1
27/02/2018;19:37:00;621;sem vítima;1,199;BR-060/GO;Sul;Colisão Lateral;2;2;;;;;1
27/02/2018;20:14:00;636;sem vítima;526,768;BR-262/MG;Oeste;Choque - Elemento de Drenagem;1;1;;;;;1
27/02/2018;20:15:00;637;sem vítima;630,228;BR-262/MG;Oeste;Saida de Pista;1;1;;;;;1
28/02/2018;01:00:00;9;sem vítima;657;BR-153/GO;Sul;Tombamento;1;1;;;;;1
28/02/2018;07:21:00;87;ac02 - Acidente com Vítima;98,001;BR-153/MG;Sul;Colisão Traseira;1;2;1;;;;1
28/02/2018;15:20:00;340;sem vítima;86,8;BR-060/GO;Norte;Colisão Traseira;1;4;;;;;1
28/02/2018;16:26:00;373;sem vítima;608;BR-262/MG;Leste;Choque - Talude;1;1;;;;;1
28/02/2018;17:08:00;398;ac02 - Acidente com Vítima;590;BR-262/MG;Oeste;Colisão Lateral;1;1;1;;;;1
28/02/2018;19:54:00;489;sem vítima;540;BR-153/GO;Norte;Choque - Elemento de Drenagem;1;1;;;;;1
28/02/2018;19:58:00;490;sem vítima;6,5;BR-060/DF;Sul;Saida de Pista;1;1;;;;;1
28/02/2018;20:56:00;519;ac02 - Acidente com Vítima;33,7;BR-060/GO;Sul;Colisão Lateral;1;2;4;;;;1
28/02/2018;22:56:00;559;sem vítima;360,5;BR-262/MG;Leste;Choque - Suporte de Sinalização;1;1;;;;;1
01/03/2018;08:56:00;169;sem vítima;34;BR-153/MG;Norte;Colisão Lateral;1;3;;;;;1
02/03/2018;11:08:00;263;sem vítima;509;BR-153/GO;Sul;Saida de Pista;1;2;;;;;1
02/03/2018;11:11:00;266;sem vítima;549;BR-262/MG;Leste;Colisão Transversal;1;2;;;;;1
02/03/2018;14:14:00;359;ac01 - Acidente com Vítima Fatal;577,671;BR-262/MG;Leste;Colisão Frontal;2;0;;;;2;3
02/03/2018;14:40:00;372;ac02 - Acidente com Vítima;109,5;BR-060/GO;Sul;Colisão Traseira;1;1;1;;;;1
02/03/2018;15:28:00;402;sem vítima;175;BR-153/MG;Norte;Colisão Traseira;1;48;;;;;1
02/03/2018;18:21:00;491;sem vítima;495,3;BR-153/GO;Sul;Engavetamento;1;9;;;;;1
02/03/2018;19:22:00;522;sem vítima;2,2;BR-060/DF;Norte;Tombamento;1;1;;;;;1
02/03/2018;19:25:00;523;ac02 - Acidente com Vítima;610,671;BR-262/MG;Leste;Colisão Traseira;1;2;;1;;;2
04/03/2018;01:24:00;13;sem vítima;565,399;BR-153/GO;Sul;Colisão Traseira;2;2;;;;;1
04/03/2018;13:08:00;238;sem vítima;471;BR-262/MG;Leste;Tombamento;1;1;;;;;1
04/03/2018;21:37:00;501;sem vítima;515,5;BR-153/GO;Sul;Colisão Traseira;2;2;;;;;1
05/03/2018;13:59:00;320;sem vítima;547;BR-262/MG;Oeste;Saida de Pista;1;1;;;;;1
05/03/2018;15:04:00;352;sem vítima;577;BR-262/MG;Leste;Engavetamento;2;7;;;;;1
05/03/2018;21:58:00;561;ac02 - Acidente com Vítima;2,924;BR-060/GO;Norte;Colisão Traseira;2;1;1;;;;1
06/03/2018;05:48:00;70;ac02 - Acidente com Vítima;42,3;BR-153/MG;Sul;Colisão Traseira;2;1;;1;;;2
06/03/2018;06:44:00;96;ac02 - Acidente com Vítima;451;BR-262/MG;Leste;Colisão Traseira;1;2;;1;;;2
06/03/2018;07:32:00;114;ac01 - Acidente com Vítima Fatal;663;BR-153/GO;Sul;Colisão Traseira;2;1;1;;;1;3
06/03/2018;09:01:00;180;sem vítima;662,2;BR-153/GO;Sul;"Choque - Defensa, barreira ou ""submarino""";1;1;;;;;1
06/03/2018;09:10:00;185;sem vítima;496,3;BR-153/GO;Norte;Colisão Traseira;2;2;;;;;1
06/03/2018;15:04:00;425;sem vítima;101;BR-060/GO;Sul;Colisão Traseira;1;5;;;;;1
06/03/2018;16:57:00;502;sem vítima;124;BR-153/MG;Sul;Colisão Traseira;2;2;;;;;1
06/03/2018;17:29:00;521;ac01 - Acidente com Vítima Fatal;466;BR-262/MG;Oeste;Colisão Traseira;1;3;;1;;1;3
06/03/2018;22:09:00;650;ac02 - Acidente com Vítima;491,699;BR-153/GO;Norte;Choque - Veiculo parado no acostamento;1;1;;1;;;2
06/03/2018;22:14:00;652;ac02 - Acidente com Vítima;702,5;BR-153/GO;Sul;Colisão Traseira;1;2;;1;;;2
07/03/2018;00:16:00;4;sem vítima;549,967;BR-262/MG;Leste;Carreta deu L;1;1;;;;;1
07/03/2018;05:45:00;51;sem vítima;509;BR-262/MG;Oeste;Saida de Pista;1;1;;;;;1
07/03/2018;07:59:00;108;sem vítima;23,199;BR-153/MG;Norte;Tombamento;1;1;;;;;1
07/03/2018;14:10:00;347;sem vítima;660,2;BR-153/GO;Norte;Colisão Lateral;1;2;;;;;1
07/03/2018;23:52:00;582;ac02 - Acidente com Vítima;13,951;BR-153/MG;Norte;Colisão Traseira;1;4;;;1;;2
08/03/2018;07:16:00;77;ac02 - Acidente com Vítima;575,486;BR-262/MG;Leste;Atropelamento - Andarilho;1;0;;2;;;2
08/03/2018;19:00:00;519;sem vítima;702,2;BR-153/GO;Sul;Choque - Poste;1;1;;;;;1
08/03/2018;20:32:00;566;sem vítima;559;BR-262/MG;Oeste;Saida de Pista;1;1;;;;;1
08/03/2018;23:02:00;620;sem vítima;367;BR-262/MG;Leste;Choque - Elemento de Drenagem;1;1;;;;;1
09/03/2018;07:53:00;136;sem vítima;28;BR-060/DF;Norte;Carreta deu L;1;1;;;;;1
09/03/2018;12:35:00;320;sem vítima;792,6;BR-262/MG;Leste;Saida de Pista;2;2;;;;;1
09/03/2018;14:11:00;356;sem vítima;516,8;BR-153/GO;Norte;Saida de Pista;1;1;;;;;1
09/03/2018;14:24:00;363;ac02 - Acidente com Vítima;662;BR-153/GO;Norte;Colisão Traseira;2;1;1;;;;1
09/03/2018;16:38:00;434;sem vítima;589;BR-262/MG;Oeste;Choque - Elemento de Drenagem;1;2;;;;;1
10/03/2018;00:07:00;2;sem vítima;3,799;BR-153/MG;Sul;Tombamento;1;1;;;;;1
10/03/2018;16:22:00;519;sem vítima;133;BR-060/GO;Norte;Colisão Traseira;1;2;;;;;1
10/03/2018;19:29:00;621;sem vítima;120,873;BR-060/GO;Sul;Tombamento;1;4;;;;;1
11/03/2018;12:56:00;256;sem vítima;564;BR-262/MG;Leste;Choque - Elemento de Drenagem;1;1;;;;;1
12/03/2018;11:00:00;273;sem vítima;23;BR-153/MG;Norte;Choque - Outros;1;1;;;;;1
12/03/2018;20:03:00;577;sem vítima;609;BR-262/MG;Oeste;Colisão Traseira;1;2;;;;;1
13/03/2018;00:46:00;12;sem vítima;639,635;BR-262/MG;Leste;Tombamento;1;3;;;;;1
13/03/2018;07:42:00;92;sem vítima;98,531;BR-060/GO;Sul;Colisão Traseira;1;2;;;;;1
13/03/2018;17:53:00;526;ac02 - Acidente com Vítima;505,22;BR-262/MG;Leste;Engavetamento;4;3;;1;;;2
14/03/2018;07:39:00;146;sem vítima;495;BR-153/GO;Sul;Colisão Traseira;1;2;;;;;1
14/03/2018;08:04:00;180;ac02 - Acidente com Vítima;492,933;BR-153/GO;Sul;Engavetamento;1;4;2;;;;1
14/03/2018;09:29:00;242;sem vítima;699;BR-262/MG;Oeste;Colisão Traseira;2;2;;;;;1
14/03/2018;14:57:00;502;ac02 - Acidente com Vítima;503,8;BR-153/GO;Sul;Engavetamento;2;6;1;;;;1
14/03/2018;19:13:00;666;ac02 - Acidente com Vítima;443,367;BR-262/MG;Oeste;Atropelamento - Morador;1;2;1;;;;1
15/03/2018;04:26:00;50;sem vítima;49,002;BR-153/MG;Sul;Tombamento;1;2;;;;;1
15/03/2018;07:28:00;108;ac02 - Acidente com Vítima;129,6;BR-060/GO;Sul;Capotamento;1;1;3;1;;;2
15/03/2018;07:36:00;114;ac02 - Acidente com Vítima;456,9;BR-262/MG;Leste;Colisão Transversal;1;1;2;1;;;2
15/03/2018;12:20:00;301;sem vítima;799;BR-262/MG;Oeste;Saida de Pista;1;1;;;;;1
16/03/2018;01:00:00;23;sem vítima;505,571;BR-262/MG;Oeste;Tombamento;1;1;;;;;1
16/03/2018;11:33:00;293;sem vítima;89,82;BR-060/GO;Norte;Colisão Lateral;1;2;;;;;1
16/03/2018;14:39:00;414;sem vítima;580;BR-262/MG;Oeste;Colisão Transversal;1;2;;;;;1
16/03/2018;14:56:00;428;sem vítima;124,001;BR-153/MG;Norte;Tombamento;1;1;;;;;1
16/03/2018;17:34:00;517;ac02 - Acidente com Vítima;180;BR-153/MG;Norte;Colisão Traseira;1;4;;3;;;2
16/03/2018;18:27:00;553;ac02 - Acidente com Vítima;516,5;BR-153/GO;Sul;Tombamento;1;0;1;;;;1
17/03/2018;00:14:00;5;sem vítima;428,258;BR-262/MG;Leste;Tombamento;1;1;;;;;1
17/03/2018;00:36:00;15;ac02 - Acidente com Vítima;777,456;BR-262/MG;Oeste;Colisão Frontal;1;0;4;;;;1
17/03/2018;01:51:00;25;ac01 - Acidente com Vítima Fatal;98,427;BR-060/GO;Sul;Colisão Traseira;1;1;;;;1;3
17/03/2018;05:35:00;66;sem vítima;768;BR-262/MG;Oeste;Tombamento;1;1;;;;;1
17/03/2018;11:48:00;259;sem vítima;697;BR-153/GO;Norte;Colisão Lateral;1;2;;;;;1
17/03/2018;12:33:00;279;ac02 - Acidente com Vítima;600;BR-153/GO;Sul;Capotamento;1;1;1;;;;1
17/03/2018;13:57:00;317;sem vítima;554,06;BR-153/GO;Norte;Colisão Transversal;1;2;;;;;1
17/03/2018;15:28:00;366;ac02 - Acidente com Vítima;632,53;BR-262/MG;Oeste;Choque - Talude;1;0;1;;;;1
18/03/2018;07:44:00;150;sem vítima;58;BR-153/MG;Norte;Saida de Pista;1;1;;;;;1
18/03/2018;17:12:00;445;ac02 - Acidente com Vítima;611;BR-262/MG;Leste;Engavetamento;2;1;3;;;;1
19/03/2018;02:02:00;28;sem vítima;38,863;BR-153/MG;Norte;Saida de Pista;1;1;;;;;1
19/03/2018;06:47:00;85;ac02 - Acidente com Vítima;26,466;BR-060/GO;Sul;Capotamento;1;0;1;;;;1