data;horario;n_da_ocorrencia;tipo_de_ocorrencia;km;trecho;sentido;tipo_de_acidente;caminhao;ilesos;levemente_feridos;moderadamente_feridos;gravemente_feridos;mortos;3
19/03/2018;12:15:00;259;sem vítima;58,2;BR-153/MG;Sul;Choque - Suporte de Sinalização;1;1;;;;;1
19/03/2018;12:51:00;271;sem vítima;44,832;BR-060/GO;Norte;Colisão Lateral;1;5;;;;;1
19/03/2018;21:28:00;560;sem vítima;26,087;BR-060/GO;Sul;Tombamento;1;1;;;;;1
20/03/2018;05:17:00;58;ac02 - Acidente com Vítima;73,613;BR-060/GO;Norte;Colisão Traseira;2;3;;2;;;2
20/03/2018;09:57:00;196;sem vítima;790;BR-262/MG;Oeste;Colisão Lateral;2;3;;;;;1
20/03/2018;13:59:00;331;sem vítima;9,5;BR-153/MG;Sul;Colisão Traseira;1;2;;;;;1
20/03/2018;19:19:00;512;sem vítima;134;BR-060/GO;Norte;Colisão Traseira;2;2;;;;;1
21/03/2018;01:36:00;20;sem vítima;424,658;BR-262/MG;Leste;"Choque - Defensa, barreira ou ""submarino""";1;1;;;;;1
21/03/2018;10:43:00;304;sem vítima;586;BR-262/MG;Oeste;Carreta deu L;1;1;;;;;1
21/03/2018;10:49:00;306;sem vítima;539,4;BR-262/MG;Oeste;Saida de Pista;1;1;;;;;1
21/03/2018;17:11:00;543;sem vítima;103,8;BR-153/MG;Norte;Choque - Outros;1;1;;;;;1
21/03/2018;17:26:00;552;ac02 - Acidente com Vítima;498;BR-153/GO;Norte;Colisão Lateral;1;1;1;;;;1
21/03/2018;17:39:00;565;sem vítima;133,8;BR-060/GO;Sul;Tombamento;1;1;;;;;1
22/03/2018;07:26:00;119;sem vítima;499,95;BR-153/GO;Sul;Engavetamento;1;3;;;;;1
22/03/2018;14:16:00;383;ac02 - Acidente com Vítima;60,634;BR-060/GO;Sul;Colisão Traseira;2;1;1;;;;1
22/03/2018;17:53:00;529;ac02 - Acidente com Vítima;382,046;BR-262/MG;Oeste;Tombamento;1;0;;1;;;2
22/03/2018;18:13:00;535;sem vítima;503,3;BR-153/GO;Sul;Colisão Lateral;1;2;;;;;1
22/03/2018;19:03:00;558;sem vítima;549,967;BR-262/MG;Oeste;Tombamento;1;1;;;;;1
23/03/2018;05:49:00;79;sem vítima;877;BR-262/MG;Oeste;Colisão Traseira;2;2;;;;;1
23/03/2018;07:41:00;122;sem vítima;675,6;BR-153/GO;Sul;Tombamento;1;2;;;;;1
23/03/2018;14:50:00;361;ac02 - Acidente com Vítima;27,699;BR-060/DF;Sul;Colisão Traseira;1;3;1;;;;1
23/03/2018;15:20:00;374;ac02 - Acidente com Vítima;507,6;BR-153/GO;Norte;Colisão Transversal;1;2;1;;;;1
23/03/2018;16:41:00;436;ac02 - Acidente com Vítima;14,7;BR-060/GO;Norte;Capotamento;1;1;1;;;;1
23/03/2018;17:34:00;463;sem vítima;58,001;BR-153/MG;Sul;Colisão Lateral;1;6;;;;;1
24/03/2018;05:22:00;70;sem vítima;479,269;BR-262/MG;Oeste;Choque - Outros;1;2;;;;;1
24/03/2018;18:55:00;527;ac02 - Acidente com Vítima;801;BR-262/MG;Leste;Engavetamento;2;9;3;4;;;2
25/03/2018;02:43:00;35;sem vítima;73,52;BR-153/MG;Sul;Saida de Pista;1;2;;;;;1
25/03/2018;07:33:00;93;sem vítima;480,058;BR-262/MG;Oeste;Saida de Pista;1;1;;;;;1
25/03/2018;10:19:00;187;ac02 - Acidente com Vítima;788,298;BR-262/MG;Oeste;Colisão Traseira;1;1;1;;;;1
25/03/2018;12:44:00;247;ac01 - Acidente com Vítima Fatal;508,995;BR-153/GO;Sul;Colisão Traseira;1;1;;;;1;3
25/03/2018;18:16:00;453;sem vítima;54,46;BR-153/MG;Norte;Capotamento;1;2;;;;;1
25/03/2018;22:03:00;567;sem vítima;128,9;BR-153/MG;Sul;"Choque - Defensa, barreira ou ""submarino""";1;1;;;;;1
25/03/2018;22:05:00;568;sem vítima;75;BR-153/MG;Norte;Choque - Outros;1;2;;;;;1
25/03/2018;22:10:00;572;ac01 - Acidente com Vítima Fatal;826;BR-262/MG;Oeste;Colisão Traseira;1;1;4;1;;1;3
26/03/2018;06:53:00;94;ac02 - Acidente com Vítima;11,913;BR-060/GO;Norte;Colisão Traseira;1;1;1;;;;1
26/03/2018;17:05:00;477;ac01 - Acidente com Vítima Fatal;0,001;BR-153/MG;Sul;Colisão Lateral;1;2;1;;;1;3
27/03/2018;02:20:00;30;sem vítima;79,799;BR-153/MG;Sul;Capotamento;1;1;;;;;1
27/03/2018;04:49:00;53;sem vítima;58,6;BR-153/MG;Sul;Colisão Traseira;2;2;;;;;1
27/03/2018;06:42:00;77;ac02 - Acidente com Vítima;139,3;BR-153/MG;Norte;Colisão Traseira;3;2;;1;;;2
27/03/2018;09:19:00;187;sem vítima;496,728;BR-153/GO;Sul;Colisão Traseira;1;2;;;;;1
27/03/2018;12:04:00;334;sem vítima;415;BR-262/MG;Leste;Saida de Pista;1;1;;;;;1
27/03/2018;13:17:00;390;sem vítima;658;BR-262/MG;Leste;Tombamento;1;1;;;;;1
27/03/2018;13:47:00;411;sem vítima;419;BR-262/MG;Leste;Colisão Traseira;2;2;;;;;1
27/03/2018;20:31:00;679;ac02 - Acidente com Vítima;49,6;BR-060/GO;Norte;Colisão Traseira;2;2;1;;;;1
28/03/2018;02:06:00;40;ac02 - Acidente com Vítima;693,936;BR-153/GO;Norte;Colisão Traseira;3;3;;1;;;2
28/03/2018;11:30:00;265;sem vítima;393;BR-262/MG;Leste;Colisão Traseira;2;3;;;;;1
29/03/2018;01:38:00;30;sem vítima;486;BR-262/MG;Leste;Atropelamento de Animal;1;1;;;;;1
29/03/2018;08:00:00;131;sem vítima;134;BR-153/MG;Sul;Colisão Traseira;2;2;;;;;1
29/03/2018;14:20:00;325;sem vítima;507,5;BR-153/GO;Sul;Colisão Lateral;1;2;;;;;1
29/03/2018;16:21:00;390;sem vítima;523,8;BR-153/GO;Sul;Choque - Talude;1;4;;;;;1
29/03/2018;17:04:00;419;sem vítima;107;BR-060/GO;Norte;Colisão Traseira;1;2;;;;;1
29/03/2018;19:11:00;508;ac02 - Acidente com Vítima;676,143;BR-153/GO;Sul;Colisão Traseira;2;1;1;;;;1
30/03/2018;15:50:00;505;sem vítima;107,8;BR-060/GO;Sul;Colisão Traseira;1;2;;;;;1
30/03/2018;18:43:00;606;sem vítima;462,926;BR-262/MG;Oeste;Tombamento;1;1;;;;;1
31/03/2018;14:46:00;294;sem vítima;174,699;BR-153/MG;Sul;Tombamento;1;2;;;;;1
31/03/2018;15:58:00;328;sem vítima;4,4;BR-060/GO;Norte;Objeto lançado contra veículo;2;2;;;;;1
31/03/2018;17:39:00;371;ac02 - Acidente com Vítima;523,671;BR-262/MG;Leste;Colisão Lateral;1;5;;1;;;2
31/03/2018;19:15:00;411;sem vítima;79,27;BR-060/GO;Sul;Choque - Elemento de Drenagem;1;1;;;;;1
01/04/2018;13:08:00;239;sem vítima;575,567;BR-262/MG;Oeste;Colisão Traseira;1;2;;;;;1
01/04/2018;21:59:00;512;sem vítima;71,3;BR-153/MG;Norte;"Choque - Defensa, barreira ou ""submarino""";1;1;;;;;1
02/04/2018;08:02:00;111;ac02 - Acidente com Vítima;589,497;BR-262/MG;Leste;Colisão Frontal;1;1;;;1;;2
02/04/2018;08:26:00;130;sem vítima;362;BR-262/MG;Leste;Tombamento;3;3;;;;;1
02/04/2018;11:17:00;248;sem vítima;577,2;BR-262/MG;Oeste;Colisão Traseira;2;2;;;;;1
02/04/2018;12:42:00;287;ac02 - Acidente com Vítima;364,6;BR-262/MG;Leste;Tombamento;1;0;1;;;;1
02/04/2018;15:08:00;354;ac02 - Acidente com Vítima;505,16;BR-153/GO;Sul;Capotamento;1;3;;1;;;2
02/04/2018;19:45:00;490;ac02 - Acidente com Vítima;224,98;BR-153/MG;Norte;Tombamento;1;0;1;;;;1
02/04/2018;19:56:00;496;ac02 - Acidente com Vítima;100,099;BR-060/GO;Sul;Tombamento;1;0;;1;;;2
03/04/2018;03:57:00;41;sem vítima;132,599;BR-060/GO;Sul;Colisão Traseira;2;3;;;;;1
03/04/2018;04:59:00;54;sem vítima;93,143;BR-060/GO;Norte;Tombamento;1;1;;;;;1
03/04/2018;06:50:00;93;sem vítima;57,899;BR-153/MG;Sul;Choque - Elemento de Drenagem;1;2;;;;;1
03/04/2018;08:56:00;179;sem vítima;117,11;BR-060/GO;Sul;Colisão Traseira;2;2;;;;;1
03/04/2018;10:31:00;241;sem vítima;130,274;BR-060/GO;Sul;Colisão Traseira;1;2;;;;;1
03/04/2018;11:38:00;273;ac01 - Acidente com Vítima Fatal;548,4;BR-153/GO;Norte;Colisão Traseira;1;1;;;;1;3
03/04/2018;13:51:00;336;sem vítima;626;BR-262/MG;Oeste;Colisão Traseira;2;2;;;;;1
04/04/2018;08:23:00;135;sem vítima;16,3;BR-060/GO;Sul;Colisão Lateral;1;2;;;;;1
04/04/2018;13:31:00;310;sem vítima;107,8;BR-060/GO;Sul;Choque - Veiculo parado na pista;2;2;;;;;1
04/04/2018;19:59:00;528;ac01 - Acidente com Vítima Fatal;34,433;BR-060/GO;Norte;Colisão Traseira;1;1;;;;1;3
05/04/2018;01:21:00;13;sem vítima;485,971;BR-262/MG;Leste;Carreta deu L;1;1;;;;;1
05/04/2018;06:36:00;70;sem vítima;508,8;BR-153/GO;Norte;Colisão Traseira;1;2;;;;;1
05/04/2018;07:57:00;103;sem vítima;500,2;BR-153/GO;Sul;Engavetamento;1;7;;;;;1
05/04/2018;16:19:00;356;sem vítima;579,4;BR-262/MG;Oeste;Choque - Talude;1;1;;;;;1
05/04/2018;16:52:00;378;ac02 - Acidente com Vítima;423;BR-262/MG;Leste;Colisão Traseira;1;1;;2;;;2
05/04/2018;16:53:00;380;ac02 - Acidente com Vítima;587,4;BR-262/MG;Oeste;Carreta deu L;1;0;1;;;;1
05/04/2018;19:28:00;449;ac02 - Acidente com Vítima;58,2;BR-153/MG;Sul;Colisão Traseira;2;1;;1;;;2
05/04/2018;21:45:00;505;ac02 - Acidente com Vítima;692,2;BR-153/GO;Sul;Tombamento;1;0;;1;;;2
05/04/2018;22:37:00;523;ac02 - Acidente com Vítima;56,6;BR-153/MG;Sul;Colisão Traseira;2;1;;;1;;2
05/04/2018;22:58:00;530;ac02 - Acidente com Vítima;620,985;BR-262/MG;Oeste;Engavetamento;3;2;1;;;;1
06/04/2018;08:18:00;155;ac02 - Acidente com Vítima;354,4;BR-262/MG;Oeste;Colisão Traseira;2;1;;;1;;2
06/04/2018;08:25:00;161;sem vítima;498,5;BR-153/GO;Norte;Colisão Traseira;1;2;;;;;1
06/04/2018;08:40:00;170;sem vítima;494,2;BR-153/GO;Sul;Colisão Traseira;2;2;;;;;1
06/04/2018;08:49:00;175;sem vítima;354,5;BR-262/MG;Oeste;Colisão Traseira;1;2;;;;;1
06/04/2018;15:31:00;376;ac02 - Acidente com Vítima;553,9;BR-262/MG;Leste;Tombamento;1;0;1;;;;1
06/04/2018;15:42:00;382;sem vítima;499,7;BR-153/GO;Sul;Colisão Traseira;2;2;;;;;1
07/04/2018;04:22:00;60;ac02 - Acidente com Vítima;129,199;BR-060/GO;Sul;Colisão Traseira;1;1;1;;;;1
07/04/2018;04:41:00;64;sem vítima;555;BR-262/MG;Oeste;Tombamento;1;1;;;;;1
07/04/2018;12:07:00;267;ac02 - Acidente com Vítima;44,1;BR-060/GO;Sul;Colisão Traseira;1;3;1;;;;1
08/04/2018;10:12:00;188;ac02 - Acidente com Vítima;82,2;BR-060/GO;Sul;Capotamento;1;0;;1;;;2
08/04/2018;22:30:00;539;sem vítima;574;BR-262/MG;Leste;Colisão Frontal;1;4;;;;;1
09/04/2018;07:53:00;107;sem vítima;503,985;BR-153/GO;Norte;Engavetamento;1;3;;;;;1
09/04/2018;15:09:00;359;sem vítima;128,3;BR-060/GO;Sul;Choque - Veiculo parado no acostamento;1;2;;;;;1
09/04/2018;15:43:00;370;sem vítima;493,382;BR-153/GO;Norte;Colisão Traseira;2;3;;;;;1
09/04/2018;21:24:00;532;sem vítima;752;BR-262/MG;Oeste;Colisão Traseira;1;2;;;;;1
10/04/2018;00:46:00;8;ac02 - Acidente com Vítima;113,753;BR-060/GO;Sul;Tombamento;1;1;1;;;;1
10/04/2018;18:51:00;464;ac02 - Acidente com Vítima;496,146;BR-153/GO;Norte;Colisão Traseira;1;1;1;;;;1
11/04/2018;07:11:00;101;ac02 - Acidente com Vítima;826,233;BR-262/MG;Oeste;Colisão Transversal;2;1;;;1;;2
11/04/2018;13:31:00;357;sem vítima;503,5;BR-153/GO;Sul;Colisão Traseira;1;3;;;;;1
11/04/2018;14:08:00;381;sem vítima;634;BR-262/MG;Leste;Colisão Transversal;1;2;;;;;1
11/04/2018;14:29:00;394;sem vítima;501,5;BR-153/GO;Sul;"Choque - Defensa, barreira ou ""submarino""";1;1;;;;;1
12/04/2018;16:00:00;433;ac02 - Acidente com Vítima;583,4;BR-153/GO;Sul;Carreta deu L;1;0;2;;;;1
12/04/2018;17:01:00;473;sem vítima;582,5;BR-153/GO;Sul;Colisão Lateral;1;2;;;;;1
12/04/2018;18:28:00;518;sem vítima;798,567;BR-262/MG;Oeste;Engavetamento;2;6;;;;;1
12/04/2018;18:32:00;525;sem vítima;9;BR-153/MG;Norte;Colisão Traseira;1;3;;;;;1
13/04/2018;03:41:00;50;sem vítima;554,2;BR-153/GO;Sul;Tombamento;1;1;;;;;1
13/04/2018;05:33:00;78;sem vítima;46,8;BR-153/MG;Sul;Choque - Suporte de Sinalização;1;1;;;;;1
13/04/2018;07:41:00;126;sem vítima;496,05;BR-153/GO;Sul;Colisão Lateral;1;2;;;;;1
13/04/2018;08:53:00;167;ac01 - Acidente com Vítima Fatal;510,582;BR-262/MG;Leste;Colisão Frontal;3;1;;2;;2;3
13/04/2018;16:54:00;401;ac01 - Acidente com Vítima Fatal;802,399;BR-262/MG;Oeste;Colisão Traseira;1;0;1;1;;1;3
13/04/2018;23:08:00;560;ac02 - Acidente com Vítima;100,2;BR-060/GO;Norte;Tombamento;1;0;1;;;;1
14/04/2018;01:43:00;26;sem vítima;46,6;BR-060/GO;Norte;Carreta deu L;1;1;;;;;1
14/04/2018;13:02:00;274;ac02 - Acidente com Vítima;37;BR-153/MG;Sul;Colisão Traseira;2;1;;;1;;2
14/04/2018;15:51:00;340;sem vítima;11,5;BR-060/GO;Norte;Colisão Lateral;1;2;;;;;1
15/04/2018;02:13:00;20;ac02 - Acidente com Vítima;425,236;BR-262/MG;Oeste;Colisão Traseira;1;1;1;1;;;2
15/04/2018;16:04:00;358;sem vítima;244,898;BR-153/MG;Norte;Colisão Lateral;1;2;;;;;1
17/04/2018;20:38:00;488;sem vítima;96,2;BR-153/MG;Sul;Tombamento;1;1;;;;;1
17/04/2018;22:57:00;528;sem vítima;659;BR-262/MG;Oeste;Tombamento;1;1;;;;;1
18/04/2018;04:22:00;51;sem vítima;356;BR-262/MG;Oeste;Atropelamento de Animal;1;1;;;;;1
18/04/2018;05:58:00;76;sem vítima;556;BR-262/MG;Oeste;Choque - Talude;1;1;;;;;1
20/04/2018;08:38:00;144;sem vítima;496,7;BR-153/GO;Norte;Engavetamento;3;3;;;;;1
20/04/2018;10:30:00;226;sem vítima;118;BR-060/GO;Norte;Colisão Lateral;1;2;;;;;1
20/04/2018;11:38:00;270;sem vítima;58;BR-153/MG;Sul;Tombamento;1;1;;;;;1
20/04/2018;11:55:00;275;ac02 - Acidente com Vítima;58;BR-153/MG;Sul;Colisão Traseira;2;2;2;;;;1
20/04/2018;17:30:00;451;sem vítima;636;BR-153/GO;Norte;Carreta deu L;1;1;;;;;1
20/04/2018;20:20:00;534;sem vítima;1,05;BR-153/MG;Sul;Colisão Lateral;1;2;;;;;1
21/04/2018;05:33:00;69;sem vítima;526,728;BR-153/GO;Sul;Colisão Traseira;1;2;;;;;1
22/04/2018;18:58:00;446;ac01 - Acidente com Vítima Fatal;539,273;BR-262/MG;Leste;Colisão Frontal;2;0;1;;;3;3
22/04/2018;19:25:00;494;sem vítima;539,273;BR-262/MG;Leste;Choque - Elemento de Drenagem;1;1;;;;;1
22/04/2018;21:53:00;518;sem vítima;725;BR-262/MG;Oeste;Atropelamento de Animal;1;1;;;;;1
23/04/2018;19:03:00;509;ac02 - Acidente com Vítima;560,868;BR-262/MG;Leste;Tombamento;1;0;1;;;;1
23/04/2018;19:38:00;530;sem vítima;72,299;BR-060/GO;Norte;Colisão Traseira;2;2;;;;;1
24/04/2018;09:45:00;183;ac02 - Acidente com Vítima;498,8;BR-153/GO;Sul;Engavetamento;2;2;1;1;;;2
24/04/2018;17:23:00;465;ac01 - Acidente com Vítima Fatal;28,852;BR-060/GO;Sul;Choque - Veiculo parado no acostamento;2;1;1;;;1;3
25/04/2018;05:22:00;57;sem vítima;597,6;BR-153/GO;Sul;"Choque - Defensa, barreira ou ""submarino""";1;1;;;;;1
25/04/2018;08:18:00;121;sem vítima;245,908;BR-153/MG;Sul;Colisão Transversal;1;2;;;;;1
25/04/2018;09:02:00;155;sem vítima;512,973;BR-262/MG;Leste;Colisão Traseira;1;3;;;;;1
25/04/2018;15:38:00;378;ac02 - Acidente com Vítima;5,995;BR-153/MG;Norte;Tombamento;1;0;;1;;;2
25/04/2018;18:04:00;468;ac02 - Acidente com Vítima;502,3;BR-153/GO;Sul;Engavetamento;1;1;;1;;;2
26/04/2018;06:53:00;76;sem vítima;746,5;BR-262/MG;Oeste;Choque - Talude;1;1;;;;;1
26/04/2018;08:13:00;110;ac02 - Acidente com Vítima;548,137;BR-262/MG;Leste;Tombamento;1;1;1;;;;1
26/04/2018;09:31:00;162;ac02 - Acidente com Vítima;494,117;BR-153/GO;Sul;Engavetamento;2;6;1;;;;1
26/04/2018;11:26:00;231;sem vítima;443;BR-262/MG;Leste;Colisão Traseira;1;2;;;;;1
26/04/2018;12:56:00;280;sem vítima;495,7;BR-153/GO;Norte;Colisão Traseira;1;2;;;;;1
26/04/2018;14:59:00;335;sem vítima;632;BR-262/MG;Leste;Saida de Pista;1;1;;;;;1
26/04/2018;15:47:00;361;sem vítima;367;BR-262/MG;Oeste;Tombamento;1;1;;;;;1
26/04/2018;16:08:00;374;sem vítima;497,3;BR-153/GO;Sul;Colisão Traseira;1;2;;;;;1
26/04/2018;23:33:00;574;sem vítima;834;BR-262/MG;Oeste;Colisão Lateral;1;2;;;;;1
27/04/2018;04:41:00;73;ac02 - Acidente com Vítima;45,281;BR-060/GO;Norte;Tombamento;1;1;1;;;;1
27/04/2018;07:40:00;142;ac02 - Acidente com Vítima;508,02;BR-153/GO;Norte;Colisão Lateral;1;2;1;1;;;2
27/04/2018;13:25:00;384;sem vítima;574,8;BR-153/GO;Sul;Carreta deu L;1;1;;;;;1
27/04/2018;18:12:00;578;ac02 - Acidente com Vítima;479,37;BR-262/MG;Oeste;Colisão Transversal;2;1;;1;;;2
28/04/2018;11:38:00;254;sem vítima;514;BR-153/GO;Sul;Colisão Transversal;1;6;;;;;1
28/04/2018;18:00:00;492;sem vítima;440;BR-262/MG;Oeste;Atropelamento de Animal;1;1;;;;;1
28/04/2018;23:29:00;594;sem vítima;880,057;BR-262/MG;Oeste;Colisão Traseira;1;2;;;;;1
29/04/2018;06:20:00;78;sem vítima;100,799;BR-153/MG;Sul;Tombamento;1;1;;;;;1
29/04/2018;15:30:00;314;sem vítima;510;BR-153/GO;Norte;Engavetamento;2;3;;;;;1
29/04/2018;21:10:00;468;ac02 - Acidente com Vítima;547,257;BR-262/MG;Leste;Tombamento;1;0;3;;;;1
30/04/2018;14:57:00;310;sem vítima;5,4;BR-153/MG;Norte;"Choque - Defensa, barreira ou ""submarino""";1;1;;;;;1
30/04/2018;19:51:00;450;sem vítima;670;BR-153/GO;Sul;Tombamento;1;1;;;;;1
01/05/2018;05:28:00;81;sem vítima;791;BR-262/MG;Leste;Saida de Pista;1;1;;;;;1
02/05/2018;06:21:00;64;sem vítima;87,4;BR-060/GO;Norte;Atropelamento de Animal;1;1;;;;;1
03/05/2018;07:45:00;95;sem vítima;693,936;BR-262/MG;Oeste;Colisão Traseira;2;2;;;;;1
03/05/2018;08:53:00;143;sem vítima;500,5;BR-153/GO;Sul;Colisão Traseira;2;2;;;;;1
03/05/2018;15:00:00;347;ac02 - Acidente com Vítima;903,245;BR-262/MG;Leste;Tombamento;1;0;1;;;;1
03/05/2018;15:08:00;350;sem vítima;521,5;BR-153/GO;Sul;Saida de Pista;1;1;;;;;1
03/05/2018;18:18:00;442;sem vítima;502,699;BR-153/GO;Sul;Colisão Transversal;1;2;;;;;1
03/05/2018;22:54:00;566;ac02 - Acidente com Vítima;482,236;BR-262/MG;Leste;Colisão Traseira;1;1;1;;;;1
03/05/2018;23:53:00;589;sem vítima;27,3;BR-153/MG;Sul;Saida de Pista;1;1;;;;;1
04/05/2018;07:55:00;113;ac02 - Acidente com Vítima;130,4;BR-153/MG;Norte;Tombamento;1;0;1;;;;1
04/05/2018;18:41:00;475;ac01 - Acidente com Vítima Fatal;362,3;BR-262/MG;Leste;Atropelamento - Morador;1;1;;1;;1;3
04/05/2018;19:32:00;486;sem vítima;439;BR-262/MG;Leste;Colisão Traseira;1;2;;;;;1
05/05/2018;03:17:00;38;ac02 - Acidente com Vítima;33,2;BR-060/GO;Norte;Colisão Traseira;1;1;;;1;;2
05/05/2018;17:10:00;426;sem vítima;482;BR-262/MG;Leste;Colisão Traseira;1;5;;;;;1
06/05/2018;00:19:00;4;ac02 - Acidente com Vítima;498,553;BR-153/GO;Norte;"Choque - Defensa, barreira ou ""submarino""";1;1;1;;;;1
06/05/2018;04:27:00;48;sem vítima;210;BR-153/MG;Sul;Choque - Outros;1;1;;;;;1
06/05/2018;14:39:00;306;ac02 - Acidente com Vítima;674,3;BR-262/MG;Leste;Carreta deu L;1;0;;1;;;2
07/05/2018;06:24:00;59;sem vítima;28,529;BR-060/GO;Sul;Colisão Traseira;2;2;;;;;1
07/05/2018;13:03:00;278;ac02 - Acidente com Vítima;70,799;BR-153/MG;Sul;Tombamento;1;0;1;;;;1
07/05/2018;17:50:00;442;sem vítima;136,5;BR-060/GO;Sul;Tombamento;1;1;;;;;1
08/05/2018;12:37:00;261;sem vítima;747,95;BR-262/MG;Leste;Colisão Traseira;2;2;;;;;1
08/05/2018;13:20:00;279;sem vítima;747,95;BR-262/MG;Leste;Engavetamento;4;9;;;;;1
08/05/2018;15:48:00;358;sem vítima;552;BR-262/MG;Leste;Colisão Traseira;2;2;;;;;1
09/05/2018;07:40:00;101;sem vítima;508,8;BR-153/GO;Norte;Colisão Lateral;1;2;;;;;1
09/05/2018;18:39:00;474;ac02 - Acidente com Vítima;0,446;BR-060/DF;Norte;Colisão Lateral;1;1;1;;;;1
09/05/2018;19:28:00;501;sem vítima;515;BR-153/GO;Norte;Colisão Traseira;1;2;;;;;1
09/05/2018;22:02:00;549;ac02 - Acidente com Vítima;563,399;BR-153/GO;Norte;Colisão Traseira;1;2;1;;;;1
10/05/2018;18:29:00;510;sem vítima;495,837;BR-153/GO;Sul;Colisão Traseira;2;2;;;;;1
10/05/2018;22:48:00;599;sem vítima;538,87;BR-262/MG;Oeste;Tombamento;1;2;;;;;1
11/05/2018;07:27:00;80;ac02 - Acidente com Vítima;433;BR-262/MG;Leste;Colisão Traseira;1;1;1;;;;1
11/05/2018;08:30:00;114;sem vítima;504,5;BR-153/GO;Norte;Colisão Lateral;1;2;;;;;1
11/05/2018;08:54:00;133;sem vítima;37,8;BR-153/MG;Norte;Colisão Traseira;2;3;;;;;1
11/05/2018;14:11:00;332;sem vítima;648,6;BR-262/MG;Leste;Colisão Traseira;1;2;;;;;1
11/05/2018;14:53:00;352;sem vítima;514;BR-262/MG;Leste;Colisão Lateral;2;2;;;;;1
11/05/2018;16:08:00;393;ac02 - Acidente com Vítima;476,46;BR-262/MG;Oeste;Colisão Transversal;1;0;1;1;1;;2
11/05/2018;17:03:00;428;sem vítima;500,7;BR-153/GO;Norte;"Choque - Defensa, barreira ou ""submarino""";1;2;;;;;1
11/05/2018;18:11:00;473;sem vítima;495,327;BR-153/GO;Sul;Colisão Lateral;1;2;;;;;1
11/05/2018;18:36:00;487;ac02 - Acidente com Vítima;39,899;BR-060/GO;Sul;Colisão Traseira;2;1;1;;;;1
12/05/2018;11:02:00;249;sem vítima;553;BR-153/GO;Norte;Colisão Traseira;1;2;;;;;1
12/05/2018;11:45:00;268;sem vítima;800,69;BR-262/MG;Oeste;Choque - Elemento de Drenagem;1;1;;;;;1
12/05/2018;14:26:00;350;sem vítima;497,5;BR-153/GO;Sul;Colisão Lateral;1;2;;;;;1
12/05/2018;16:09:00;398;ac02 - Acidente com Vítima;459;BR-262/MG;Oeste;Colisão Lateral;1;1;;1;;;2
12/05/2018;19:48:00;502;ac02 - Acidente com Vítima;117;BR-153/MG;Norte;Capotamento;2;2;2;;;;1
13/05/2018;01:47:00;25;ac02 - Acidente com Vítima;580,2;BR-153/GO;Sul;Choque - Suporte de Sinalização;1;0;1;;;;1
13/05/2018;18:20:00;426;sem vítima;560,658;BR-262/MG;Oeste;Tombamento;1;2;;;;;1
13/05/2018;22:37:00;533;ac02 - Acidente com Vítima;610,711;BR-262/MG;Oeste;Engavetamento;2;2;4;;;;1
14/05/2018;04:26:00;49;sem vítima;118,94;BR-060/GO;Sul;Colisão Traseira;2;3;;;;;1
14/05/2018;10:14:00;221;sem vítima;494,4;BR-153/GO;Sul;Colisão Traseira;2;2;;;;;1
14/05/2018;11:19:00;268;ac02 - Acidente com Vítima;539;BR-262/MG;Leste;Tombamento;1;1;1;1;;;2
14/05/2018;12:00:00;290;sem vítima;539;BR-262/MG;Oeste;Colisão Lateral;1;2;;;;;1
14/05/2018;15:42:00;428;sem vítima;791;BR-262/MG;Leste;Colisão Traseira;1;2;;;;;1
14/05/2018;16:08:00;443;ac02 - Acidente com Vítima;28,8;BR-153/MG;Sul;Colisão Traseira;1;3;;2;;;2
14/05/2018;18:08:00;514;sem vítima;479,867;BR-262/MG;Oeste;Saida de Pista;1;1;;;;;1
15/05/2018;11:51:00;223;ac02 - Acidente com Vítima;4,4;BR-060/DF;Sul;Colisão Traseira;1;1;1;;;;1
16/05/2018;13:30:00;322;sem vítima;456,506;BR-262/MG;Oeste;Colisão Traseira;2;2;;;;;1
16/05/2018;17:17:00;468;sem vítima;58,102;BR-153/MG;Sul;Colisão Lateral;2;2;;;;;1
16/05/2018;18:35:00;511;sem vítima;447;BR-262/MG;Leste;Atropelamento de Animal;1;1;;;;;1
16/05/2018;18:47:00;515;ac02 - Acidente com Vítima;594,666;BR-262/MG;Oeste;Colisão Frontal;2;1;;1;;;2
16/05/2018;22:37:00;604;sem vítima;524;BR-262/MG;Oeste;Choque - Elemento de Drenagem;1;2;;;;;1
17/05/2018;04:49:00;58;sem vítima;186,5;BR-153/MG;Norte;Capotamento;1;4;;;;;1
17/05/2018;09:14:00;164;ac02 - Acidente com Vítima;553;BR-262/MG;Oeste;Colisão Frontal;1;46;1;;1;;2
17/05/2018;20:34:00;533;ac02 - Acidente com Vítima;518,326;BR-153/GO;Sul;Colisão Traseira;2;1;;1;;;2
17/05/2018;22:46:00;573;sem vítima;148;BR-153/MG;Sul;Colisão Traseira;1;2;;;;;1
18/05/2018;11:55:00;248;sem vítima;2,5;BR-060/DF;Sul;Colisão Lateral;1;2;;;;;1
18/05/2018;18:29:00;494;sem vítima;499,253;BR-153/GO;Sul;Colisão Traseira;1;2;;;;;1
19/05/2018;08:38:00;110;sem vítima;507,52;BR-153/GO;Norte;Engavetamento;1;3;;;;;1
19/05/2018;15:18:00;339;ac02 - Acidente com Vítima;108,7;BR-153/MG;Norte;Colisão Transversal;1;1;1;;;;1
20/05/2018;10:59:00;198;sem vítima;418,742;BR-262/MG;Oeste;Engavetamento;1;5;;;;;1
20/05/2018;21:22:00;495;ac02 - Acidente com Vítima;538;BR-262/MG;Oeste;Queda de Moto;1;1;1;;;;1
21/05/2018;04:37:00;31;sem vítima;93,599;BR-060/GO;Norte;Colisão Lateral;2;2;;;;;1