data;horario;n_da_ocorrencia;tipo_de_ocorrencia;km;trecho;sentido;tipo_de_acidente;caminhao;ilesos;levemente_feridos;moderadamente_feridos;gravemente_feridos;mortos;3
21/05/2018;14:09:00;299;ac02 - Acidente com Vítima;498;BR-153/GO;Norte;Colisão Traseira;1;2;1;;;;1
22/05/2018;06:50:00;40;sem vítima;107,8;BR-060/GO;Sul;Engavetamento;2;4;;;;;1
22/05/2018;08:16:00;69;sem vítima;517;BR-153/GO;Norte;Choque - Outros;1;1;;;;;1
22/05/2018;08:18:00;70;sem vítima;490;BR-153/GO;Norte;Colisão Traseira;1;2;;;;;1
22/05/2018;10:59:00;169;sem vítima;34,5;BR-060/GO;Norte;Colisão Lateral;1;2;;;;;1
22/05/2018;22:29:00;440;sem vítima;30,399;BR-060/DF;Sul;Colisão Lateral;1;2;;;;;1
24/05/2018;07:52:00;80;sem vítima;788,424;BR-262/MG;Oeste;Choque - Talude;1;2;;;;;1
24/05/2018;22:42:00;310;sem vítima;20,207;BR-060/GO;Sul;Choque - Outros;1;1;;;;;1
30/05/2018;19:28:00;233;ac01 - Acidente com Vítima Fatal;663,8;BR-153/GO;Sul;Colisão Traseira;2;0;1;;;1;3
30/05/2018;19:34:00;237;sem vítima;551,6;BR-153/GO;Sul;Saida de Pista;1;1;;;;;1
31/05/2018;02:34:00;18;sem vítima;447,326;BR-262/MG;Leste;Tombamento;1;1;;;;;1
31/05/2018;09:23:00;78;ac02 - Acidente com Vítima;77,9;BR-153/MG;Sul;Colisão Lateral;2;5;1;;;;1
31/05/2018;12:18:00;176;ac02 - Acidente com Vítima;554,001;BR-153/GO;Norte;Colisão Traseira;1;1;;1;;;2
01/06/2018;07:27:00;88;sem vítima;803,437;BR-262/MG;Leste;"Choque - Defensa, barreira ou ""submarino""";1;2;;;;;1
02/06/2018;10:52:00;199;ac02 - Acidente com Vítima;121,4;BR-060/GO;Sul;Tombamento;1;0;;1;;;2
02/06/2018;11:49:00;238;ac02 - Acidente com Vítima;94,811;BR-060/GO;Norte;Colisão Traseira;1;3;1;;;;1
02/06/2018;15:43:00;345;sem vítima;567;BR-262/MG;Leste;Colisão Lateral;2;3;;;;;1
03/06/2018;14:34:00;265;sem vítima;401,2;BR-262/MG;Leste;Tombamento;1;1;;;;;1
03/06/2018;14:37:00;266;ac02 - Acidente com Vítima;553;BR-262/MG;Leste;Tombamento;3;2;1;;;;1
03/06/2018;15:16:00;285;sem vítima;4,6;BR-060/GO;Norte;Colisão Traseira;2;2;;;;;1
03/06/2018;18:08:00;399;ac01 - Acidente com Vítima Fatal;39,5;BR-060/GO;Norte;Engavetamento;1;28;2;1;1;1;3
03/06/2018;18:32:00;414;ac02 - Acidente com Vítima;478;BR-262/MG;Leste;Colisão Transversal;1;3;2;;;;1
03/06/2018;21:27:00;471;ac02 - Acidente com Vítima;603;BR-262/MG;Oeste;Colisão Traseira;2;2;;1;;;2
04/06/2018;18:05:00;470;sem vítima;113,005;BR-060/GO;Sul;Queda de Moto;1;2;;;;;1
04/06/2018;18:13:00;473;sem vítima;495,1;BR-153/GO;Norte;Capotamento;1;2;;;;;1
05/06/2018;19:35:00;501;sem vítima;131;BR-153/MG;Sul;Tombamento;1;1;;;;;1
05/06/2018;23:38:00;579;ac02 - Acidente com Vítima;512;BR-262/MG;Leste;Colisão Traseira;1;1;1;;;;1
06/06/2018;04:15:00;40;sem vítima;577;BR-262/MG;Oeste;Colisão Lateral;1;2;;;;;1
06/06/2018;09:44:00;218;sem vítima;652;BR-153/GO;Sul;Colisão Traseira;1;2;;;;;1
06/06/2018;11:48:00;299;sem vítima;112,2;BR-060/GO;Norte;Capotamento;1;3;;;;;1
07/06/2018;01:30:00;27;ac02 - Acidente com Vítima;694,1;BR-153/GO;Norte;Colisão Traseira;2;1;1;;;;1
07/06/2018;08:01:00;106;sem vítima;166,6;BR-153/MG;Sul;Colisão Lateral;2;2;;;;;1
07/06/2018;08:51:00;142;ac02 - Acidente com Vítima;500,3;BR-153/GO;Sul;Colisão Traseira;1;1;1;;;;1
07/06/2018;09:11:00;159;sem vítima;574;BR-262/MG;Leste;Carreta deu L;1;1;;;;;1
07/06/2018;16:01:00;374;ac02 - Acidente com Vítima;505,001;BR-153/GO;Sul;Saida de Pista;1;2;1;;;;1
08/06/2018;00:19:00;7;ac02 - Acidente com Vítima;653,5;BR-153/GO;Norte;Colisão Traseira;2;1;;1;;;2
08/06/2018;03:07:00;39;ac01 - Acidente com Vítima Fatal;12,79;BR-153/MG;Norte;Colisão Traseira;2;1;;;;1;3
08/06/2018;03:12:00;42;sem vítima;672,996;BR-153/GO;Sul;Colisão Lateral;1;3;;;;;1
09/06/2018;00:51:00;16;sem vítima;630,163;BR-153/GO;Sul;Tombamento;1;2;;;;;1
09/06/2018;04:32:00;57;sem vítima;458,723;BR-262/MG;Leste;"Choque - Defensa, barreira ou ""submarino""";2;2;;;;;1
09/06/2018;04:58:00;65;sem vítima;46,5;BR-153/MG;Sul;Saida de Pista;1;1;;;;;1
09/06/2018;07:57:00;136;sem vítima;771,711;BR-262/MG;Oeste;Tombamento;1;1;;;;;1
09/06/2018;09:56:00;212;sem vítima;536,796;BR-262/MG;Leste;Colisão Traseira;1;2;;;;;1
09/06/2018;10:53:00;240;sem vítima;496,1;BR-153/GO;Sul;Engavetamento;1;3;;;;;1
09/06/2018;11:36:00;267;sem vítima;120,8;BR-153/MG;Norte;Colisão Traseira;2;2;;;;;1
09/06/2018;16:09:00;377;sem vítima;512,873;BR-262/MG;Oeste;Colisão Traseira;2;2;;;;;1
09/06/2018;16:35:00;400;sem vítima;505;BR-153/GO;Norte;Colisão Lateral;1;2;;;;;1
09/06/2018;17:05:00;413;ac02 - Acidente com Vítima;11;BR-060/GO;Norte;Colisão Traseira;1;1;1;1;;;2
09/06/2018;18:50:00;454;ac02 - Acidente com Vítima;406,755;BR-262/MG;Leste;Colisão Traseira;1;1;1;;;;1
09/06/2018;20:15:00;491;sem vítima;244;BR-153/MG;Sul;Colisão Traseira;1;2;;;;;1
10/06/2018;01:03:00;23;ac02 - Acidente com Vítima;823,639;BR-262/MG;Oeste;Colisão Lateral;1;1;;2;1;;2
10/06/2018;08:27:00;142;sem vítima;606,1;BR-153/GO;Norte;Tombamento;1;1;;;;;1
10/06/2018;11:17:00;238;sem vítima;586;BR-262/MG;Oeste;Tombamento;1;1;;;;;1
10/06/2018;15:23:00;332;sem vítima;112,2;BR-060/GO;Sul;Colisão Lateral;1;2;;;;;1
10/06/2018;15:42:00;344;sem vítima;133,5;BR-153/MG;Norte;Engavetamento;2;4;;;;;1
10/06/2018;16:11:00;362;sem vítima;124;BR-153/MG;Norte;Engavetamento;1;15;;;;;1
10/06/2018;16:54:00;387;ac02 - Acidente com Vítima;366,5;BR-262/MG;Leste;Atropelamento - Ambulante;1;1;;;1;;2
11/06/2018;19:04:00;525;sem vítima;652,617;BR-153/GO;Sul;Colisão Traseira;2;2;;;;;1
12/06/2018;06:24:00;64;ac02 - Acidente com Vítima;508,67;BR-153/GO;Norte;Colisão Traseira;1;2;2;1;2;;2
12/06/2018;07:22:00;77;ac02 - Acidente com Vítima;101;BR-060/GO;Norte;Colisão Traseira;1;1;1;;;;1
12/06/2018;09:09:00;137;ac02 - Acidente com Vítima;102,508;BR-060/GO;Sul;Colisão Traseira;1;1;1;;;;1
12/06/2018;06:24:00;219;sem vítima;508,67;BR-153/GO;Norte;Colisão Traseira;1;2;;;;;1
12/06/2018;23:26:00;571;sem vítima;528,2;BR-153/GO;Norte;"Choque - Defensa, barreira ou ""submarino""";1;1;;;;;1
13/06/2018;04:55:00;95;ac02 - Acidente com Vítima;95,5;BR-153/MG;Sul;Colisão Traseira;2;1;1;;;;1
13/06/2018;12:01:00;311;ac02 - Acidente com Vítima;354,142;BR-262/MG;Leste;Colisão Traseira;1;5;;1;;;2
13/06/2018;13:43:00;367;sem vítima;354;BR-262/MG;Leste;Colisão Lateral;1;2;;;;;1
13/06/2018;16:16:00;434;sem vítima;494;BR-153/GO;Norte;Colisão Traseira;1;2;;;;;1
13/06/2018;21:37:00;580;sem vítima;37,6;BR-153/MG;Norte;Tombamento;1;1;;;;;1
14/06/2018;01:41:00;20;ac02 - Acidente com Vítima;651,9;BR-262/MG;Oeste;Tombamento;1;0;1;;;;1
14/06/2018;03:57:00;42;sem vítima;12,9;BR-060/GO;Sul;Colisão Traseira;2;2;;;;;1
15/06/2018;01:49:00;26;sem vítima;13,01;BR-153/MG;Sul;Saida de Pista;1;1;;;;;1
15/06/2018;09:56:00;206;sem vítima;765;BR-262/MG;Leste;Colisão Traseira;2;3;;;;;1
15/06/2018;10:22:00;221;sem vítima;572;BR-262/MG;Leste;Saida de Pista;1;2;;;;;1
15/06/2018;17:18:00;456;sem vítima;603;BR-262/MG;Leste;Tombamento;1;4;;;;;1
16/06/2018;02:22:00;29;ac02 - Acidente com Vítima;84,2;BR-153/MG;Norte;Tombamento;1;0;;2;;;2
16/06/2018;09:31:00;151;ac02 - Acidente com Vítima;555,001;BR-262/MG;Leste;Capotamento;1;1;;1;;;2
16/06/2018;12:10:00;239;sem vítima;490;BR-153/GO;Norte;Colisão Traseira;1;2;;;;;1
16/06/2018;14:29:00;302;ac02 - Acidente com Vítima;23;BR-153/MG;Sul;Colisão Lateral;1;1;1;;;;1
16/06/2018;15:09:00;316;ac02 - Acidente com Vítima;519,1;BR-153/GO;Norte;Capotamento;1;0;1;;;;1
17/06/2018;04:51:00;59;ac02 - Acidente com Vítima;542,8;BR-262/MG;Leste;Engavetamento;4;4;1;1;;;2
17/06/2018;10:56:00;157;ac01 - Acidente com Vítima Fatal;496,4;BR-153/GO;Norte;Colisão Frontal;1;1;;;;1;3
18/06/2018;23:51:00;562;sem vítima;58,222;BR-153/MG;Sul;Tombamento;1;2;;;;;1
19/06/2018;11:11:00;220;sem vítima;50;BR-153/MG;Sul;Colisão Lateral;3;4;;;;;1
19/06/2018;15:32:00;362;sem vítima;594,4;BR-153/GO;Sul;Choque - Outros;1;1;;;;;1
19/06/2018;17:10:00;405;ac02 - Acidente com Vítima;763;BR-262/MG;Oeste;Engavetamento;1;15;;1;;;2
20/06/2018;17:23:00;451;sem vítima;707,692;BR-262/MG;Oeste;Colisão Lateral;2;2;;;;;1
20/06/2018;18:53:00;492;ac02 - Acidente com Vítima;57,899;BR-153/MG;Sul;Tombamento;1;0;;1;;;2
20/06/2018;19:17:00;500;ac02 - Acidente com Vítima;490,899;BR-153/GO;Norte;Colisão Lateral;1;2;;;1;;2
21/06/2018;04:05:00;60;ac02 - Acidente com Vítima;45,3;BR-153/MG;Norte;Colisão Traseira;2;1;;1;;;2
21/06/2018;04:38:00;68;ac02 - Acidente com Vítima;574,548;BR-262/MG;Leste;Tombamento;1;2;;1;;;2
21/06/2018;15:20:00;360;sem vítima;542,7;BR-262/MG;Leste;Colisão Traseira;2;2;;;;;1
21/06/2018;23:05:00;590;sem vítima;482;BR-262/MG;Leste;Atropelamento de Animal;1;1;;;;;1
21/06/2018;23:36:00;598;sem vítima;488,258;BR-262/MG;Leste;Tombamento;1;2;;;;;1
22/06/2018;05:20:00;64;sem vítima;23,501;BR-060/GO;Sul;Colisão Traseira;1;4;;;;;1
22/06/2018;05:59:00;73;ac02 - Acidente com Vítima;590,3;BR-153/GO;Sul;Colisão Traseira;2;1;1;;;;1
22/06/2018;06:07:00;76;sem vítima;504,03;BR-153/GO;Norte;Colisão Traseira;1;3;;;;;1
22/06/2018;07:28:00;92;sem vítima;697;BR-153/GO;Sul;Colisão Traseira;2;2;;;;;1
22/06/2018;08:50:00;129;ac02 - Acidente com Vítima;413;BR-262/MG;Leste;Colisão Lateral;1;1;1;;;;1
22/06/2018;20:34:00;469;ac02 - Acidente com Vítima;462;BR-262/MG;Oeste;Colisão Lateral;2;1;1;;;;1
23/06/2018;10:43:00;190;sem vítima;361,3;BR-262/MG;Leste;Colisão Traseira;1;2;;;;;1
23/06/2018;11:57:00;228;sem vítima;148;BR-153/MG;Norte;Colisão Transversal;2;2;;;;;1
23/06/2018;13:11:00;255;ac02 - Acidente com Vítima;629,3;BR-262/MG;Oeste;Tombamento;1;0;1;;;;1
25/06/2018;08:42:00;104;sem vítima;494,774;BR-153/GO;Sul;Engavetamento;1;3;;;;;1
25/06/2018;14:37:00;261;sem vítima;500,5;BR-153/GO;Sul;Colisão Traseira;1;2;;;;;1
26/06/2018;10:15:00;213;sem vítima;525;BR-262/MG;Leste;Engavetamento;3;3;;;;;1
27/06/2018;12:46:00;275;sem vítima;509;BR-153/GO;Norte;Colisão Lateral;1;3;;;;;1
27/06/2018;14:03:00;303;ac02 - Acidente com Vítima;107,926;BR-060/GO;Sul;Engavetamento;1;6;1;;;;1
27/06/2018;17:27:00;405;ac02 - Acidente com Vítima;425;BR-262/MG;Oeste;Capotamento;1;1;2;;;;1
27/06/2018;17:46:00;412;sem vítima;554;BR-262/MG;Oeste;Colisão Traseira;2;2;;;;;1
27/06/2018;19:12:00;444;ac02 - Acidente com Vítima;103;BR-060/GO;Sul;Colisão Traseira;1;1;1;1;;;2
27/06/2018;19:41:00;457;sem vítima;53,9;BR-153/MG;Sul;Saida de Pista;1;1;;;;;1
27/06/2018;22:17:00;507;sem vítima;783,477;BR-262/MG;Oeste;Choque - Talude;1;1;;;;;1
28/06/2018;02:10:00;23;ac02 - Acidente com Vítima;484;BR-262/MG;Oeste;Colisão Lateral;1;1;1;;;;1
28/06/2018;04:21:00;42;sem vítima;668,015;BR-262/MG;Oeste;Saida de Pista;1;1;;;;;1
28/06/2018;14:48:00;304;sem vítima;25,5;BR-153/MG;Norte;Colisão Traseira;2;3;;;;;1
28/06/2018;16:12:00;347;sem vítima;98;BR-153/MG;Sul;Engavetamento;3;3;;;;;1
28/06/2018;16:12:00;348;sem vítima;132,5;BR-060/GO;Sul;Colisão Lateral;1;2;;;;;1
29/06/2018;00:05:00;1;sem vítima;611,047;BR-262/MG;Leste;Choque - Arvore;1;4;;;;;1
29/06/2018;01:45:00;22;ac02 - Acidente com Vítima;108,099;BR-153/MG;Norte;Tombamento;1;0;1;;;;1
29/06/2018;02:04:00;28;sem vítima;557,8;BR-153/GO;Norte;Colisão Traseira;2;2;;;;;1
29/06/2018;03:41:00;45;sem vítima;667,899;BR-153/GO;Norte;Colisão Traseira;2;2;;;;;1
29/06/2018;05:56:00;67;ac01 - Acidente com Vítima Fatal;132,9;BR-153/MG;Sul;Colisão Lateral;1;1;;1;;1;3
29/06/2018;07:32:00;103;sem vítima;494;BR-153/GO;Norte;Engavetamento;2;5;;;;;1
29/06/2018;08:51:00;169;ac02 - Acidente com Vítima;699;BR-262/MG;Leste;Choque - Talude;1;0;;;1;;2
29/06/2018;09:19:00;183;sem vítima;226,9;BR-153/MG;Sul;Colisão Traseira;2;2;;;;;1
29/06/2018;14:58:00;337;sem vítima;105;BR-060/GO;Sul;Colisão Traseira;1;2;;;;;1
29/06/2018;16:10:00;381;sem vítima;542,8;BR-153/GO;Sul;Choque - Elemento de Drenagem;1;2;;;;;1
30/06/2018;07:59:00;112;sem vítima;75,8;BR-060/GO;Norte;Saida de Pista;1;1;;;;;1
30/06/2018;09:01:00;145;sem vítima;435;BR-262/MG;Oeste;Tombamento;1;1;;;;;1
30/06/2018;13:08:00;266;sem vítima;409;BR-262/MG;Oeste;Capotamento;1;2;;;;;1
30/06/2018;16:08:00;335;sem vítima;406,3;BR-262/MG;Oeste;Colisão Traseira;1;2;;;;;1
30/06/2018;18:45:00;408;ac02 - Acidente com Vítima;692,2;BR-262/MG;Oeste;Colisão Transversal;1;1;2;1;;;2
01/07/2018;15:15:00;255;ac02 - Acidente com Vítima;585;BR-262/MG;Leste;Colisão Traseira;1;1;7;;;;1
01/07/2018;16:23:00;284;sem vítima;0,4;BR-060/DF;Sul;Colisão Lateral;1;3;;;;;1
02/07/2018;01:40:00;29;sem vítima;675;BR-262/MG;Leste;Atropelamento de Animal;1;1;;;;;1
02/07/2018;14:23:00;279;sem vítima;80;BR-060/GO;Sul;Tombamento;1;3;;;;;1
02/07/2018;16:46:00;351;ac02 - Acidente com Vítima;101,099;BR-153/MG;Sul;Colisão Traseira;2;1;;1;;;2
02/07/2018;20:47:00;454;sem vítima;99,5;BR-153/MG;Sul;Colisão Traseira;1;2;;;;;1
02/07/2018;23:43:00;513;sem vítima;617,6;BR-262/MG;Leste;Tombamento;1;2;;;;;1
03/07/2018;07:47:00;88;sem vítima;641,467;BR-262/MG;Leste;Saida de Pista;1;1;;;;;1
03/07/2018;10:11:00;178;sem vítima;553;BR-153/GO;Norte;Colisão Traseira;1;2;;;;;1
03/07/2018;10:30:00;187;sem vítima;25;BR-060/DF;Sul;Colisão Lateral;1;2;;;;;1
03/07/2018;11:42:00;237;ac02 - Acidente com Vítima;467,67;BR-262/MG;Leste;Colisão Lateral;1;3;1;;;;1
03/07/2018;17:28:00;397;sem vítima;494;BR-153/GO;Norte;Engavetamento;1;3;;;;;1
03/07/2018;18:35:00;428;sem vítima;57,899;BR-153/MG;Sul;Tombamento;1;1;;;;;1
03/07/2018;20:21:00;465;ac01 - Acidente com Vítima Fatal;532,399;BR-153/GO;Sul;Atropelamento - Morador;1;1;;;;1;3
04/07/2018;09:42:00;236;ac02 - Acidente com Vítima;525;BR-262/MG;Leste;Colisão Traseira;2;1;1;;;;1
04/07/2018;15:16:00;472;sem vítima;412;BR-262/MG;Oeste;Colisão Traseira;1;2;;;;;1
04/07/2018;22:32:00;673;sem vítima;16,5;BR-060/GO;Sul;Colisão Traseira;1;3;;;;;1
05/07/2018;05:26:00;47;ac02 - Acidente com Vítima;520;BR-262/MG;Oeste;Colisão Transversal;1;2;1;;;;1
05/07/2018;08:45:00;136;sem vítima;494,5;BR-153/GO;Sul;Engavetamento;1;3;;;;;1
05/07/2018;10:58:00;243;sem vítima;119,9;BR-060/GO;Norte;Choque - Veiculo parado na pista;1;3;;;;;1
05/07/2018;12:07:00;289;sem vítima;55,5;BR-060/GO;Norte;Tombamento;1;1;;;;;1
05/07/2018;18:10:00;494;sem vítima;505;BR-153/GO;Sul;Colisão Lateral;1;2;;;;;1
05/07/2018;23:32:00;619;sem vítima;58,5;BR-153/MG;Norte;Colisão Traseira;2;2;;;;;1
07/07/2018;08:44:00;148;sem vítima;38,438;BR-060/GO;Norte;Colisão Lateral;1;2;;;;;1
07/07/2018;10:56:00;252;ac02 - Acidente com Vítima;238,9;BR-153/MG;Sul;Tombamento;1;0;;1;;;2
07/07/2018;14:36:00;364;sem vítima;13,001;BR-060/GO;Norte;Colisão Traseira;1;2;;;;;1
07/07/2018;19:10:00;509;sem vítima;539,106;BR-153/GO;Sul;Choque - Talude;1;1;;;;;1
09/07/2018;04:29:00;36;sem vítima;585,6;BR-153/GO;Norte;Colisão Traseira;1;4;;;;;1
09/07/2018;15:40:00;351;ac02 - Acidente com Vítima;146,3;BR-153/MG;Sul;Colisão Traseira;1;1;1;;;;1
09/07/2018;16:40:00;399;sem vítima;43;BR-060/GO;Norte;Colisão Traseira;1;2;;;;;1
09/07/2018;17:40:00;430;ac01 - Acidente com Vítima Fatal;511,603;BR-153/GO;Sul;Colisão Lateral;1;1;;;;1;3
09/07/2018;19:16:00;477;sem vítima;96;BR-060/GO;Sul;Colisão Traseira;1;2;;;;;1
10/07/2018;14:45:00;330;sem vítima;506,2;BR-153/GO;Norte;Colisão Traseira;1;3;;;;;1
10/07/2018;17:11:00;404;sem vítima;490,4;BR-153/GO;Sul;Colisão Lateral;1;2;;;;;1
10/07/2018;19:58:00;492;ac02 - Acidente com Vítima;78;BR-153/MG;Norte;Queda de Moto;1;1;1;;;;1
11/07/2018;04:51:00;46;sem vítima;441;BR-262/MG;Leste;Colisão Traseira;2;5;;;;;1
11/07/2018;22:57:00;547;sem vítima;100,203;BR-060/GO;Norte;Tombamento;1;1;;;;;1
12/07/2018;08:36:00;198;ac02 - Acidente com Vítima;421;BR-262/MG;Leste;Colisão Lateral;1;2;1;;;;1
12/07/2018;18:49:00;522;sem vítima;500;BR-153/GO;Sul;Colisão Traseira;1;3;;;;;1
12/07/2018;19:43:00;547;sem vítima;546,334;BR-262/MG;Oeste;Atropelamento de Animal;1;1;;;;;1
12/07/2018;21:51:00;582;sem vítima;427;BR-262/MG;Leste;Colisão Traseira;2;2;;;;;1
13/07/2018;03:10:00;27;ac02 - Acidente com Vítima;395,711;BR-262/MG;Leste;Colisão Traseira;1;1;;1;;;2
13/07/2018;06:47:00;63;sem vítima;107,8;BR-060/GO;Sul;Tombamento;1;1;;;;;1
13/07/2018;08:06:00;90;ac02 - Acidente com Vítima;137,8;BR-153/MG;Sul;Colisão Lateral;2;0;2;;;;1
13/07/2018;08:23:00;95;ac02 - Acidente com Vítima;530;BR-153/GO;Sul;Atropelamento - Ambulante;1;1;;;1;;2
13/07/2018;11:16:00;200;sem vítima;59,025;BR-060/GO;Sul;Capotamento;1;2;;;;;1
13/07/2018;15:46:00;352;ac02 - Acidente com Vítima;591,5;BR-153/GO;Norte;Colisão Lateral;1;1;3;1;;;2
13/07/2018;20:05:00;510;sem vítima;502;BR-153/GO;Norte;Colisão Lateral;1;2;;;;;1
13/07/2018;21:57:00;541;sem vítima;567,5;BR-262/MG;Leste;Saida de Pista;1;1;;;;;1
14/07/2018;07:46:00;91;sem vítima;600;BR-262/MG;Leste;Colisão Traseira;1;5;;;;;1
14/07/2018;09:22:00;161;ac02 - Acidente com Vítima;16,3;BR-153/MG;Sul;Tombamento;1;0;1;;;;1
14/07/2018;23:04:00;647;ac02 - Acidente com Vítima;227;BR-153/MG;Sul;Colisão Traseira;1;3;1;;;;1
15/07/2018;04:41:00;72;sem vítima;549;BR-262/MG;Oeste;Tombamento;1;1;;;;;1
15/07/2018;08:30:00;135;ac02 - Acidente com Vítima;58,799;BR-153/MG;Norte;Colisão Frontal;1;1;3;;;;1
15/07/2018;18:08:00;475;sem vítima;73,7;BR-153/MG;Norte;Colisão Lateral;2;2;;;;;1
16/07/2018;10:13:00;219;sem vítima;406,6;BR-262/MG;Oeste;Colisão Traseira;2;2;;;;;1
16/07/2018;11:34:00;275;sem vítima;109,54;BR-060/GO;Sul;Colisão Lateral;1;2;;;;;1
16/07/2018;12:26:00;303;sem vítima;389;BR-262/MG;Leste;"Choque - Defensa, barreira ou ""submarino""";1;1;;;;;1
16/07/2018;14:52:00;384;ac02 - Acidente com Vítima;401;BR-262/MG;Leste;Atropelamento - Outros;1;1;;1;;;2
16/07/2018;17:23:00;469;ac02 - Acidente com Vítima;463;BR-262/MG;Oeste;Colisão Traseira;1;2;;1;;;2
16/07/2018;19:37:00;524;sem vítima;429;BR-262/MG;Leste;Tombamento;1;1;;;;;1
17/07/2018;00:06:00;2;sem vítima;497;BR-262/MG;Leste;Colisão Traseira;3;3;;;;;1
17/07/2018;15:57:00;439;ac01 - Acidente com Vítima Fatal;27;BR-153/MG;Norte;Colisão Frontal;1;0;1;;;2;3
17/07/2018;17:48:00;500;sem vítima;30,3;BR-060/GO;Sul;Colisão Traseira;1;2;;;;;1
18/07/2018;06:13:00;44;ac02 - Acidente com Vítima;27,9;BR-060/GO;Sul;Colisão Traseira;2;1;1;;;;1
18/07/2018;11:37:00;277;sem vítima;473,213;BR-262/MG;Oeste;Colisão Traseira;1;2;;;;;1
19/07/2018;06:50:00;79;sem vítima;394,7;BR-262/MG;Leste;Saida de Pista;2;2;;;;;1
19/07/2018;07:44:00;98;sem vítima;493,5;BR-153/GO;Norte;Colisão Lateral;1;2;;;;;1
19/07/2018;08:19:00;115;sem vítima;495,9;BR-153/GO;Sul;Colisão Traseira;2;2;;;;;1
19/07/2018;09:45:00;166;sem vítima;496,4;BR-153/GO;Sul;Engavetamento;1;9;;;;;1
19/07/2018;13:51:00;316;sem vítima;147,7;BR-153/MG;Sul;Colisão Traseira;1;2;;;;;1
20/07/2018;02:13:00;33;sem vítima;622,269;BR-262/MG;Oeste;Colisão Traseira;2;2;;;;;1
20/07/2018;12:39:00;351;sem vítima;685;BR-153/GO;Sul;Colisão Traseira;1;2;;;;;1
20/07/2018;22:49:00;664;sem vítima;553,299;BR-153/GO;Norte;Tombamento;1;2;;;;;1
21/07/2018;07:45:00;111;ac02 - Acidente com Vítima;471;BR-262/MG;Leste;Colisão Traseira;1;4;2;;;;1
22/07/2018;17:00:00;443;sem vítima;516;BR-153/GO;Sul;Saida de Pista;1;2;;;;;1
23/07/2018;06:16:00;79;ac01 - Acidente com Vítima Fatal;459,934;BR-262/MG;Leste;Colisão Frontal;1;4;1;;1;3;3
23/07/2018;09:28:00;168;sem vítima;455;BR-262/MG;Oeste;Colisão Traseira;1;2;;;;;1
23/07/2018;09:29:00;170;ac02 - Acidente com Vítima;675,519;BR-153/GO;Sul;Tombamento;1;0;1;;;;1
23/07/2018;14:24:00;384;sem vítima;780,127;BR-262/MG;Oeste;Capotamento;1;2;;;;;1
23/07/2018;15:25:00;423;ac02 - Acidente com Vítima;392,001;BR-262/MG;Oeste;Tombamento;1;0;1;;;;1
23/07/2018;18:02:00;493;ac02 - Acidente com Vítima;509,4;BR-153/GO;Norte;Colisão Lateral;1;1;;1;;;2
23/07/2018;18:13:00;501;ac02 - Acidente com Vítima;96;BR-060/GO;Norte;Colisão Traseira;1;1;;1;;;2
24/07/2018;08:33:00;130;sem vítima;600;BR-262/MG;Oeste;Colisão Traseira;2;2;;;;;1
24/07/2018;14:06:00;373;ac02 - Acidente com Vítima;506,7;BR-153/GO;Sul;Engavetamento;3;38;2;;;;1
24/07/2018;18:46:00;549;sem vítima;507,778;BR-153/GO;Sul;Capotamento;1;3;;;;;1
25/07/2018;05:35:00;45;ac02 - Acidente com Vítima;542;BR-262/MG;Leste;Tombamento;1;0;1;;;;1
25/07/2018;08:33:00;125;ac02 - Acidente com Vítima;596;BR-262/MG;Oeste;Colisão Lateral;1;4;2;;;;1
25/07/2018;20:58:00;535;sem vítima;590;BR-262/MG;Oeste;Colisão Traseira;2;2;;;;;1
26/07/2018;05:51:00;62;sem vítima;121;BR-153/MG;Sul;Colisão Traseira;1;4;;;;;1
26/07/2018;14:38:00;382;sem vítima;539,9;BR-262/MG;Leste;Colisão Traseira;1;2;;;;;1
26/07/2018;19:08:00;538;sem vítima;360,001;BR-262/MG;Oeste;Colisão Traseira;1;2;;;;;1
27/07/2018;05:21:00;67;sem vítima;126,799;BR-060/GO;Norte;Choque - Objeto sobre a pista;1;3;;;;;1
27/07/2018;06:26:00;86;sem vítima;553,7;BR-262/MG;Leste;Choque - Talude;1;1;;;;;1
27/07/2018;09:28:00;183;ac02 - Acidente com Vítima;500;BR-153/GO;Norte;Colisão Traseira;1;2;1;;;;1
27/07/2018;14:28:00;387;sem vítima;448;BR-262/MG;Leste;Colisão Lateral;1;2;;;;;1
27/07/2018;19:39:00;559;sem vítima;693,99;BR-262/MG;Oeste;Colisão Lateral;1;2;;;;;1
27/07/2018;20:25:00;583;sem vítima;500,699;BR-153/GO;Norte;Colisão Lateral;1;2;;;;;1
27/07/2018;20:28:00;587;sem vítima;500;BR-153/GO;Norte;Colisão Lateral;1;2;;;;;1
28/07/2018;14:08:00;318;sem vítima;799;BR-262/MG;Leste;Colisão Traseira;1;3;;;;;1
28/07/2018;20:28:00;524;ac02 - Acidente com Vítima;666,732;BR-153/GO;Sul;Choque - Suporte de Sinalização;1;0;1;;;;1
28/07/2018;22:27:00;564;sem vítima;26;BR-060/GO;Norte;Carreta deu L;1;1;;;;;1
29/07/2018;10:55:00;195;ac01 - Acidente com Vítima Fatal;670,299;BR-153/GO;Sul;Colisão Traseira;1;1;;;;1;3
29/07/2018;20:54:00;544;ac02 - Acidente com Vítima;21,585;BR-153/MG;Sul;Colisão Traseira;1;1;1;;;;1
30/07/2018;04:51:00;34;sem vítima;706,829;BR-262/MG;Oeste;Tombamento;1;1;;;;;1
30/07/2018;07:31:00;76;sem vítima;409;BR-262/MG;Leste;Colisão Lateral;2;2;;;;;1
30/07/2018;14:15:00;379;sem vítima;501,7;BR-153/GO;Norte;Colisão Lateral;1;2;;;;;1
30/07/2018;16:56:00;483;ac02 - Acidente com Vítima;364,6;BR-262/MG;Oeste;Tombamento;1;6;;1;;;2
31/07/2018;07:39:00;123;ac02 - Acidente com Vítima;31,8;BR-060/GO;Sul;Colisão Transversal;1;1;1;;;;1