data;horario;n_da_ocorrencia;tipo_de_ocorrencia;km;trecho;sentido;tipo_de_acidente;caminhao;ilesos;levemente_feridos;moderadamente_feridos;gravemente_feridos;mortos;3
02/08/2018;07:15:00;76;sem vítima;61,4;BR-060/GO;Norte;Colisão Lateral;1;2;;;;;1
02/08/2018;09:24:00;169;sem vítima;480;BR-262/MG;Oeste;Choque - Talude;1;1;;;;;1
02/08/2018;10:02:00;201;sem vítima;637;BR-262/MG;Oeste;Saida de Pista;1;1;;;;;1
02/08/2018;11:19:00;255;sem vítima;99;BR-060/GO;Sul;Colisão Traseira;1;2;;;;;1
02/08/2018;12:38:00;318;sem vítima;574;BR-262/MG;Leste;Colisão Transversal;1;1;;;;;1
02/08/2018;12:38:00;319;sem vítima;377,3;BR-262/MG;Oeste;Saida de Pista;1;1;;;;;1
02/08/2018;13:09:00;334;ac02 - Acidente com Vítima;430,9;BR-262/MG;Leste;Tombamento;1;0;;;1;;2
02/08/2018;15:44:00;428;sem vítima;65,3;BR-060/GO;Sul;Colisão Lateral;1;2;;;;;1
02/08/2018;20:53:00;551;sem vítima;109,299;BR-060/GO;Sul;Colisão Transversal;1;6;;;;;1
03/08/2018;01:05:00;20;sem vítima;693;BR-262/MG;Leste;Saida de Pista;1;1;;;;;1
03/08/2018;19:30:00;500;sem vítima;594;BR-262/MG;Oeste;Carreta deu L;1;1;;;;;1
04/08/2018;03:36:00;46;ac02 - Acidente com Vítima;636,5;BR-153/GO;Norte;Colisão Traseira;2;0;1;;1;;2
04/08/2018;03:45:00;48;sem vítima;563,046;BR-262/MG;Leste;Tombamento;1;1;;;;;1
04/08/2018;05:02:00;62;sem vítima;702;BR-153/GO;Norte;Atropelamento de Animal;1;1;;;;;1
04/08/2018;05:12:00;66;sem vítima;594,971;BR-262/MG;Leste;Saida de Pista;1;1;;;;;1
04/08/2018;08:24:00;119;sem vítima;40;BR-060/GO;Norte;Saida de Pista;1;1;;;;;1
04/08/2018;19:24:00;446;sem vítima;72,094;BR-060/GO;Sul;Colisão Lateral;1;5;;;;;1
04/08/2018;20:27:00;481;sem vítima;124;BR-153/MG;Norte;Engavetamento;3;3;;;;;1
05/08/2018;05:40:00;84;ac02 - Acidente com Vítima;663;BR-153/GO;Norte;Colisão Traseira;1;1;1;;;;1
05/08/2018;16:11:00;398;sem vítima;554;BR-262/MG;Leste;Choque - Elemento de Drenagem;1;1;;;;;1
05/08/2018;16:49:00;413;sem vítima;213,5;BR-153/MG;Sul;Colisão Lateral;1;3;;;;;1
05/08/2018;18:44:00;479;ac02 - Acidente com Vítima;599,95;BR-153/GO;Sul;Engavetamento;1;3;1;1;;;2
05/08/2018;20:31:00;520;sem vítima;493,468;BR-262/MG;Leste;Colisão Lateral;1;2;;;;;1
06/08/2018;01:46:00;19;ac02 - Acidente com Vítima;491,83;BR-153/GO;Norte;Colisão Traseira;1;1;;;1;;2
06/08/2018;04:04:00;45;ac02 - Acidente com Vítima;510,953;BR-153/GO;Sul;"Choque - Defensa, barreira ou ""submarino""";1;2;1;;;;1
06/08/2018;06:24:00;71;sem vítima;506,9;BR-153/GO;Sul;Choque - Outros;1;4;;;;;1
06/08/2018;14:16:00;353;sem vítima;644,299;BR-153/GO;Norte;Colisão Traseira;1;2;;;;;1
06/08/2018;18:19:00;517;sem vítima;480;BR-262/MG;Leste;Engavetamento;1;7;;;;;1
07/08/2018;00:09:00;6;sem vítima;904,3;BR-262/MG;Leste;Tombamento;1;1;;;;;1
07/08/2018;06:23:00;72;ac02 - Acidente com Vítima;366,573;BR-262/MG;Oeste;Capotamento;1;1;1;;;;1
07/08/2018;13:32:00;344;ac02 - Acidente com Vítima;645,279;BR-262/MG;Leste;Colisão Traseira;1;1;;2;;;2
07/08/2018;18:01:00;509;ac02 - Acidente com Vítima;44,399;BR-153/MG;Norte;Colisão Traseira;2;1;;1;;;2
07/08/2018;20:33:00;581;sem vítima;504,995;BR-153/GO;Sul;Choque - Poste;1;1;;;;;1
07/08/2018;22:12:00;612;ac02 - Acidente com Vítima;635;BR-153/GO;Norte;Tombamento;1;0;1;;;;1
08/08/2018;10:44:00;250;ac01 - Acidente com Vítima Fatal;904;BR-262/MG;Leste;Capotamento;1;0;;;;1;3
08/08/2018;15:37:00;417;ac02 - Acidente com Vítima;353,074;BR-262/MG;Leste;Colisão Lateral;1;2;1;;;;1
08/08/2018;19:45:00;535;sem vítima;770,5;BR-262/MG;Leste;Tombamento;1;1;;;;;1
09/08/2018;01:15:00;17;ac02 - Acidente com Vítima;514,899;BR-153/GO;Sul;Colisão Traseira;2;0;1;1;;;2
09/08/2018;08:06:00;138;sem vítima;108,8;BR-060/GO;Norte;Colisão Traseira;1;2;;;;;1
09/08/2018;10:48:00;274;sem vítima;41,299;BR-153/MG;Norte;Colisão Traseira;2;2;;;;;1
09/08/2018;13:57:00;397;sem vítima;900,107;BR-262/MG;Oeste;"Choque - Defensa, barreira ou ""submarino""";1;2;;;;;1
09/08/2018;17:20:00;520;ac02 - Acidente com Vítima;96,4;BR-060/GO;Sul;Colisão Lateral;1;1;1;;;;1
09/08/2018;23:00:00;664;sem vítima;17,233;BR-153/MG;Norte;Colisão Traseira;2;2;;;;;1
10/08/2018;10:00:00;251;sem vítima;600;BR-262/MG;Leste;Colisão Traseira;2;2;;;;;1
10/08/2018;10:50:00;303;sem vítima;747;BR-262/MG;Oeste;Saida de Pista;1;1;;;;;1
10/08/2018;12:24:00;361;ac01 - Acidente com Vítima Fatal;240,699;BR-153/MG;Sul;Colisão Lateral;1;1;;;;1;3
10/08/2018;15:10:00;444;ac02 - Acidente com Vítima;75,3;BR-060/GO;Sul;Tombamento;1;2;;1;;;2
10/08/2018;16:08:00;477;sem vítima;446;BR-262/MG;Oeste;Colisão Traseira;1;3;;;;;1
11/08/2018;00:31:00;10;sem vítima;547;BR-262/MG;Leste;Choque - Suporte de Sinalização;1;1;;;;;1
11/08/2018;12:00:00;264;sem vítima;359;BR-262/MG;Oeste;Choque - Elemento de Drenagem;1;2;;;;;1
12/08/2018;22:03:00;574;ac01 - Acidente com Vítima Fatal;563;BR-262/MG;Oeste;Atropelamento - Morador;1;1;;;;1;3
13/08/2018;08:26:00;134;sem vítima;504,1;BR-153/GO;Norte;Colisão Traseira;1;2;;;;;1
13/08/2018;17:37:00;535;sem vítima;531;BR-153/GO;Sul;Colisão Traseira;2;2;;;;;1
14/08/2018;13:18:00;371;sem vítima;589;BR-262/MG;Oeste;Saida de Pista;1;1;;;;;1
14/08/2018;16:18:00;458;ac01 - Acidente com Vítima Fatal;539,3;BR-262/MG;Oeste;Tombamento;2;16;;1;;1;3
14/08/2018;17:42:00;593;sem vítima;539;BR-262/MG;Oeste;Engavetamento;1;6;;;;;1
14/08/2018;22:54:00;767;sem vítima;547;BR-262/MG;Leste;Colisão Traseira;2;2;;;;;1
14/08/2018;23:08:00;772;sem vítima;577;BR-262/MG;Oeste;Saida de Pista;1;1;;;;;1
15/08/2018;00:11:00;6;sem vítima;535,8;BR-262/MG;Oeste;Atropelamento de Animal;1;1;;;;;1
15/08/2018;01:44:00;27;sem vítima;137,416;BR-060/GO;Norte;Colisão Traseira;1;2;;;;;1
15/08/2018;03:57:00;45;sem vítima;550,7;BR-153/GO;Norte;Colisão Traseira;2;2;;;;;1
15/08/2018;17:41:00;445;ac02 - Acidente com Vítima;512,825;BR-153/GO;Norte;Engavetamento;1;2;1;1;;;2
16/08/2018;15:38:00;488;sem vítima;75,8;BR-060/GO;Sul;Colisão Traseira;1;2;;;;;1
16/08/2018;20:26:00;655;ac02 - Acidente com Vítima;12,8;BR-153/MG;Sul;Colisão Traseira;1;1;;;1;;2
17/08/2018;05:07:00;59;ac02 - Acidente com Vítima;64,5;BR-153/MG;Sul;Tombamento;1;0;2;;;;1
17/08/2018;08:59:00;173;ac02 - Acidente com Vítima;492,8;BR-153/GO;Norte;Colisão Traseira;1;2;3;;;;1
18/08/2018;02:05:00;34;sem vítima;40,1;BR-153/MG;Norte;Tombamento;1;2;;;;;1
18/08/2018;06:31:00;81;ac01 - Acidente com Vítima Fatal;12,967;BR-153/MG;Norte;Colisão Traseira;2;1;;;;1;3
18/08/2018;08:16:00;129;ac02 - Acidente com Vítima;466,5;BR-262/MG;Leste;Colisão Frontal;1;5;2;1;;;2
18/08/2018;18:44:00;419;ac01 - Acidente com Vítima Fatal;519,709;BR-262/MG;Leste;Colisão Transversal;1;1;;;;1;3
19/08/2018;09:43:00;127;ac01 - Acidente com Vítima Fatal;553,156;BR-262/MG;Leste;Tombamento;2;2;;;;1;3
19/08/2018;20:48:00;448;sem vítima;503;BR-153/GO;Sul;Colisão Lateral;1;3;;;;;1
19/08/2018;21:35:00;469;ac02 - Acidente com Vítima;138,044;BR-153/MG;Norte;Colisão Traseira;1;1;;1;;;2
20/08/2018;00:47:00;12;sem vítima;89,299;BR-153/MG;Sul;Atropelamento de Animal;1;1;;;;;1
20/08/2018;07:12:00;102;sem vítima;36,8;BR-060/GO;Sul;Colisão Traseira;1;2;;;;;1
20/08/2018;11:10:00;273;sem vítima;557,588;BR-262/MG;Oeste;Tombamento;1;1;;;;;1
20/08/2018;14:14:00;376;ac02 - Acidente com Vítima;421;BR-262/MG;Leste;Colisão Traseira;1;1;;;1;;2
20/08/2018;15:26:00;417;sem vítima;527,9;BR-153/GO;Sul;Saida de Pista;1;1;;;;;1
21/08/2018;02:39:00;33;ac02 - Acidente com Vítima;210;BR-153/MG;Norte;Tombamento;1;0;1;;;;1
21/08/2018;08:46:00;150;ac02 - Acidente com Vítima;534,05;BR-153/GO;Norte;Colisão Traseira;1;3;1;;;;1
21/08/2018;09:04:00;158;ac02 - Acidente com Vítima;99,3;BR-060/GO;Norte;Tombamento;1;0;1;;;;1
22/08/2018;08:57:00;150;sem vítima;913;BR-262/MG;Leste;Tombamento;1;1;;;;;1
22/08/2018;19:45:00;578;sem vítima;9,3;BR-153/MG;Sul;Saida de Pista;1;1;;;;;1
23/08/2018;12:52:00;277;sem vítima;107;BR-060/GO;Sul;Colisão Traseira;1;2;;;;;1
23/08/2018;14:28:00;332;sem vítima;454;BR-262/MG;Leste;Colisão Lateral;1;6;;;;;1
23/08/2018;19:56:00;501;ac01 - Acidente com Vítima Fatal;371,5;BR-262/MG;Oeste;Colisão Lateral;1;1;;1;;1;3
23/08/2018;21:07:00;522;sem vítima;552,8;BR-262/MG;Oeste;Tombamento;1;1;;;;;1
24/08/2018;07:36:00;114;sem vítima;495,5;BR-153/GO;Sul;Colisão Traseira;2;2;;;;;1
24/08/2018;18:34:00;475;ac02 - Acidente com Vítima;567,4;BR-262/MG;Oeste;Colisão Lateral;1;1;;;1;;2
24/08/2018;18:48:00;482;sem vítima;502;BR-153/GO;Sul;Colisão Lateral;1;2;;;;;1
24/08/2018;20:08:00;509;ac01 - Acidente com Vítima Fatal;682,6;BR-153/GO;Sul;Colisão Traseira;2;1;;;;1;3
25/08/2018;10:39:00;212;sem vítima;661,4;BR-153/GO;Norte;Colisão Traseira;1;3;;;;;1
25/08/2018;18:43:00;454;ac02 - Acidente com Vítima;705;BR-262/MG;Oeste;Colisão Frontal;1;4;;1;;;2
26/08/2018;06:01:00;65;sem vítima;631,7;BR-153/GO;Sul;Colisão Lateral;1;5;;;;;1
26/08/2018;11:43:00;234;sem vítima;554;BR-262/MG;Leste;Tombamento;1;1;;;;;1
26/08/2018;15:18:00;330;ac02 - Acidente com Vítima;44,5;BR-153/MG;Sul;Tombamento;1;0;;;1;;2
27/08/2018;07:07:00;70;sem vítima;568;BR-262/MG;Leste;Carreta deu L;1;1;;;;;1
27/08/2018;11:35:00;229;sem vítima;118;BR-060/GO;Sul;Carreta deu L;1;1;;;;;1
27/08/2018;15:41:00;358;ac02 - Acidente com Vítima;497;BR-153/GO;Sul;Tombamento;1;0;;1;;;2
27/08/2018;18:11:00;456;sem vítima;500,3;BR-153/GO;Sul;Colisão Traseira;1;2;;;;;1
27/08/2018;18:50:00;483;sem vítima;484,1;BR-262/MG;Oeste;Colisão Traseira;2;3;;;;;1
28/08/2018;15:52:00;447;sem vítima;49,926;BR-153/MG;Sul;Tombamento;1;1;;;;;1
29/08/2018;10:05:00;252;ac02 - Acidente com Vítima;4,7;BR-060/DF;Sul;Capotamento;1;2;1;;;;1
30/08/2018;04:51:00;37;sem vítima;611,063;BR-262/MG;Leste;Tombamento;1;1;;;;;1
30/08/2018;15:00:00;428;sem vítima;139;BR-153/MG;Sul;Engavetamento;3;3;;;;;1
30/08/2018;18:10:00;541;ac02 - Acidente com Vítima;625,467;BR-262/MG;Oeste;Tombamento;1;0;1;;;;1
30/08/2018;19:13:00;562;sem vítima;480;BR-262/MG;Leste;Colisão Traseira;1;2;;;;;1
31/08/2018;00:22:00;5;sem vítima;16,5;BR-153/MG;Norte;Saida de Pista;1;1;;;;;1
31/08/2018;01:36:00;22;sem vítima;429,87;BR-262/MG;Leste;Objeto lançado contra veículo;1;2;;;;;1
31/08/2018;07:09:00;81;sem vítima;188,9;BR-153/MG;Sul;Colisão Traseira;1;2;;;;;1
01/09/2018;06:30:00;111;ac02 - Acidente com Vítima;22,7;BR-060/GO;Norte;Tombamento;1;0;2;;;;1
01/09/2018;16:31:00;422;sem vítima;386;BR-262/MG;Oeste;Saida de Pista;1;2;;;;;1
01/09/2018;19:27:00;511;sem vítima;134,599;BR-153/MG;Norte;Colisão Traseira;2;2;;;;;1
02/09/2018;03:54:00;45;ac02 - Acidente com Vítima;508,484;BR-262/MG;Oeste;Choque - Talude;1;0;1;;;;1
02/09/2018;06:10:00;77;sem vítima;13,9;BR-153/MG;Sul;Tombamento;1;1;;;;;1
02/09/2018;16:57:00;379;sem vítima;106;BR-153/MG;Sul;Colisão Traseira;2;2;;;;;1
03/09/2018;11:01:00;218;sem vítima;84,7;BR-060/GO;Sul;Tombamento;1;1;;;;;1
04/09/2018;06:36:00;76;ac02 - Acidente com Vítima;452,9;BR-262/MG;Leste;Tombamento;1;2;1;;;;1
04/09/2018;13:24:00;322;sem vítima;505,4;BR-153/GO;Norte;Colisão Traseira;1;2;;;;;1
04/09/2018;16:52:00;422;ac02 - Acidente com Vítima;495,2;BR-153/GO;Sul;Colisão Traseira;1;1;;1;;;2
04/09/2018;17:04:00;427;ac01 - Acidente com Vítima Fatal;631,5;BR-153/GO;Sul;Colisão Traseira;1;1;;;;1;3
05/09/2018;10:20:00;222;sem vítima;690;BR-262/MG;Oeste;Colisão Traseira;2;2;;;;;1
05/09/2018;22:04:00;586;sem vítima;757;BR-262/MG;Oeste;Tombamento;1;1;;;;;1
06/09/2018;00:40:00;12;sem vítima;45;BR-153/MG;Sul;Tombamento;1;1;;;;;1
06/09/2018;07:23:00;115;sem vítima;736;BR-262/MG;Leste;Colisão Transversal;2;2;;;;;1
06/09/2018;11:35:00;288;ac02 - Acidente com Vítima;665;BR-262/MG;Oeste;Engavetamento;1;4;2;1;;;2
06/09/2018;17:24:00;511;ac02 - Acidente com Vítima;458;BR-262/MG;Oeste;Colisão Traseira;1;2;1;;;;1
07/09/2018;07:20:00;78;sem vítima;47,23;BR-060/GO;Sul;"Choque - Defensa, barreira ou ""submarino""";1;5;;;;;1
08/09/2018;17:37:00;390;ac02 - Acidente com Vítima;687,5;BR-262/MG;Oeste;Tombamento;1;0;1;;;;1
09/09/2018;01:30:00;24;sem vítima;585;BR-153/GO;Norte;Colisão Traseira;1;4;;;;;1
09/09/2018;11:14:00;202;sem vítima;355,535;BR-262/MG;Oeste;Tombamento;1;2;;;;;1
09/09/2018;14:16:00;282;ac02 - Acidente com Vítima;171,7;BR-153/MG;Sul;Capotamento;1;0;1;;;;1
09/09/2018;15:39:00;335;sem vítima;28;BR-153/MG;Norte;Saida de Pista;1;1;;;;;1
09/09/2018;17:12:00;406;sem vítima;28;BR-153/MG;Norte;Colisão Traseira;2;2;;;;;1
10/09/2018;09:26:00;189;sem vítima;73,9;BR-060/GO;Sul;Capotamento;1;1;;;;;1
10/09/2018;17:29:00;475;ac02 - Acidente com Vítima;757,693;BR-262/MG;Leste;Colisão Frontal;1;0;1;;1;;2
11/09/2018;14:36:00;355;sem vítima;107,8;BR-060/GO;Sul;Colisão Lateral;1;2;;;;;1
12/09/2018;14:16:00;349;sem vítima;705;BR-262/MG;Leste;Saida de Pista;1;1;;;;;1
12/09/2018;16:13:00;432;ac01 - Acidente com Vítima Fatal;590,146;BR-262/MG;Leste;Colisão Lateral;1;1;;;;1;3
12/09/2018;16:37:00;454;sem vítima;460;BR-262/MG;Leste;Colisão Traseira;1;2;;;;;1
12/09/2018;18:42:00;541;ac02 - Acidente com Vítima;577;BR-262/MG;Leste;Colisão Lateral;1;0;1;1;;;2
12/09/2018;21:53:00;628;sem vítima;58,899;BR-153/MG;Sul;Colisão Traseira;2;2;;;;;1
13/09/2018;06:05:00;86;sem vítima;510,6;BR-153/GO;Norte;;1;2;;;;;1
13/09/2018;06:45:00;111;sem vítima;15,4;BR-060/GO;Norte;Colisão Traseira;2;2;;;;;1
13/09/2018;08:56:00;217;ac02 - Acidente com Vítima;55,7;BR-060/GO;Norte;Colisão Traseira;2;1;;;1;;2
13/09/2018;16:53:00;527;sem vítima;506,5;BR-153/GO;Sul;Choque - Poste;1;2;;;;;1
14/09/2018;05:32:00;77;sem vítima;594,5;BR-262/MG;Oeste;Carreta deu L;1;1;;;;;1
14/09/2018;06:44:00;112;sem vítima;141,3;BR-153/MG;Sul;Colisão Traseira;1;24;;;;;1
14/09/2018;06:44:00;113;ac02 - Acidente com Vítima;508,7;BR-153/GO;Norte;Colisão Traseira;2;1;1;;;;1
14/09/2018;14:39:00;425;ac02 - Acidente com Vítima;102,8;BR-153/MG;Norte;Choque - Arvore;1;0;1;;;;1
14/09/2018;15:18:00;440;sem vítima;599,6;BR-153/GO;Sul;Choque - Suporte de Sinalização;1;1;;;;;1
14/09/2018;18:18:00;556;sem vítima;547,5;BR-262/MG;Oeste;Carreta deu L;1;1;;;;;1
14/09/2018;18:20:00;557;sem vítima;481;BR-262/MG;Oeste;Colisão Traseira;1;3;;;;;1
14/09/2018;18:25:00;560;sem vítima;518,5;BR-262/MG;Leste;Saida de Pista;1;1;;;;;1
15/09/2018;09:40:00;218;sem vítima;494;BR-262/MG;Leste;Colisão Traseira;1;4;;;;;1
15/09/2018;20:07:00;565;sem vítima;429,67;BR-262/MG;Oeste;Capotamento;1;1;;;;;1
15/09/2018;22:14:00;613;ac02 - Acidente com Vítima;569;BR-262/MG;Leste;Colisão Lateral;1;1;1;;;;1
16/09/2018;13:04:00;337;sem vítima;91,5;BR-153/MG;Sul;Tombamento;1;1;;;;;1
16/09/2018;18:24:00;496;sem vítima;537;BR-153/GO;Norte;Atropelamento de Animal;1;1;;;;;1
16/09/2018;22:34:00;613;sem vítima;90;BR-060/GO;Norte;Colisão Lateral;1;2;;;;;1
16/09/2018;22:50:00;618;sem vítima;607,2;BR-153/GO;Norte;Saida de Pista;1;1;;;;;1
17/09/2018;00:01:00;2;sem vítima;664;BR-262/MG;Oeste;Colisão Lateral;1;2;;;;;1
17/09/2018;01:09:00;14;sem vítima;385;BR-262/MG;Leste;Colisão Traseira;1;2;;;;;1
17/09/2018;03:42:00;37;sem vítima;124,4;BR-060/GO;Sul;"Choque - Defensa, barreira ou ""submarino""";1;2;;;;;1
17/09/2018;06:29:00;65;sem vítima;120;BR-060/GO;Sul;Tombamento;1;2;;;;;1
17/09/2018;08:48:00;154;sem vítima;800,389;BR-262/MG;Oeste;Colisão Transversal;1;2;;;;;1
18/09/2018;11:23:00;287;sem vítima;497;BR-262/MG;Leste;Colisão Traseira;2;3;;;;;1
18/09/2018;13:19:00;360;sem vítima;597,459;BR-262/MG;Oeste;Tombamento;1;2;;;;;1
18/09/2018;14:02:00;377;sem vítima;580,5;BR-262/MG;Leste;Tombamento;1;9;;;;;1
18/09/2018;16:39:00;473;sem vítima;58,3;BR-153/MG;Sul;Tombamento;1;1;;;;;1
18/09/2018;16:50:00;484;sem vítima;594;BR-262/MG;Leste;Saida de Pista;1;1;;;;;1
18/09/2018;20:45:00;595;sem vítima;528,6;BR-262/MG;Leste;Tombamento;1;1;;;;;1
18/09/2018;21:38:00;619;sem vítima;364;BR-262/MG;Leste;Colisão Traseira;2;2;;;;;1
18/09/2018;22:03:00;623;sem vítima;576;BR-262/MG;Oeste;Carreta deu L;1;2;;;;;1
19/09/2018;00:49:00;8;sem vítima;94;BR-153/MG;Norte;Atropelamento de Animal;2;2;;;;;1
19/09/2018;14:45:00;402;sem vítima;96,4;BR-060/GO;Sul;Carreta deu L;1;1;;;;;1
19/09/2018;14:51:00;410;sem vítima;554;BR-262/MG;Leste;Colisão Lateral;2;2;;;;;1
19/09/2018;15:12:00;420;sem vítima;113,8;BR-060/GO;Sul;Tombamento;1;1;;;;;1
20/09/2018;04:58:00;32;sem vítima;418;BR-262/MG;Leste;Choque - Veiculo parado na pista;2;4;;;;;1
20/09/2018;06:34:00;51;sem vítima;49,986;BR-060/GO;Sul;Tombamento;1;2;;;;;1
20/09/2018;10:42:00;219;sem vítima;586,873;BR-262/MG;Oeste;Choque - Suporte de Sinalização;1;1;;;;;1
20/09/2018;15:50:00;370;sem vítima;614;BR-153/GO;Sul;Colisão Traseira;1;2;;;;;1
20/09/2018;22:02:00;563;sem vítima;86;BR-060/GO;Norte;Colisão Traseira;3;3;;;;;1
21/09/2018;09:21:00;192;ac02 - Acidente com Vítima;499;BR-153/GO;Sul;Engavetamento;1;3;1;;;;1
21/09/2018;11:44:00;264;sem vítima;524,9;BR-153/GO;Norte;Choque - Outros;1;1;;;;;1
21/09/2018;13:50:00;324;sem vítima;493;BR-153/GO;Norte;Colisão Traseira;1;2;;;;;1
22/09/2018;03:41:00;45;ac01 - Acidente com Vítima Fatal;609,741;BR-262/MG;Oeste;Colisão Frontal;1;0;;1;;1;3
22/09/2018;09:31:00;169;sem vítima;418;BR-262/MG;Leste;Colisão Lateral;1;2;;;;;1
23/09/2018;11:49:00;254;ac01 - Acidente com Vítima Fatal;474;BR-262/MG;Oeste;Colisão Transversal;1;1;1;2;;2;3
23/09/2018;13:56:00;339;sem vítima;46,7;BR-060/GO;Sul;Colisão Lateral;1;2;;;;;1
23/09/2018;14:25:00;358;sem vítima;584,3;BR-153/GO;Norte;Colisão Traseira;1;2;;;;;1
23/09/2018;17:02:00;456;ac02 - Acidente com Vítima;118;BR-060/GO;Norte;Colisão Traseira;1;4;1;;;;1
24/09/2018;01:11:00;10;ac02 - Acidente com Vítima;45;BR-153/MG;Norte;Colisão Traseira;2;4;;;1;;2
24/09/2018;17:07:00;398;sem vítima;29,1;BR-060/GO;Sul;Colisão Traseira;2;2;;;;;1
24/09/2018;23:42:00;596;ac02 - Acidente com Vítima;38,7;BR-060/GO;Sul;Tombamento;1;0;1;;;;1
25/09/2018;17:35:00;462;ac02 - Acidente com Vítima;75,5;BR-153/MG;Norte;Saida de Pista;1;0;1;;;;1
25/09/2018;18:44:00;499;ac01 - Acidente com Vítima Fatal;608;BR-262/MG;Oeste;Capotamento;1;0;;1;;1;3
26/09/2018;08:11:00;143;ac02 - Acidente com Vítima;620;BR-153/GO;Norte;Colisão Traseira;1;1;1;;;;1
27/09/2018;09:14:00;180;sem vítima;108;BR-060/GO;Norte;Colisão Lateral;1;2;;;;;1
27/09/2018;09:34:00;195;sem vítima;525;BR-262/MG;Leste;Colisão Traseira;2;2;;;;;1
27/09/2018;18:21:00;538;sem vítima;560,268;BR-262/MG;Leste;Tombamento;1;1;;;;;1
28/09/2018;08:31:00;132;sem vítima;133,5;BR-153/MG;Sul;Colisão Traseira;2;2;;;;;1
28/09/2018;11:39:00;252;sem vítima;23,5;BR-060/GO;Sul;Colisão Lateral;1;3;;;;;1
28/09/2018;19:44:00;514;sem vítima;514;BR-153/GO;Norte;Colisão Lateral;2;4;;;;;1
29/09/2018;07:42:00;106;sem vítima;635,156;BR-262/MG;Leste;Colisão Lateral;1;5;;;;;1
29/09/2018;12:43:00;272;sem vítima;499,9;BR-153/GO;Sul;Queda de Ciclista;1;2;;;;;1
29/09/2018;16:57:00;411;sem vítima;79,8;BR-060/GO;Sul;"Choque - Defensa, barreira ou ""submarino""";1;1;;;;;1
29/09/2018;18:33:00;459;sem vítima;107;BR-060/GO;Sul;Choque - Suporte de Sinalização;1;1;;;;;1
29/09/2018;18:54:00;470;sem vítima;560;BR-153/GO;Sul;Colisão Traseira;2;2;;;;;1
30/09/2018;09:10:00;170;ac02 - Acidente com Vítima;98;BR-153/MG;Norte;Colisão Traseira;3;2;1;;;;1
30/09/2018;15:40:00;334;sem vítima;94,225;BR-060/GO;Sul;Colisão Traseira;1;2;;;;;1
01/10/2018;05:38:00;38;ac02 - Acidente com Vítima;554;BR-262/MG;Leste;Tombamento;1;0;1;;;;1
01/10/2018;16:12:00;382;sem vítima;607,5;BR-262/MG;Leste;Tombamento;1;3;;;;;1
01/10/2018;18:58:00;471;ac02 - Acidente com Vítima;113,74;BR-060/GO;Sul;Capotamento;1;2;2;;;;1
01/10/2018;19:24:00;480;sem vítima;113,878;BR-060/GO;Sul;Carreta deu L;1;1;;;;;1
01/10/2018;19:25:00;481;sem vítima;94,299;BR-060/GO;Sul;Colisão Traseira;1;3;;;;;1
02/10/2018;05:36:00;48;sem vítima;48,985;BR-060/GO;Sul;Colisão Traseira;2;3;;;;;1
02/10/2018;06:12:00;59;sem vítima;534,3;BR-153/GO;Norte;Colisão Lateral;1;2;;;;;1
02/10/2018;15:36:00;375;sem vítima;130,5;BR-060/GO;Sul;Carreta deu L;1;1;;;;;1
02/10/2018;18:38:00;480;ac02 - Acidente com Vítima;125,299;BR-153/MG;Sul;Colisão Frontal;1;1;;1;;;2
02/10/2018;20:32:00;540;sem vítima;83;BR-060/GO;Sul;Colisão Traseira;2;2;;;;;1
03/10/2018;07:27:00;128;ac02 - Acidente com Vítima;68,6;BR-060/GO;Sul;Queda de Moto;1;1;;1;;;2
03/10/2018;07:32:00;133;sem vítima;93,3;BR-060/GO;Norte;Tombamento;1;1;;;;;1
03/10/2018;08:16:00;169;sem vítima;24,2;BR-060/GO;Sul;Choque - Outros;1;1;;;;;1
03/10/2018;09:45:00;240;sem vítima;118,4;BR-153/MG;Sul;Colisão Traseira;2;3;;;;;1
03/10/2018;10:21:00;263;sem vítima;197;BR-153/MG;Sul;Tombamento;1;1;;;;;1
04/10/2018;04:42:00;47;ac01 - Acidente com Vítima Fatal;494;BR-262/MG;Oeste;Colisão Frontal;1;0;1;;;2;3
04/10/2018;13:58:00;401;sem vítima;433;BR-262/MG;Leste;Tombamento;1;1;;;;;1
04/10/2018;16:46:00;497;sem vítima;142,199;BR-153/MG;Norte;Colisão Lateral;2;2;;;;;1
05/10/2018;01:40:00;18;sem vítima;475;BR-262/MG;Leste;Tombamento;1;1;;;;;1
05/10/2018;03:45:00;45;sem vítima;626,5;BR-153/GO;Sul;Saida de Pista;1;1;;;;;1
05/10/2018;05:17:00;56;sem vítima;111,619;BR-060/GO;Norte;Saida de Pista;1;3;;;;;1
05/10/2018;07:12:00;108;sem vítima;497,358;BR-153/GO;Sul;Colisão Traseira;1;3;;;;;1
05/10/2018;15:32:00;395;ac02 - Acidente com Vítima;512;BR-153/GO;Sul;Colisão Lateral;1;1;;1;;;2
05/10/2018;18:45:00;496;sem vítima;92,299;BR-060/GO;Sul;Colisão Traseira;1;2;;;;;1
05/10/2018;20:26:00;537;sem vítima;52;BR-060/GO;Sul;Tombamento;1;1;;;;;1
05/10/2018;21:26:00;565;sem vítima;3;BR-060/GO;Norte;Colisão Traseira;1;6;;;;;1
06/10/2018;06:23:00;87;sem vítima;124,05;BR-153/MG;Norte;Engavetamento;2;19;;;;;1
06/10/2018;10:14:00;206;sem vítima;501;BR-153/GO;Norte;"Choque - Defensa, barreira ou ""submarino""";1;2;;;;;1
06/10/2018;10:39:00;219;ac01 - Acidente com Vítima Fatal;504,085;BR-153/GO;Norte;Colisão Traseira;1;2;;;;1;3
06/10/2018;12:41:00;275;ac02 - Acidente com Vítima;706,1;BR-262/MG;Leste;Tombamento;1;0;;1;;;2
06/10/2018;15:11:00;342;sem vítima;611,2;BR-262/MG;Oeste;Colisão Lateral;2;2;;;;;1