data;horario;n_da_ocorrencia;tipo_de_ocorrencia;km;trecho;sentido;tipo_de_acidente;caminhao;ilesos;levemente_feridos;moderadamente_feridos;gravemente_feridos;mortos;3
06/10/2018;19:04:00;482;sem vítima;478;BR-262/MG;Leste;Colisão Lateral;1;12;;;;;1
06/10/2018;19:24:00;489;ac02 - Acidente com Vítima;800,6;BR-262/MG;Oeste;Tombamento;1;0;1;;;;1
06/10/2018;19:50:00;504;sem vítima;593,8;BR-262/MG;Oeste;Colisão Lateral;2;3;;;;;1
06/10/2018;20:18:00;518;sem vítima;594,5;BR-262/MG;Leste;Choque - Talude;1;1;;;;;1
06/10/2018;20:22:00;520;ac02 - Acidente com Vítima;588,47;BR-262/MG;Oeste;Tombamento;1;1;1;;;;1
06/10/2018;21:59:00;554;ac02 - Acidente com Vítima;542;BR-262/MG;Oeste;Capotamento;1;1;1;;;;1
07/10/2018;15:49:00;291;sem vítima;598;BR-262/MG;Leste;Colisão Transversal;1;2;;;;;1
07/10/2018;20:31:00;415;sem vítima;801,001;BR-262/MG;Leste;Atropelamento de Animal;1;1;;;;;1
07/10/2018;21:48:00;444;sem vítima;557,299;BR-153/GO;Norte;Colisão Traseira;2;2;;;;;1
08/10/2018;15:48:00;444;sem vítima;96;BR-060/GO;Norte;Colisão Lateral;1;4;;;;;1
08/10/2018;23:08:00;684;sem vítima;29,653;BR-060/GO;Sul;Colisão Traseira;1;1;;;;;1
09/10/2018;03:25:00;33;sem vítima;673;BR-262/MG;Leste;"Choque - Defensa, barreira ou ""submarino""";1;1;;;;;1
09/10/2018;04:57:00;45;ac02 - Acidente com Vítima;799,269;BR-262/MG;Oeste;Saida de Pista;1;0;1;;;;1
09/10/2018;05:57:00;59;sem vítima;704,3;BR-262/MG;Leste;Colisão Traseira;1;2;;;;;1
09/10/2018;07:52:00;108;ac02 - Acidente com Vítima;130,565;BR-060/GO;Norte;Colisão Traseira;1;1;3;;;;1
09/10/2018;07:53:00;109;sem vítima;506,413;BR-153/GO;Norte;Engavetamento;1;5;;;;;1
09/10/2018;13:14:00;381;sem vítima;92,001;BR-153/MG;Sul;Tombamento;1;1;;;;;1
09/10/2018;13:56:00;396;ac02 - Acidente com Vítima;380,5;BR-262/MG;Oeste;Colisão Lateral;1;0;4;;;;1
09/10/2018;16:59:00;518;sem vítima;116;BR-060/GO;Sul;Carreta deu L;1;1;;;;;1
09/10/2018;18:14:00;551;sem vítima;125,1;BR-060/GO;Norte;Saida de Pista;1;2;;;;;1
10/10/2018;07:32:00;91;ac02 - Acidente com Vítima;594,578;BR-262/MG;Leste;Tombamento;1;1;1;;;;1
10/10/2018;08:08:00;107;ac01 - Acidente com Vítima Fatal;662,892;BR-153/GO;Norte;Capotamento;1;0;;;;1;3
10/10/2018;09:25:00;153;sem vítima;587;BR-262/MG;Oeste;;1;1;;;;;1
10/10/2018;10:20:00;188;sem vítima;93,449;BR-060/GO;Norte;Tombamento;1;1;;;;;1
10/10/2018;22:55:00;574;ac02 - Acidente com Vítima;186,3;BR-153/MG;Sul;Tombamento;1;0;1;;;;1
11/10/2018;00:10:00;4;sem vítima;365,001;BR-262/MG;Leste;Colisão Traseira;2;2;;;;;1
11/10/2018;04:49:00;48;sem vítima;63,299;BR-153/MG;Norte;Tombamento;1;2;;;;;1
11/10/2018;13:46:00;336;ac02 - Acidente com Vítima;588;BR-262/MG;Leste;Carreta deu L;2;2;1;;;;1
11/10/2018;19:15:00;549;sem vítima;500,2;BR-153/GO;Sul;Colisão Traseira;1;2;;;;;1
12/10/2018;04:16:00;57;ac02 - Acidente com Vítima;235,159;BR-153/MG;Sul;Tombamento;1;1;1;;;;1
12/10/2018;07:14:00;121;ac01 - Acidente com Vítima Fatal;621,6;BR-153/GO;Norte;Capotamento;1;3;;;;1;3
12/10/2018;08:57:00;209;sem vítima;645;BR-153/GO;Norte;Colisão Traseira;1;4;;;;;1
12/10/2018;09:34:00;239;sem vítima;223,3;BR-153/MG;Sul;Colisão Frontal;1;3;;;;;1
12/10/2018;10:03:00;260;sem vítima;715;BR-262/MG;Leste;Colisão Traseira;1;2;;;;;1
13/10/2018;13:37:00;334;ac02 - Acidente com Vítima;243,2;BR-153/MG;Sul;Atropelamento - Ciclista;1;1;;;1;;2
13/10/2018;13:48:00;340;sem vítima;28,9;BR-060/DF;Sul;Choque - Objeto sobre a pista;1;2;;;;;1
13/10/2018;14:45:00;371;sem vítima;679,567;BR-262/MG;Oeste;Saida de Pista;1;1;;;;;1
14/10/2018;05:26:00;42;sem vítima;687,072;BR-262/MG;Oeste;Colisão Lateral;1;2;;;;;1
14/10/2018;06:34:00;58;ac01 - Acidente com Vítima Fatal;459;BR-262/MG;Leste;Colisão Frontal;1;2;;;;2;3
14/10/2018;12:42:00;245;sem vítima;76,5;BR-153/MG;Sul;Colisão Frontal;2;27;;;;;1
14/10/2018;19:33:00;508;ac02 - Acidente com Vítima;447;BR-262/MG;Oeste;Colisão Frontal;1;1;;2;;;2
15/10/2018;03:37:00;51;sem vítima;375;BR-262/MG;Oeste;Saida de Pista;1;2;;;;;1
15/10/2018;09:55:00;221;sem vítima;656,2;BR-262/MG;Oeste;Tombamento;1;1;;;;;1
15/10/2018;12:12:00;321;sem vítima;587;BR-262/MG;Leste;Carreta deu L;1;1;;;;;1
15/10/2018;16:41:00;465;sem vítima;590;BR-262/MG;Oeste;Capotamento;1;1;;;;;1
15/10/2018;21:18:00;586;ac02 - Acidente com Vítima;211;BR-153/MG;Sul;Colisão Traseira;1;2;3;;1;;2
16/10/2018;00:27:00;11;sem vítima;626;BR-262/MG;Oeste;Tombamento;1;1;;;;;1
16/10/2018;02:16:00;33;sem vítima;415,2;BR-262/MG;Leste;Capotamento;1;2;;;;;1
16/10/2018;12:41:00;348;ac02 - Acidente com Vítima;491;BR-153/GO;Sul;Colisão Traseira;1;1;1;1;;;2
16/10/2018;12:50:00;351;ac02 - Acidente com Vítima;511;BR-153/GO;Sul;Choque - Veiculo parado na pista;1;2;;;1;;2
16/10/2018;15:24:00;428;sem vítima;126,9;BR-060/GO;Norte;Tombamento;1;1;;;;;1
16/10/2018;15:34:00;433;sem vítima;508,6;BR-153/GO;Norte;Colisão Lateral;1;2;;;;;1
16/10/2018;16:46:00;469;ac02 - Acidente com Vítima;702,1;BR-153/GO;Sul;Colisão Traseira;2;0;1;1;;;2
16/10/2018;16:54:00;475;sem vítima;450;BR-262/MG;Leste;Engavetamento;3;3;;;;;1
17/10/2018;08:07:00;98;ac02 - Acidente com Vítima;625;BR-262/MG;Oeste;Colisão Traseira;1;0;3;;;;1
17/10/2018;15:31:00;347;ac02 - Acidente com Vítima;581;BR-262/MG;Oeste;Saida de Pista;1;0;1;1;;;2
17/10/2018;16:52:00;398;sem vítima;649,9;BR-262/MG;Oeste;Colisão Traseira;1;2;;;;;1
17/10/2018;23:28:00;552;ac02 - Acidente com Vítima;43,123;BR-153/MG;Sul;Tombamento;1;1;1;1;;;2
18/10/2018;04:38:00;44;sem vítima;63,6;BR-153/MG;Norte;Tombamento;1;1;;;;;1
18/10/2018;06:54:00;77;sem vítima;495;BR-153/GO;Sul;Engavetamento;1;3;;;;;1
18/10/2018;07:08:00;86;sem vítima;494;BR-153/GO;Norte;Engavetamento;1;3;;;;;1
18/10/2018;15:34:00;430;sem vítima;509;BR-153/GO;Sul;;1;1;;;;;1
18/10/2018;16:34:00;471;sem vítima;535;BR-153/GO;Sul;Capotamento;1;1;;;;;1
18/10/2018;18:50:00;542;sem vítima;134,3;BR-153/MG;Norte;Colisão Traseira;2;2;;;;;1
19/10/2018;05:25:00;60;sem vítima;114,3;BR-060/GO;Sul;Saida de Pista;1;1;;;;;1
19/10/2018;05:36:00;63;ac02 - Acidente com Vítima;76,7;BR-153/MG;Sul;Tombamento;1;0;;1;;;2
19/10/2018;06:29:00;73;sem vítima;702,64;BR-262/MG;Oeste;Colisão Lateral;1;2;;;;;1
19/10/2018;18:46:00;619;ac02 - Acidente com Vítima;10;BR-060/DF;Sul;Atropelamento de Animal;1;1;;;1;;2
20/10/2018;00:53:00;22;sem vítima;131;BR-060/GO;Sul;Colisão Traseira;2;2;;;;;1
20/10/2018;02:48:00;56;sem vítima;600;BR-262/MG;Leste;Colisão Lateral;1;29;;;;;1
20/10/2018;06:57:00;116;sem vítima;98;BR-060/GO;Sul;Colisão Traseira;1;5;;;;;1
20/10/2018;09:33:00;196;ac02 - Acidente com Vítima;490;BR-153/GO;Norte;Colisão Lateral;1;1;1;;;;1
20/10/2018;11:57:00;284;sem vítima;555;BR-153/GO;Sul;Colisão Traseira;1;3;;;;;1
20/10/2018;15:40:00;364;sem vítima;42,5;BR-153/MG;Norte;Colisão Lateral;2;2;;;;;1
20/10/2018;15:42:00;366;ac01 - Acidente com Vítima Fatal;32,271;BR-060/GO;Norte;Atropelamento - Outros;1;1;;;;1;3
20/10/2018;18:46:00;463;sem vítima;521,04;BR-153/GO;Sul;Colisão Traseira;2;2;;;;;1
21/10/2018;06:43:00;101;sem vítima;630;BR-262/MG;Oeste;Tombamento;1;1;;;;;1
21/10/2018;11:53:00;332;sem vítima;200,5;BR-153/MG;Norte;Choque - Talude;1;1;;;;;1
22/10/2018;19:29:00;504;sem vítima;12,2;BR-060/GO;Norte;Colisão Traseira;1;2;;;;;1
22/10/2018;22:02:00;587;sem vítima;508,995;BR-153/GO;Sul;Colisão Traseira;1;2;;;;;1
23/10/2018;00:34:00;13;sem vítima;554,9;BR-262/MG;Oeste;Tombamento;1;1;;;;;1
23/10/2018;02:40:00;48;sem vítima;17,5;BR-060/GO;Sul;Choque - Veiculo parado no acostamento;2;2;;;;;1
23/10/2018;15:51:00;412;ac02 - Acidente com Vítima;129;BR-060/GO;Norte;Saida de Pista;1;0;2;;;;1
23/10/2018;17:09:00;467;sem vítima;109;BR-060/GO;Sul;Colisão Traseira;1;2;;;;;1
23/10/2018;18:55:00;529;sem vítima;174;BR-153/MG;Norte;Colisão Lateral;1;2;;;;;1
23/10/2018;20:09:00;560;sem vítima;107,6;BR-060/GO;Norte;Colisão Traseira;1;3;;;;;1
23/10/2018;21:23:00;587;sem vítima;43;BR-153/MG;Norte;Saida de Pista;1;1;;;;;1
23/10/2018;21:40:00;595;sem vítima;119;BR-060/GO;Sul;Choque - Talude;1;1;;;;;1
24/10/2018;01:34:00;28;sem vítima;583,9;BR-153/GO;Norte;Choque - Talude;1;1;;;;;1
24/10/2018;03:16:00;47;ac02 - Acidente com Vítima;53,2;BR-153/MG;Norte;Tombamento;1;0;2;;;;1
24/10/2018;08:16:00;188;sem vítima;507;BR-153/GO;Norte;Engavetamento;1;3;;;;;1
24/10/2018;08:52:00;218;sem vítima;96,5;BR-153/MG;Norte;Tombamento;1;1;;;;;1
24/10/2018;08:58:00;222;sem vítima;703;BR-153/GO;Norte;Colisão Traseira;1;2;;;;;1
24/10/2018;11:00:00;305;sem vítima;589;BR-262/MG;Leste;Choque - Talude;1;1;;;;;1
24/10/2018;11:21:00;322;sem vítima;669,99;BR-153/GO;Norte;Colisão Traseira;1;2;;;;;1
24/10/2018;13:52:00;406;sem vítima;548;BR-262/MG;Leste;Choque - Elemento de Drenagem;1;1;;;;;1
24/10/2018;17:22:00;521;sem vítima;517,4;BR-262/MG;Oeste;Colisão Lateral;2;2;;;;;1
24/10/2018;17:50:00;533;sem vítima;75,5;BR-153/MG;Sul;Carreta deu L;1;1;;;;;1
24/10/2018;22:04:00;619;ac02 - Acidente com Vítima;426;BR-262/MG;Leste;Colisão Frontal;1;1;1;;;;1
25/10/2018;17:13:00;527;sem vítima;468;BR-262/MG;Oeste;Engavetamento;1;5;;;;;1
25/10/2018;21:49:00;637;sem vítima;508;BR-262/MG;Leste;Colisão Lateral;1;3;;;;;1
26/10/2018;07:08:00;97;sem vítima;535,05;BR-262/MG;Leste;Colisão Lateral;1;3;;;;;1
27/10/2018;11:18:00;275;sem vítima;575;BR-262/MG;Leste;Carreta deu L;1;1;;;;;1
27/10/2018;12:31:00;317;sem vítima;690,899;BR-153/GO;Norte;Tombamento;1;1;;;;;1
28/10/2018;21:29:00;470;sem vítima;3;BR-060/GO;Norte;;1;2;;;;;1
29/10/2018;14:23:00;480;sem vítima;380,4;BR-262/MG;Leste;Colisão Lateral;1;2;;;;;1
30/10/2018;12:27:00;271;sem vítima;507,181;BR-153/GO;Norte;Colisão Traseira;1;3;;;;;1
31/10/2018;01:21:00;33;sem vítima;25,7;BR-060/DF;Sul;Colisão Traseira;1;2;;;;;1
31/10/2018;02:29:00;53;ac02 - Acidente com Vítima;752,4;BR-262/MG;Oeste;Tombamento;1;0;;1;;;2
31/10/2018;05:28:00;100;sem vítima;102,5;BR-153/MG;Sul;Saida de Pista;1;1;;;;;1
31/10/2018;12:36:00;378;sem vítima;501;BR-153/GO;Sul;Tombamento;1;1;;;;;1
31/10/2018;14:23:00;429;sem vítima;493,545;BR-262/MG;Oeste;Engavetamento;2;4;;;;;1
31/10/2018;16:25:00;514;sem vítima;499;BR-153/GO;Sul;Colisão Traseira;1;2;;;;;1
01/11/2018;00:32:00;9;ac02 - Acidente com Vítima;50,899;BR-153/MG;Sul;Tombamento;1;0;1;;1;;2
01/11/2018;07:49:00;123;sem vítima;513;BR-153/GO;Sul;Colisão Lateral;2;2;;;;;1
01/11/2018;12:44:00;294;ac02 - Acidente com Vítima;381,173;BR-262/MG;Leste;Tombamento;1;0;;1;;;2
01/11/2018;14:39:00;372;sem vítima;532;BR-262/MG;Leste;Colisão Transversal;1;2;;;;;1
03/11/2018;02:00:00;26;sem vítima;594,1;BR-262/MG;Oeste;Choque - Talude;1;1;;;;;1
03/11/2018;04:23:00;44;sem vítima;21,8;BR-060/DF;Sul;Tombamento;1;1;;;;;1
03/11/2018;11:39:00;202;sem vítima;692,8;BR-153/GO;Sul;Choque - Elemento de Drenagem;1;1;;;;;1
03/11/2018;12:36:00;221;sem vítima;7,5;BR-060/DF;Sul;Colisão Traseira;1;2;;;;;1
03/11/2018;20:54:00;439;ac01 - Acidente com Vítima Fatal;702,55;BR-262/MG;Oeste;Atropelamento - Andarilho;1;1;;;;1;3
04/11/2018;06:19:00;50;ac02 - Acidente com Vítima;245,409;BR-153/MG;Norte;Colisão Frontal;1;2;;1;;;2
04/11/2018;06:25:00;51;sem vítima;594,39;BR-262/MG;Leste;Choque - Talude;1;1;;;;;1
04/11/2018;23:29:00;499;ac01 - Acidente com Vítima Fatal;523;BR-262/MG;Oeste;Colisão Frontal;1;1;;;;1;3
05/11/2018;07:55:00;116;ac02 - Acidente com Vítima;488,4;BR-262/MG;Leste;Carreta deu L;1;1;;1;;;2
05/11/2018;14:54:00;498;ac02 - Acidente com Vítima;486;BR-262/MG;Leste;Engavetamento;2;4;;1;;;2
05/11/2018;16:40:00;595;sem vítima;114,299;BR-060/GO;Sul;Saida de Pista;1;1;;;;;1
05/11/2018;16:51:00;602;sem vítima;501,05;BR-153/GO;Sul;Colisão Traseira;2;2;;;;;1
05/11/2018;16:53:00;605;ac02 - Acidente com Vítima;593;BR-262/MG;Leste;Colisão Lateral;2;1;1;1;;;2
05/11/2018;18:05:00;682;sem vítima;583;BR-262/MG;Leste;Saida de Pista;1;1;;;;;1
07/11/2018;07:25:00;67;sem vítima;90;BR-060/GO;Sul;Colisão Lateral;1;2;;;;;1
07/11/2018;08:51:00;131;sem vítima;702,938;BR-262/MG;Leste;Colisão Traseira;1;2;;;;;1
07/11/2018;10:31:00;204;sem vítima;517;BR-153/GO;Sul;Tombamento;1;1;;;;;1
07/11/2018;11:02:00;233;sem vítima;517;BR-153/GO;Sul;Colisão Traseira;2;2;;;;;1
07/11/2018;14:31:00;347;sem vítima;607,7;BR-153/GO;Norte;Saida de Pista;2;3;;;;;1
08/11/2018;00:10:00;1;sem vítima;606,2;BR-153/GO;Norte;Saida de Pista;1;1;;;;;1
08/11/2018;00:17:00;5;sem vítima;482;BR-262/MG;Oeste;Colisão Traseira;1;2;;;;;1
08/11/2018;03:10:00;40;sem vítima;75;BR-153/MG;Norte;Saida de Pista;1;1;;;;;1
08/11/2018;07:44:00;103;sem vítima;525;BR-153/GO;Norte;Colisão Traseira;2;2;;;;;1
08/11/2018;09:42:00;178;sem vítima;594;BR-262/MG;Leste;Choque - Talude;1;1;;;;;1
08/11/2018;14:52:00;326;sem vítima;598;BR-262/MG;Oeste;Carreta deu L;1;1;;;;;1
08/11/2018;15:55:00;360;ac02 - Acidente com Vítima;548,729;BR-262/MG;Oeste;Colisão Lateral;1;1;;1;;;2
08/11/2018;20:39:00;493;sem vítima;605;BR-153/GO;Norte;;1;1;;;;;1
09/11/2018;01:47:00;19;sem vítima;385;BR-262/MG;Leste;Saida de Pista;1;1;;;;;1
09/11/2018;02:59:00;22;sem vítima;552,1;BR-153/GO;Norte;Choque - Elemento de Drenagem;1;1;;;;;1
09/11/2018;07:21:00;81;ac02 - Acidente com Vítima;504;BR-153/GO;Norte;Colisão Traseira;1;1;;1;;;2
09/11/2018;07:37:00;90;sem vítima;527;BR-153/GO;Norte;Colisão Traseira;2;2;;;;;1
09/11/2018;12:24:00;279;sem vítima;368;BR-262/MG;Oeste;Tombamento;1;1;;;;;1
09/11/2018;15:01:00;339;sem vítima;368;BR-262/MG;Oeste;Engavetamento;3;6;;;;;1
09/11/2018;23:26:00;562;sem vítima;590;BR-262/MG;Leste;Colisão Frontal;2;2;;;;;1
09/11/2018;23:32:00;563;sem vítima;119;BR-060/GO;Sul;Tombamento;1;3;;;;;1
10/11/2018;07:52:00;108;sem vítima;632;BR-262/MG;Oeste;Carreta deu L;1;1;;;;;1
10/11/2018;14:46:00;403;sem vítima;529;BR-262/MG;Leste;Colisão Traseira;2;2;;;;;1
10/11/2018;22:04:00;609;sem vítima;493;BR-153/GO;Norte;Colisão Lateral;1;5;;;;;1
11/11/2018;16:12:00;490;sem vítima;503;BR-153/GO;Norte;Colisão Traseira;1;2;;;;;1
12/11/2018;02:14:00;41;sem vítima;360;BR-262/MG;Oeste;Colisão Lateral;1;2;;;;;1
12/11/2018;05:01:00;71;sem vítima;14,1;BR-060/DF;Norte;Colisão Traseira;1;2;;;;;1
12/11/2018;06:30:00;95;sem vítima;114,4;BR-060/GO;Sul;Tombamento;1;1;;;;;1
12/11/2018;11:25:00;285;sem vítima;619;BR-153/GO;Sul;Colisão Traseira;1;2;;;;;1
12/11/2018;13:33:00;365;sem vítima;658,9;BR-262/MG;Oeste;Tombamento;1;1;;;;;1
12/11/2018;23:53:00;691;sem vítima;13,4;BR-060/GO;Norte;Colisão Traseira;2;2;;;;;1
13/11/2018;00:26:00;13;sem vítima;81,8;BR-153/MG;Sul;Atropelamento de Animal;1;1;;;;;1
13/11/2018;07:32:00;143;sem vítima;3,4;BR-060/GO;Norte;Colisão Traseira;1;2;;;;;1
13/11/2018;07:58:00;160;sem vítima;151;BR-153/MG;Sul;Colisão Lateral;1;2;;;;;1
13/11/2018;08:55:00;213;sem vítima;555,4;BR-262/MG;Leste;Choque - Elemento de Drenagem;1;1;;;;;1
13/11/2018;12:02:00;429;sem vítima;423;BR-262/MG;Oeste;Colisão Traseira;1;2;;;;;1
13/11/2018;15:16:00;578;sem vítima;751;BR-262/MG;Oeste;Colisão Traseira;2;3;;;;;1
13/11/2018;16:28:00;606;ac02 - Acidente com Vítima;800;BR-262/MG;Leste;Atropelamento - Outros;1;1;;1;;;2
13/11/2018;16:53:00;621;sem vítima;653;BR-262/MG;Leste;Choque - Talude;1;1;;;;;1
13/11/2018;17:00:00;623;sem vítima;570;BR-153/GO;Sul;Carreta deu L;1;1;;;;;1
13/11/2018;19:28:00;703;ac02 - Acidente com Vítima;119;BR-060/GO;Sul;Saida de Pista;1;0;;1;;;2
14/11/2018;03:34:00;42;ac02 - Acidente com Vítima;550;BR-262/MG;Leste;Colisão Traseira;1;0;2;1;;;2
14/11/2018;08:13:00;127;sem vítima;378;BR-262/MG;Leste;Capotamento;1;5;;;;;1
14/11/2018;11:59:00;411;ac02 - Acidente com Vítima;616,089;BR-262/MG;Leste;Tombamento;1;0;1;;;;1
14/11/2018;12:08:00;416;sem vítima;505,4;BR-153/GO;Norte;Colisão Traseira;1;2;;;;;1
14/11/2018;17:37:00;601;sem vítima;512;BR-262/MG;Leste;;1;2;;;;;1
15/11/2018;04:03:00;65;sem vítima;9,3;BR-060/DF;Sul;Choque - Talude;1;1;;;;;1
15/11/2018;04:08:00;66;sem vítima;410,571;BR-262/MG;Leste;Choque - Arvore;1;1;;;;;1
15/11/2018;08:52:00;189;sem vítima;359,2;BR-262/MG;Leste;Colisão Traseira;1;2;;;;;1
15/11/2018;12:22:00;343;sem vítima;512,85;BR-262/MG;Leste;Colisão Traseira;2;2;;;;;1
15/11/2018;18:11:00;520;sem vítima;441,571;BR-262/MG;Leste;Colisão Lateral;1;2;;;;;1
16/11/2018;10:11:00;176;sem vítima;119;BR-060/GO;Sul;Colisão Traseira;1;2;;;;;1
16/11/2018;14:21:00;292;sem vítima;432,378;BR-262/MG;Oeste;Choque - Elemento de Drenagem;1;1;;;;;1
16/11/2018;15:38:00;341;sem vítima;115,504;BR-153/MG;Norte;Colisão Traseira;1;6;;;;;1
17/11/2018;00:56:00;13;ac02 - Acidente com Vítima;35;BR-153/MG;Norte;Tombamento;2;1;;1;;;2
17/11/2018;15:00:00;303;sem vítima;119,5;BR-060/GO;Sul;Saida de Pista;1;1;;;;;1
17/11/2018;17:11:00;373;sem vítima;113,78;BR-060/GO;Norte;Saida de Pista;1;1;;;;;1
18/11/2018;07:41:00;111;sem vítima;491;BR-153/GO;Norte;Tombamento;1;1;;;;;1
18/11/2018;14:33:00;325;ac02 - Acidente com Vítima;108;BR-153/MG;Sul;Colisão Transversal;1;1;4;1;;;2
18/11/2018;17:44:00;439;sem vítima;534;BR-153/GO;Norte;Colisão Lateral;1;2;;;;;1
18/11/2018;17:51:00;441;sem vítima;609,8;BR-262/MG;Leste;Colisão Frontal;1;2;;;;;1
18/11/2018;21:17:00;537;sem vítima;598;BR-262/MG;Leste;Carreta deu L;1;1;;;;;1
18/11/2018;22:01:00;556;sem vítima;508;BR-153/GO;Sul;Saida de Pista;1;1;;;;;1
18/11/2018;22:13:00;560;ac02 - Acidente com Vítima;529,268;BR-262/MG;Leste;Colisão Traseira;1;4;;1;;;2
19/11/2018;02:25:00;18;sem vítima;527;BR-153/GO;Sul;Carreta deu L;1;1;;;;;1
19/11/2018;07:08:00;58;sem vítima;44,65;BR-153/MG;Sul;Saida de Pista;1;2;;;;;1
19/11/2018;08:38:00;107;sem vítima;643,6;BR-262/MG;Leste;Colisão Traseira;2;2;;;;;1
19/11/2018;08:54:00;116;sem vítima;494,2;BR-153/GO;Sul;Colisão Traseira;1;2;;;;;1
19/11/2018;14:00:00;248;sem vítima;58,3;BR-060/GO;Norte;Colisão Traseira;2;2;;;;;1
19/11/2018;15:29:00;292;sem vítima;91;BR-060/GO;Sul;Colisão Traseira;2;2;;;;;1
19/11/2018;23:58:00;493;ac01 - Acidente com Vítima Fatal;476,001;BR-262/MG;Leste;Colisão Lateral;1;0;1;;;2;3
20/11/2018;03:39:00;60;ac02 - Acidente com Vítima;361,168;BR-262/MG;Oeste;Colisão Traseira;2;1;;1;;;2
20/11/2018;07:39:00;99;sem vítima;368,283;BR-262/MG;Leste;Colisão Lateral;1;3;;;;;1
20/11/2018;07:47:00;102;sem vítima;501,5;BR-153/GO;Norte;Colisão Traseira;1;2;;;;;1
20/11/2018;09:31:00;144;sem vítima;509;BR-153/GO;Norte;Saida de Pista;1;1;;;;;1
20/11/2018;09:58:00;158;ac01 - Acidente com Vítima Fatal;388,25;BR-262/MG;Oeste;Choque - Veiculo parado no acostamento;1;10;;;;1;3
20/11/2018;16:30:00;337;sem vítima;595,2;BR-262/MG;Leste;Saida de Pista;1;2;;;;;1
20/11/2018;17:14:00;359;sem vítima;595,5;BR-262/MG;Oeste;Colisão Traseira;2;2;;;;;1
20/11/2018;19:27:00;418;sem vítima;122,4;BR-060/GO;Norte;Carreta deu L;1;3;;;;;1
21/11/2018;09:43:00;158;sem vítima;554;BR-262/MG;Oeste;Colisão Traseira;1;5;;;;;1
21/11/2018;12:26:00;395;sem vítima;419;BR-262/MG;Oeste;Capotamento;1;2;;;;;1
21/11/2018;13:03:00;407;sem vítima;375;BR-262/MG;Oeste;Colisão Traseira;1;2;;;;;1
21/11/2018;21:29:00;705;sem vítima;23,5;BR-060/GO;Sul;Saida de Pista;1;1;;;;;1
22/11/2018;06:44:00;84;ac02 - Acidente com Vítima;492;BR-262/MG;Oeste;Colisão Transversal;1;1;1;;;;1
23/11/2018;19:25:00;541;sem vítima;46,6;BR-060/GO;Sul;Colisão Traseira;1;2;;;;;1
23/11/2018;21:59:00;609;ac02 - Acidente com Vítima;110,9;BR-060/GO;Norte;Colisão Traseira;1;1;;1;;;2
24/11/2018;07:24:00;86;sem vítima;451,359;BR-262/MG;Oeste;Colisão Transversal;1;2;;;;;1
24/11/2018;10:55:00;216;ac02 - Acidente com Vítima;571;BR-262/MG;Oeste;Colisão Frontal;1;3;1;;;;1
24/11/2018;13:48:00;311;sem vítima;524;BR-262/MG;Leste;Carreta deu L;1;1;;;;;1
24/11/2018;14:16:00;329;sem vítima;576;BR-262/MG;Leste;Tombamento;1;1;;;;;1
24/11/2018;21:04:00;514;ac02 - Acidente com Vítima;12,226;BR-060/GO;Norte;Colisão Traseira;1;1;1;;;;1
25/11/2018;00:17:00;7;sem vítima;42,2;BR-153/MG;Sul;Tombamento;1;3;;;;;1
25/11/2018;05:46:00;78;sem vítima;408,867;BR-262/MG;Leste;Saida de Pista;1;1;;;;;1
25/11/2018;08:59:00;123;sem vítima;536;BR-262/MG;Leste;;1;1;;;;;1
25/11/2018;09:42:00;139;sem vítima;553,2;BR-262/MG;Leste;Choque - Talude;1;1;;;;;1
25/11/2018;11:40:00;284;sem vítima;511;BR-153/GO;Sul;Colisão Traseira;1;3;;;;;1
25/11/2018;14:40:00;372;sem vítima;243;BR-153/MG;Norte;Colisão Lateral;1;2;;;;;1
25/11/2018;17:24:00;440;sem vítima;354;BR-262/MG;Leste;Colisão Traseira;1;4;;;;;1
26/11/2018;07:36:00;101;ac02 - Acidente com Vítima;537;BR-262/MG;Leste;Choque - Arvore;1;0;;1;;;2
26/11/2018;13:13:00;395;sem vítima;380;BR-262/MG;Leste;Tombamento;1;1;;;;;1
26/11/2018;14:59:00;458;sem vítima;501;BR-262/MG;Leste;Colisão Lateral;1;2;;;;;1
26/11/2018;17:01:00;546;sem vítima;780;BR-262/MG;Oeste;Choque - Talude;1;2;;;;;1
27/11/2018;02:27:00;35;sem vítima;496;BR-153/GO;Sul;Colisão Traseira;1;2;;;;;1
27/11/2018;05:47:00;56;sem vítima;791;BR-262/MG;Leste;Tombamento;1;1;;;;;1
27/11/2018;07:35:00;87;sem vítima;499,9;BR-153/GO;Sul;Colisão Lateral;1;2;;;;;1
27/11/2018;08:22:00;122;sem vítima;61;BR-060/GO;Sul;Colisão Traseira;2;2;;;;;1
27/11/2018;17:59:00;545;ac02 - Acidente com Vítima;509;BR-153/GO;Norte;Engavetamento;1;2;;1;;;2
27/11/2018;18:50:00;599;sem vítima;803;BR-262/MG;Leste;Colisão Transversal;1;2;;;;;1
28/11/2018;05:07:00;84;sem vítima;631,4;BR-153/GO;Sul;Choque - Elemento de Drenagem;1;1;;;;;1
28/11/2018;08:22:00;152;ac02 - Acidente com Vítima;500;BR-153/GO;Sul;Colisão Traseira;2;1;3;;;;1
28/11/2018;12:53:00;315;sem vítima;0,8;BR-060/DF;Sul;Saida de Pista;1;1;;;;;1
28/11/2018;16:07:00;433;ac02 - Acidente com Vítima;484,5;BR-262/MG;Oeste;Colisão Frontal;1;1;;1;;;2
28/11/2018;21:21:00;631;sem vítima;516,5;BR-262/MG;Leste;Colisão Traseira;1;2;;;;;1
29/11/2018;05:45:00;82;sem vítima;578;BR-262/MG;Leste;Tombamento;1;1;;;;;1
29/11/2018;08:35:00;157;sem vítima;99;BR-060/GO;Sul;Colisão Lateral;1;2;;;;;1
29/11/2018;16:37:00;506;sem vítima;388;BR-262/MG;Leste;Colisão Lateral;2;2;;;;;1
29/11/2018;21:22:00;645;ac02 - Acidente com Vítima;564;BR-153/GO;Sul;Colisão Traseira;2;3;1;;;;1
30/11/2018;02:42:00;29;ac02 - Acidente com Vítima;539,068;BR-262/MG;Oeste;Tombamento;1;0;1;;;;1