data;horario;n_da_ocorrencia;tipo_de_ocorrencia;km;trecho;sentido;tipo_de_acidente;caminhao;ilesos;levemente_feridos;moderadamente_feridos;gravemente_feridos;mortos;3
04/04/2019;21:48:00;471;sem vítima;116,5;BR-060/GO;Sul;Saida de Pista;1;1;;;;;1
04/04/2019;22:24:00;486;ac02 - Acidente com Vítima;40;BR-153/MG;Norte;Tombamento;1;0;1;;;;1
04/04/2019;23:41:00;510;sem vítima;779,4;BR-262/MG;Leste;Carreta deu L;1;1;;;;;1
05/04/2019;02:44:00;38;sem vítima;824,1;BR-262/MG;Leste;Choque - Suporte de Sinalização;1;1;;;;;1
05/04/2019;16:30:00;330;ac02 - Acidente com Vítima;79;BR-060/GO;Sul;Colisão Traseira;1;1;1;;;;1
06/04/2019;01:40:00;22;ac02 - Acidente com Vítima;673;BR-153/GO;Sul;Tombamento;1;0;1;;;;1
06/04/2019;03:16:00;45;sem vítima;761,7;BR-262/MG;Oeste;Tombamento;1;1;;;;;1
06/04/2019;04:43:00;60;ac02 - Acidente com Vítima;595;BR-262/MG;Oeste;Colisão Frontal;3;0;2;1;1;;2
06/04/2019;06:08:00;72;sem vítima;44,3;BR-153/MG;Norte;Tombamento;1;1;;;;;1
06/04/2019;06:27:00;76;sem vítima;74,299;BR-153/MG;Sul;Colisão Traseira;2;2;;;;;1
06/04/2019;13:35:00;247;ac02 - Acidente com Vítima;575;BR-262/MG;Leste;Colisão Transversal;1;1;;1;;;2
08/04/2019;07:23:00;78;ac02 - Acidente com Vítima;611;BR-262/MG;Leste;Colisão Traseira;2;1;1;;;;1
08/04/2019;07:48:00;85;sem vítima;607;BR-262/MG;Oeste;Colisão Traseira;1;3;;;;;1
08/04/2019;07:56:00;90;ac02 - Acidente com Vítima;498;BR-153/GO;Sul;Engavetamento;1;3;1;;;;1
08/04/2019;15:30:00;313;ac02 - Acidente com Vítima;547,2;BR-262/MG;Oeste;Engavetamento;2;3;;2;;;2
08/04/2019;15:59:00;324;sem vítima;129;BR-060/GO;Norte;Colisão Traseira;1;2;;;;;1
08/04/2019;20:24:00;434;sem vítima;608,5;BR-262/MG;Leste;Tombamento;1;1;;;;;1
08/04/2019;21:08:00;447;sem vítima;383,2;BR-262/MG;Oeste;Tombamento;1;1;;;;;1
09/04/2019;04:23:00;34;ac02 - Acidente com Vítima;73,799;BR-153/MG;Norte;Choque - Arvore;1;0;2;;;;1
09/04/2019;07:28:00;59;sem vítima;1,8;BR-153/MG;Norte;Saida de Pista;2;2;;;;;1
09/04/2019;16:38:00;347;sem vítima;581;BR-262/MG;Leste;Tombamento;1;2;;;;;1
09/04/2019;16:25:00;359;sem vítima;686;BR-153/GO;Norte;Choque - Veiculo parado na pista;1;2;;;;;1
10/04/2019;08:10:00;83;ac02 - Acidente com Vítima;493;BR-153/GO;Sul;Colisão Traseira;2;1;1;1;;;2
10/04/2019;08:25:00;93;ac02 - Acidente com Vítima;516;BR-153/GO;Sul;Atropelamento - Usuário;1;1;;1;;;2
10/04/2019;13:22:00;259;sem vítima;98;BR-060/GO;Norte;Colisão Traseira;2;3;;;;;1
10/04/2019;14:25:00;283;sem vítima;827;BR-262/MG;Leste;Tombamento;1;1;;;;;1
10/04/2019;17:44:00;361;sem vítima;20;BR-060/GO;Sul;Colisão Traseira;1;2;;;;;1
10/04/2019;18:13:00;375;sem vítima;129;BR-060/GO;Sul;Saida de Pista;1;2;;;;;1
11/04/2019;06:11:00;57;sem vítima;66;BR-153/MG;Norte;Carreta deu L;1;1;;;;;1
11/04/2019;16:06:00;351;sem vítima;489;BR-262/MG;Oeste;Colisão Lateral;1;2;;;;;1
11/04/2019;17:33:00;395;sem vítima;71,7;BR-153/MG;Sul;Saida de Pista;1;1;;;;;1
12/04/2019;00:16:00;3;ac02 - Acidente com Vítima;631,6;BR-153/GO;Sul;Colisão Traseira;1;1;1;;;;1
12/04/2019;02:17:00;61;ac02 - Acidente com Vítima;523,8;BR-262/MG;Oeste;Tombamento;1;1;1;;;;1
12/04/2019;04:10:00;80;sem vítima;557;BR-262/MG;Leste;Tombamento;1;2;;;;;1
12/04/2019;09:35:00;196;sem vítima;518,7;BR-153/GO;Sul;Choque - Elemento de Drenagem;1;2;;;;;1
12/04/2019;13:28:00;306;ac02 - Acidente com Vítima;79;BR-153/MG;Sul;Colisão Lateral;1;2;2;;;;1
12/04/2019;16:27:00;380;sem vítima;460;BR-262/MG;Oeste;Colisão Lateral;1;2;;;;;1
12/04/2019;18:43:00;451;ac02 - Acidente com Vítima;503;BR-153/GO;Norte;Engavetamento;1;5;2;;;;1
12/04/2019;21:56:00;533;sem vítima;100;BR-060/GO;Norte;Engavetamento;1;3;;;;;1
12/04/2019;22:31:00;542;ac02 - Acidente com Vítima;80;BR-153/MG;Sul;Tombamento;1;0;1;;;;1
13/04/2019;05:31:00;55;sem vítima;210;BR-153/MG;Norte;Tombamento;1;1;;;;;1
13/04/2019;06:22:00;66;ac02 - Acidente com Vítima;509;BR-153/GO;Sul;Colisão Lateral;1;1;1;;;;1
13/04/2019;11:20:00;209;sem vítima;395;BR-262/MG;Leste;Saida de Pista;1;1;;;;;1
13/04/2019;15:23:00;327;sem vítima;379;BR-262/MG;Leste;Saida de Pista;1;1;;;;;1
13/04/2019;19:52:00;440;sem vítima;437;BR-262/MG;Oeste;Choque - Veiculo parado no acostamento;1;3;;;;;1
13/04/2019;20:40:00;453;sem vítima;400;BR-262/MG;Leste;Choque - Elemento de Drenagem;1;1;;;;;1
14/04/2019;01:49:00;17;sem vítima;652;BR-262/MG;Leste;Tombamento;1;1;;;;;1
14/04/2019;02:27:00;22;ac02 - Acidente com Vítima;33,029;BR-060/GO;Norte;Colisão Traseira;1;1;2;;;;1
14/04/2019;10:44:00;136;ac01 - Acidente com Vítima Fatal;863;BR-262/MG;Oeste;Colisão Traseira;1;0;1;1;;1;3
14/04/2019;14:18:00;199;sem vítima;577;BR-262/MG;Leste;Capotamento;1;1;;;;;1
14/04/2019;15:33:00;229;sem vítima;430;BR-262/MG;Leste;Tombamento;1;1;;;;;1
14/04/2019;17:01:00;259;sem vítima;598;BR-262/MG;Leste;Saida de Pista;1;1;;;;;1
15/04/2019;02:11:00;22;sem vítima;579,5;BR-262/MG;Leste;Carreta deu L;1;1;;;;;1
15/04/2019;08:08:00;100;sem vítima;240;BR-153/MG;Sul;Colisão Lateral;1;4;;;;;1
15/04/2019;12:30:00;225;ac02 - Acidente com Vítima;353,5;BR-262/MG;Oeste;Engavetamento;3;2;1;;;;1
15/04/2019;14:49:00;278;sem vítima;97;BR-060/GO;Norte;Colisão Lateral;2;3;;;;;1
16/04/2019;02:52:00;28;ac01 - Acidente com Vítima Fatal;82,6;BR-153/MG;Sul;"Choque - Defensa, barreira ou ""submarino""";3;2;;;;1;3
16/04/2019;06:12:00;56;sem vítima;129;BR-060/GO;Sul;Colisão Traseira;1;2;;;;;1
16/04/2019;07:44:00;80;sem vítima;83;BR-153/MG;Sul;Tombamento;1;1;;;;;1
16/04/2019;11:33:00;201;sem vítima;395;BR-262/MG;Oeste;Colisão Lateral;1;2;;;;;1
16/04/2019;12:17:00;221;ac02 - Acidente com Vítima;651;BR-262/MG;Oeste;Colisão Frontal;1;1;;1;;;2
16/04/2019;17:10:00;341;sem vítima;594;BR-262/MG;Oeste;Colisão Traseira;1;2;;;;;1
16/04/2019;22:28:00;445;sem vítima;410,668;BR-262/MG;Leste;Tombamento;1;1;;;;;1
17/04/2019;03:40:00;41;ac02 - Acidente com Vítima;420,471;BR-262/MG;Oeste;Tombamento;1;0;1;;;;1
18/04/2019;11:21:00;190;sem vítima;671,5;BR-153/GO;Norte;Colisão Traseira;2;2;;;;;1
18/04/2019;16:57:00;370;ac02 - Acidente com Vítima;25;BR-060/GO;Sul;Choque - Suporte de Sinalização;1;0;1;;;;1
18/04/2019;17:08:00;378;ac02 - Acidente com Vítima;6;BR-060/GO;Norte;Tombamento;1;1;1;;;;1
18/04/2019;19:45:00;466;sem vítima;501;BR-153/GO;Sul;Engavetamento;2;5;;;;;1
19/04/2019;08:17:00;105;sem vítima;501;BR-153/GO;Norte;Colisão Traseira;1;2;;;;;1
20/04/2019;23:40:00;512;sem vítima;584,299;BR-153/GO;Sul;Saida de Pista;1;1;;;;;1
21/04/2019;10:42:00;129;sem vítima;58;BR-153/MG;Norte;Colisão Traseira;2;2;;;;;1
21/04/2019;16:48:00;320;sem vítima;491;BR-153/GO;Norte;Tombamento;1;1;;;;;1
21/04/2019;22:19:00;492;sem vítima;46,2;BR-060/GO;Norte;Colisão Traseira;1;2;;;;;1
22/04/2019;06:10:00;67;ac02 - Acidente com Vítima;32;BR-153/MG;Norte;Tombamento;1;0;1;;;;1
22/04/2019;06:45:00;76;sem vítima;470,3;BR-262/MG;Oeste;Colisão Lateral;1;2;;;;;1
22/04/2019;08:20:00;125;sem vítima;363;BR-262/MG;Oeste;Colisão Traseira;1;2;;;;;1
22/04/2019;18:44:00;394;ac02 - Acidente com Vítima;356;BR-262/MG;Oeste;Engavetamento;1;5;2;;;;1
23/04/2019;05:58:00;50;ac02 - Acidente com Vítima;420;BR-262/MG;Oeste;Colisão Traseira;1;2;;1;;;2
23/04/2019;06:55:00;60;sem vítima;40,4;BR-060/GO;Norte;Colisão Traseira;1;2;;;;;1
23/04/2019;13:48:00;258;sem vítima;483;BR-262/MG;Leste;Colisão Lateral;1;6;;;;;1
24/04/2019;07:42:00;89;sem vítima;92;BR-153/MG;Sul;Tombamento;1;1;;;;;1
25/04/2019;00:08:00;3;ac01 - Acidente com Vítima Fatal;601;BR-262/MG;Oeste;Colisão Frontal;3;2;;;;1;3
25/04/2019;00:30:00;8;sem vítima;473;BR-262/MG;Leste;Tombamento;1;1;;;;;1
26/04/2019;00:32:00;11;ac02 - Acidente com Vítima;589,2;BR-153/GO;Sul;Tombamento;1;1;1;;;;1
26/04/2019;03:12:00;41;sem vítima;68,5;BR-153/MG;Sul;Saida de Pista;1;1;;;;;1
26/04/2019;05:37:00;57;ac02 - Acidente com Vítima;57;BR-153/MG;Norte;Colisão Traseira;1;1;;;1;;2
26/04/2019;08:52:00;137;ac02 - Acidente com Vítima;30;BR-060/GO;Sul;Colisão Lateral;1;2;1;;;;1
26/04/2019;09:05:00;147;sem vítima;683;BR-153/GO;Sul;Colisão Traseira;1;2;;;;;1
26/04/2019;11:08:00;218;sem vítima;212;BR-153/MG;Sul;Colisão Lateral;1;4;;;;;1
26/04/2019;13:25:00;272;ac02 - Acidente com Vítima;89;BR-060/GO;Norte;Colisão Traseira;2;2;1;;;;1
26/04/2019;14:13:00;301;sem vítima;437;BR-262/MG;Oeste;Choque - Talude;1;1;;;;;1
26/04/2019;17:14:00;381;sem vítima;501;BR-153/GO;Sul;Engavetamento;1;3;;;;;1
26/04/2019;21:18:00;499;ac02 - Acidente com Vítima;441;BR-262/MG;Leste;Colisão Traseira;1;1;2;;;;1
27/04/2019;13:14:00;223;sem vítima;138;BR-153/MG;Norte;Choque - Poste;1;2;;;;;1
27/04/2019;13:48:00;245;ac02 - Acidente com Vítima;509;BR-153/GO;Norte;Queda de Moto;1;1;1;;;;1
27/04/2019;17:36:00;361;sem vítima;94;BR-060/GO;Norte;Colisão Traseira;1;2;;;;;1
28/04/2019;15:50:00;284;sem vítima;549;BR-262/MG;Leste;Colisão Lateral;1;2;;;;;1
28/04/2019;16:22:00;305;ac02 - Acidente com Vítima;238;BR-153/MG;Norte;Choque - Arvore;1;0;;1;;;2
28/04/2019;19:04:00;375;ac02 - Acidente com Vítima;495;BR-153/GO;Sul;Colisão Traseira;1;2;;1;;;2
29/04/2019;09:29:00;131;sem vítima;137;BR-060/GO;Norte;Colisão Traseira;1;2;;;;;1
29/04/2019;11:36:00;216;sem vítima;496;BR-153/GO;Norte;Objeto lançado contra veículo;1;3;;;;;1
29/04/2019;19:36:00;412;sem vítima;505,6;BR-153/GO;Norte;"Choque - Defensa, barreira ou ""submarino""";1;2;;;;;1
30/04/2019;09:46:00;126;ac02 - Acidente com Vítima;508,4;BR-153/GO;Norte;Queda de Moto;1;1;;1;;;2
01/06/2019;00:04:00;1;sem vítima;8;BR-153/MG;Sul;Saida de Pista;1;2;;;;;1
01/06/2019;07:38:00;71;sem vítima;3;BR-060/DF;Sul;Colisão Traseira;1;2;;;;;1
01/06/2019;10:37:00;169;sem vítima;570;BR-153/GO;Sul;Colisão Traseira;1;1;;;;;1
01/06/2019;12:25:00;212;sem vítima;497;BR-153/GO;Sul;Colisão Traseira;1;2;;;;;1
01/06/2019;17:04:00;317;sem vítima;30,8;BR-060/GO;Norte;Colisão Lateral;1;2;;;;;1
02/06/2019;11:41:00;182;ac02 - Acidente com Vítima;452,5;BR-262/MG;Oeste;Colisão Traseira;1;2;1;;;;1
02/06/2019;12:57:00;212;sem vítima;120;BR-060/GO;Norte;Colisão Lateral;1;3;;;;;1
02/06/2019;18:52:00;354;sem vítima;43,2;BR-153/MG;Norte;Tombamento;1;1;;;;;1
02/06/2019;19:45:00;372;sem vítima;748;BR-262/MG;Oeste;Colisão Lateral;1;2;;;;;1
03/06/2019;17:21:00;397;sem vítima;355;BR-262/MG;Oeste;"Choque - Defensa, barreira ou ""submarino""";1;1;;;;;1
03/06/2019;20:13:00;460;sem vítima;899,28;BR-262/MG;Leste;Choque - Talude;2;2;;;;;1
04/06/2019;04:13:00;38;sem vítima;209,858;BR-153/MG;Sul;Choque - Talude;1;1;;;;;1
05/06/2019;04:10:00;53;sem vítima;26,852;BR-060/GO;Norte;Tombamento;1;1;;;;;1
05/06/2019;17:47:00;450;ac02 - Acidente com Vítima;500;BR-153/GO;Sul;Colisão Lateral;1;3;1;;;;1
05/06/2019;18:54:00;478;ac02 - Acidente com Vítima;27,7;BR-060/GO;Norte;Colisão Traseira;1;1;2;;;;1
06/06/2019;03:17:00;34;sem vítima;600,2;BR-262/MG;Leste;"Choque - Defensa, barreira ou ""submarino""";1;1;;;;;1
06/06/2019;08:12:00;110;sem vítima;500;BR-153/GO;Sul;Colisão Traseira;2;5;;;;;1
06/06/2019;15:05:00;330;sem vítima;161;BR-153/MG;Norte;Tombamento;1;1;;;;;1
06/06/2019;20:32:00;475;sem vítima;541;BR-262/MG;Oeste;Colisão Traseira;2;2;;;;;1
06/06/2019;20:57:00;484;sem vítima;819;BR-262/MG;Leste;Atropelamento de Animal;1;1;;;;;1
06/06/2019;22:24:00;510;ac02 - Acidente com Vítima;557;BR-153/GO;Norte;Colisão Traseira;2;2;1;;;;1
07/06/2019;13:03:00;284;sem vítima;595,8;BR-153/GO;Norte;Colisão Traseira;1;3;;;;;1
07/06/2019;13:06:00;287;sem vítima;541;BR-262/MG;Leste;Engavetamento;2;31;;;;;1
07/06/2019;18:51:00;458;sem vítima;500;BR-153/GO;Norte;Colisão Transversal;1;2;;;;;1
07/06/2019;19:12:00;475;sem vítima;508;BR-153/GO;Sul;Engavetamento;1;9;;;;;1
07/06/2019;20:09:00;496;sem vítima;509,3;BR-153/GO;Norte;Colisão Traseira;2;2;;;;;1
08/06/2019;02:26:00;22;sem vítima;82;BR-153/MG;Sul;Atropelamento de Animal;1;1;;;;;1
08/06/2019;02:42:00;26;sem vítima;69,17;BR-153/MG;Sul;Atropelamento de Animal;1;1;;;;;1
08/06/2019;09:13:00;94;ac02 - Acidente com Vítima;405;BR-262/MG;Leste;Colisão Transversal;1;1;;1;;;2
08/06/2019;14:52:00;288;sem vítima;402;BR-262/MG;Oeste;Colisão Frontal;1;2;;;;;1
09/06/2019;11:35:00;164;ac02 - Acidente com Vítima;900;BR-262/MG;Leste;Tombamento;1;0;1;;;;1
10/06/2019;06:28:00;29;ac02 - Acidente com Vítima;548;BR-153/GO;Sul;Colisão Traseira;1;2;;2;1;;2
10/06/2019;06:49:00;36;sem vítima;380;BR-262/MG;Leste;Colisão Lateral;1;2;;;;;1
10/06/2019;08:12:00;80;ac02 - Acidente com Vítima;507,02;BR-153/GO;Norte;Colisão Traseira;1;1;;1;;;2
10/06/2019;15:50:00;275;sem vítima;742,5;BR-262/MG;Leste;Colisão Traseira;2;2;;;;;1
10/06/2019;16:04:00;280;sem vítima;549;BR-262/MG;Oeste;Saida de Pista;1;1;;;;;1
10/06/2019;20:10:00;376;ac02 - Acidente com Vítima;482;BR-262/MG;Oeste;Colisão Traseira;1;1;1;;;;1
10/06/2019;21:10:00;390;sem vítima;611;BR-262/MG;Leste;Colisão Lateral;2;2;;;;;1
11/06/2019;02:07:00;31;sem vítima;18;BR-153/MG;Sul;Saida de Pista;1;1;;;;;1
11/06/2019;09:23:00;148;sem vítima;500;BR-153/GO;Norte;Colisão Lateral;1;2;;;;;1
11/06/2019;15:09:00;300;sem vítima;15,7;BR-060/GO;Sul;Colisão Traseira;2;2;;;;;1
12/06/2019;00:00:00;1;ac02 - Acidente com Vítima;510,891;BR-153/GO;Sul;Colisão Traseira;1;1;1;;;;1
12/06/2019;10:16:00;179;ac02 - Acidente com Vítima;446;BR-262/MG;Oeste;Atropelamento - Andarilho;1;1;;1;;;2
12/06/2019;15:51:00;332;sem vítima;600;BR-153/GO;Sul;Colisão Traseira;2;2;;;;;1
13/06/2019;02:19:00;31;ac02 - Acidente com Vítima;462,1;BR-262/MG;Oeste;Colisão Traseira;2;1;;1;;;2
13/06/2019;05:44:00;56;sem vítima;850;BR-262/MG;Leste;Tombamento;1;1;;;;;1
13/06/2019;06:28:00;59;ac02 - Acidente com Vítima;575;BR-153/GO;Sul;Colisão Traseira;1;3;2;1;;;2
13/06/2019;07:29:00;73;sem vítima;85,258;BR-060/GO;Norte;Colisão Traseira;2;2;;;;;1
13/06/2019;10:53:00;179;ac02 - Acidente com Vítima;114;BR-153/MG;Sul;Colisão Frontal;4;2;2;;;;1
14/06/2019;00:09:00;3;ac02 - Acidente com Vítima;504;BR-153/GO;Sul;Colisão Traseira;1;1;2;;;;1
14/06/2019;18:05:00;421;sem vítima;360;BR-262/MG;Leste;Colisão Traseira;1;2;;;;;1
14/06/2019;21:08:00;493;sem vítima;413;BR-262/MG;Leste;Colisão Traseira;1;2;;;;;1
14/06/2019;21:46:00;505;sem vítima;71,6;BR-153/MG;Norte;Choque - Outros;1;1;;;;;1
14/06/2019;23:13:00;529;sem vítima;530;BR-262/MG;Oeste;Atropelamento de Animal;1;1;;;;;1
15/06/2019;23:01:00;457;sem vítima;881,5;BR-262/MG;Leste;Colisão Traseira;1;2;;;;;1
17/06/2019;07:46:00;103;ac02 - Acidente com Vítima;116;BR-060/GO;Norte;Colisão Lateral;1;1;1;;;;1
17/06/2019;15:51:00;350;ac02 - Acidente com Vítima;558,8;BR-153/GO;Sul;Capotamento;2;1;;1;;;2
17/06/2019;19:29:00;439;sem vítima;500,2;BR-153/GO;Sul;Colisão Traseira;1;2;;;;;1
17/06/2019;22:29:00;492;ac02 - Acidente com Vítima;619;BR-153/GO;Sul;Colisão Traseira;2;1;1;;;;1
18/06/2019;15:46:00;364;sem vítima;109;BR-060/GO;Norte;Colisão Traseira;2;2;;;;;1
18/06/2019;22:38:00;508;sem vítima;5;BR-153/MG;Sul;Colisão Traseira;2;2;;;;;1
19/06/2019;05:45:00;54;ac02 - Acidente com Vítima;79,1;BR-153/MG;Norte;Tombamento;1;1;1;;;;1
20/06/2019;11:20:00;204;ac02 - Acidente com Vítima;549,15;BR-262/MG;Oeste;Engavetamento;2;2;1;1;;;2
21/06/2019;07:49:00;75;sem vítima;510;BR-153/GO;Norte;Colisão Lateral;1;3;;;;;1
21/06/2019;15:00:00;296;sem vítima;495;BR-153/GO;Sul;Colisão Lateral;1;4;;;;;1
21/06/2019;15:55:00;322;sem vítima;37;BR-060/GO;Norte;Choque - Veiculo parado na pista;1;2;;;;;1
21/06/2019;16:54:00;355;sem vítima;516;BR-153/GO;Sul;Colisão Traseira;1;2;;;;;1
21/06/2019;21:34:00;486;sem vítima;362;BR-262/MG;Leste;Colisão Lateral;1;1;;;;;1
22/06/2019;01:57:00;23;sem vítima;635,5;BR-262/MG;Leste;Saida de Pista;1;1;;;;;1
22/06/2019;07:03:00;57;sem vítima;553;BR-262/MG;Leste;Choque - Talude;1;1;;;;;1
22/06/2019;15:49:00;292;sem vítima;538;BR-262/MG;Leste;Engavetamento;2;4;;;;;1
23/06/2019;17:54:00;340;ac02 - Acidente com Vítima;44,868;BR-153/MG;Norte;Colisão Traseira;1;1;2;;;;1
23/06/2019;19:42:00;387;sem vítima;78,998;BR-153/MG;Sul;Tombamento;1;1;;;;;1
24/06/2019;02:09:00;29;ac01 - Acidente com Vítima Fatal;547,324;BR-153/GO;Norte;Capotamento;1;0;;;;1;3
24/06/2019;07:20:00;99;sem vítima;12;BR-060/GO;Norte;Colisão Traseira;1;2;;;;;1
24/06/2019;11:26:00;247;ac02 - Acidente com Vítima;2;BR-060/DF;Norte;Atropelamento - Usuário;1;1;1;;;;1
24/06/2019;13:33:00;323;ac02 - Acidente com Vítima;502,5;BR-153/GO;Sul;Engavetamento;2;2;;1;;;2
24/06/2019;14:46:00;355;sem vítima;511,015;BR-153/GO;Sul;Colisão Lateral;2;3;;;;;1
24/06/2019;20:52:00;529;sem vítima;575;BR-153/GO;Sul;Tombamento;1;1;;;;;1
25/06/2019;04:04:00;43;sem vítima;13;BR-060/GO;Norte;Colisão Traseira;1;2;;;;;1
25/06/2019;13:53:00;303;sem vítima;4;BR-060/GO;Norte;Tombamento;1;1;;;;;1
25/06/2019;14:08:00;309;sem vítima;508;BR-153/GO;Norte;Colisão Traseira;1;2;;;;;1
25/06/2019;22:36:00;536;sem vítima;564;BR-153/GO;Norte;Saida de Pista;1;1;;;;;1
26/06/2019;00:06:00;4;sem vítima;35;BR-060/GO;Sul;Saida de Pista;1;1;;;;;1
26/06/2019;15:17:00;286;sem vítima;70,3;BR-153/MG;Norte;Saida de Pista;1;1;;;;;1
26/06/2019;23:55:00;488;sem vítima;560;BR-153/GO;Norte;Saida de Pista;1;1;;;;;1
27/06/2019;04:34:00;37;sem vítima;42;BR-153/MG;Norte;Choque - Objeto sobre a pista;1;3;;;;;1
27/06/2019;16:36:00;368;sem vítima;564;BR-153/GO;Norte;Saida de Pista;1;1;;;;;1
27/06/2019;16:49:00;374;sem vítima;357;BR-262/MG;Leste;Colisão Lateral;1;2;;;;;1
27/06/2019;17:30:00;403;ac02 - Acidente com Vítima;501,408;BR-153/GO;Norte;Colisão Traseira;1;1;1;;;;1
28/06/2019;10:03:00;192;sem vítima;493,8;BR-153/GO;Sul;Colisão Traseira;1;3;;;;;1
30/06/2019;16:26:00;336;ac02 - Acidente com Vítima;227,2;BR-153/MG;Norte;Colisão Transversal;1;1;;;2;;2
30/06/2019;20:39:00;470;sem vítima;94,129;BR-060/GO;Norte;Colisão Traseira;1;2;;;;;1
30/06/2019;21:58:00;495;sem vítima;912,2;BR-262/MG;Oeste;Capotamento;1;2;;;;;1
01/05/2019;13:12:00;160;ac02 - Acidente com Vítima;107;BR-060/GO;Sul;Colisão Lateral;1;1;1;;;;1
02/05/2019;08:14:00;72;ac02 - Acidente com Vítima;44,9;BR-153/MG;Norte;Colisão Traseira;2;1;1;;;;1
02/05/2019;16:42:00;336;ac02 - Acidente com Vítima;431;BR-262/MG;Oeste;Engavetamento;4;4;;1;;;2
02/05/2019;17:06:00;341;ac02 - Acidente com Vítima;109;BR-153/MG;Norte;Colisão Frontal;3;0;3;;1;;2
02/05/2019;21:02:00;429;sem vítima;524,87;BR-262/MG;Leste;Colisão Traseira;2;2;;;;;1
03/05/2019;07:27:00;78;sem vítima;128,2;BR-060/GO;Norte;Tombamento;1;1;;;;;1
03/05/2019;16:22:00;305;sem vítima;27,7;BR-060/GO;Norte;Colisão Lateral;1;2;;;;;1
04/05/2019;05:33:00;47;sem vítima;83;BR-060/GO;Sul;Saida de Pista;2;2;;;;;1
04/05/2019;13:11:00;149;ac02 - Acidente com Vítima;417;BR-262/MG;Leste;Queda de Moto;1;1;;1;;;2
05/05/2019;09:56:00;122;sem vítima;626;BR-262/MG;Leste;Tombamento;1;1;;;;;1
05/05/2019;23:40:00;377;sem vítima;595,799;BR-153/GO;Sul;Capotamento;1;1;;;;;1
06/05/2019;13:12:00;251;ac02 - Acidente com Vítima;219,8;BR-153/MG;Norte;Saida de Pista;1;0;1;;;;1
07/05/2019;01:37:00;15;ac01 - Acidente com Vítima Fatal;480;BR-262/MG;Oeste;Colisão Frontal;1;1;;;1;1;3
07/05/2019;07:53:00;87;sem vítima;570;BR-262/MG;Leste;Tombamento;1;1;;;;;1
07/05/2019;20:55:00;458;ac02 - Acidente com Vítima;662;BR-262/MG;Leste;Colisão Lateral;2;3;1;1;;;2
08/05/2019;10:21:00;151;sem vítima;0,5;BR-060/DF;Norte;Colisão Lateral;1;3;;;;;1
08/05/2019;16:50:00;314;ac01 - Acidente com Vítima Fatal;464,3;BR-262/MG;Leste;Colisão Lateral;2;2;;;;1;3
08/05/2019;19:52:00;393;ac02 - Acidente com Vítima;102,6;BR-153/MG;Sul;Colisão Lateral;1;2;1;;;;1
08/05/2019;22:37:00;445;sem vítima;555;BR-262/MG;Oeste;Tombamento;1;1;;;;;1
09/05/2019;06:35:00;66;sem vítima;493,7;BR-153/GO;Norte;Colisão Traseira;1;2;;;;;1
09/05/2019;06:43:00;69;ac02 - Acidente com Vítima;16;BR-060/GO;Norte;Choque - Elemento de Drenagem;1;1;1;;;;1
09/05/2019;07:45:00;85;sem vítima;17,7;BR-060/GO;Norte;Tombamento;1;2;;;;;1
09/05/2019;11:39:00;181;ac02 - Acidente com Vítima;504;BR-153/GO;Sul;Queda de Moto;1;1;1;;;;1
09/05/2019;12:50:00;211;sem vítima;514,2;BR-153/GO;Sul;Colisão Lateral;1;3;;;;;1
10/05/2019;08:36:00;129;ac02 - Acidente com Vítima;233,2;BR-153/MG;Norte;Tombamento;2;1;1;;;;1
11/05/2019;03:29:00;48;ac01 - Acidente com Vítima Fatal;3,147;BR-153/MG;Norte;Colisão Traseira;2;1;;;1;1;3
11/05/2019;19:19:00;414;sem vítima;33,5;BR-060/GO;Norte;Colisão Traseira;1;2;;;;;1
11/05/2019;20:20:00;435;sem vítima;31,2;BR-060/GO;Sul;Colisão Traseira;1;3;;;;;1
12/05/2019;03:07:00;33;sem vítima;765;BR-262/MG;Leste;Colisão Frontal;1;4;;;;;1
12/05/2019;07:36:00;68;sem vítima;616,3;BR-153/GO;Sul;Colisão Traseira;1;2;;;;;1
12/05/2019;13:10:00;187;ac02 - Acidente com Vítima;358;BR-262/MG;Oeste;Saida de Pista;1;1;1;;;;1
12/05/2019;15:19:00;231;ac02 - Acidente com Vítima;28,7;BR-060/GO;Sul;Colisão Traseira;1;1;1;;;;1
12/05/2019;16:32:00;253;sem vítima;224;BR-153/MG;Sul;Colisão Lateral;1;5;;;;;1
13/05/2019;18:41:00;356;ac02 - Acidente com Vítima;226;BR-153/MG;Sul;Colisão Transversal;1;0;1;;1;;2
14/05/2019;05:48:00;55;ac01 - Acidente com Vítima Fatal;388;BR-262/MG;Oeste;Colisão Traseira;2;3;;1;;1;3
14/05/2019;11:51:00;218;sem vítima;388;BR-262/MG;Oeste;Choque - Suporte de Sinalização;1;1;;;;;1
14/05/2019;16:11:00;315;ac02 - Acidente com Vítima;187,5;BR-153/MG;Sul;Colisão Traseira;1;1;3;;;;1
14/05/2019;18:54:00;386;sem vítima;499,134;BR-153/GO;Sul;Colisão Traseira;1;2;;;;;1
14/05/2019;23:24:00;493;sem vítima;424,035;BR-262/MG;Oeste;Colisão Traseira;2;2;;;;;1
15/05/2019;12:45:00;221;ac02 - Acidente com Vítima;514;BR-153/GO;Norte;Colisão Lateral;1;1;1;;;;1
15/05/2019;16:46:00;304;sem vítima;586;BR-262/MG;Leste;Carreta deu L;1;1;;;;;1
15/05/2019;19:09:00;387;sem vítima;137;BR-060/GO;Sul;Colisão Lateral;1;2;;;;;1
16/05/2019;13:04:00;242;sem vítima;92;BR-060/GO;Sul;Colisão Traseira;2;2;;;;;1
16/05/2019;14:58:00;280;sem vítima;185;BR-153/MG;Norte;Colisão Traseira;1;1;;;;;1
16/05/2019;16:17:00;314;sem vítima;586;BR-262/MG;Leste;Tombamento;1;1;;;;;1