data;horario;n_da_ocorrencia;tipo_de_ocorrencia;km;trecho;sentido;tipo_de_acidente;caminhao;ilesos;levemente_feridos;moderadamente_feridos;gravemente_feridos;mortos;3
16/05/2019;16:21:00;316;ac02 - Acidente com Vítima;503,9;BR-153/GO;Norte;Atropelamento - Outros;1;1;1;;;;1
17/05/2019;07:21:00;79;ac02 - Acidente com Vítima;567;BR-262/MG;Oeste;Tombamento;1;0;;2;;;2
17/05/2019;08:56:00;126;sem vítima;29;BR-060/GO;Sul;Colisão Lateral;1;2;;;;;1
17/05/2019;10:08:00;158;sem vítima;611;BR-262/MG;Leste;Capotamento;1;1;;;;;1
17/05/2019;15:23:00;273;sem vítima;525,8;BR-153/GO;Sul;Choque - Arvore;1;1;;;;;1
17/05/2019;15:27:00;276;sem vítima;601,2;BR-262/MG;Leste;Tombamento;1;1;;;;;1
17/05/2019;16:24:00;301;sem vítima;508;BR-153/GO;Norte;Engavetamento;1;3;;;;;1
17/05/2019;16:50:00;311;sem vítima;369;BR-262/MG;Leste;Colisão Lateral;1;2;;;;;1
17/05/2019;17:25:00;334;sem vítima;485;BR-262/MG;Oeste;Engavetamento;2;3;;;;;1
17/05/2019;20:26:00;415;sem vítima;12;BR-060/DF;Sul;Saida de Pista;1;1;;;;;1
18/05/2019;01:05:00;10;sem vítima;13,5;BR-153/MG;Norte;Tombamento;1;1;;;;;1
18/05/2019;03:21:00;38;sem vítima;36;BR-060/GO;Norte;Colisão Lateral;1;2;;;;;1
18/05/2019;05:22:00;53;sem vítima;50;BR-060/GO;Sul;Colisão Traseira;2;4;;;;;1
18/05/2019;06:45:00;66;sem vítima;187;BR-153/MG;Sul;Colisão Traseira;2;3;;;;;1
18/05/2019;08:11:00;95;sem vítima;524;BR-262/MG;Leste;Colisão Traseira;2;2;;;;;1
18/05/2019;17:32:00;363;sem vítima;401,3;BR-262/MG;Leste;Colisão Traseira;1;2;;;;;1
20/05/2019;07:42:00;101;ac02 - Acidente com Vítima;423;BR-262/MG;Leste;Colisão Traseira;1;1;;;1;;2
20/05/2019;08:42:00;146;sem vítima;99;BR-060/GO;Sul;Colisão Traseira;1;2;;;;;1
20/05/2019;08:48:00;150;sem vítima;494;BR-153/GO;Sul;Engavetamento;3;3;;;;;1
20/05/2019;14:04:00;293;sem vítima;490,2;BR-153/GO;Norte;Colisão Lateral;1;2;;;;;1
20/05/2019;15:42:00;337;ac02 - Acidente com Vítima;607,9;BR-262/MG;Oeste;Colisão Frontal;1;1;;1;1;;2
21/05/2019;04:29:00;31;ac02 - Acidente com Vítima;148;BR-153/MG;Sul;Tombamento;1;1;2;;;;1
21/05/2019;11:24:00;188;ac02 - Acidente com Vítima;115;BR-060/GO;Norte;Colisão Traseira;2;1;;1;;;2
21/05/2019;19:16:00;398;ac02 - Acidente com Vítima;442;BR-262/MG;Leste;Engavetamento;1;2;1;;;;1
21/05/2019;22:47:00;457;ac02 - Acidente com Vítima;136;BR-060/GO;Sul;Tombamento;1;0;1;;;;1
22/05/2019;06:42:00;76;ac02 - Acidente com Vítima;626;BR-262/MG;Leste;Tombamento;1;0;1;;;;1
22/05/2019;09:31:00;167;sem vítima;527;BR-153/GO;Norte;Carreta deu L;1;1;;;;;1
22/05/2019;12:59:00;273;sem vítima;782;BR-262/MG;Leste;Colisão Lateral;1;2;;;;;1
22/05/2019;16:41:00;370;sem vítima;0,2;BR-153/MG;Sul;Colisão Traseira;2;2;;;;;1
23/05/2019;08:32:00;117;sem vítima;498;BR-153/GO;Norte;Colisão Traseira;2;2;;;;;1
23/05/2019;12:54:00;248;sem vítima;530;BR-262/MG;Oeste;Colisão Lateral;1;2;;;;;1
23/05/2019;14:47:00;302;sem vítima;541;BR-153/GO;Sul;Colisão Lateral;1;4;;;;;1
24/05/2019;04:28:00;40;sem vítima;640,01;BR-153/GO;Norte;Tombamento;1;1;;;;;1
24/05/2019;05:56:00;51;sem vítima;619;BR-153/GO;Norte;Capotamento;1;1;;;;;1
24/05/2019;14:25:00;265;sem vítima;494;BR-153/GO;Sul;Colisão Lateral;1;3;;;;;1
24/05/2019;15:47:00;292;ac02 - Acidente com Vítima;761;BR-262/MG;Leste;Colisão Frontal;1;1;1;;1;;2
24/05/2019;16:56:00;316;ac02 - Acidente com Vítima;604;BR-262/MG;Oeste;Engavetamento;2;4;;2;;;2
24/05/2019;19:26:00;373;sem vítima;517;BR-153/GO;Sul;Tombamento;1;1;;;;;1
24/05/2019;22:23:00;423;sem vítima;32;BR-060/GO;Sul;Colisão Lateral;1;2;;;;;1
24/05/2019;23:32:00;440;ac02 - Acidente com Vítima;148;BR-153/MG;Sul;Tombamento;1;0;;1;;;2
26/05/2019;16:50:00;312;ac02 - Acidente com Vítima;475,9;BR-262/MG;Leste;Colisão Frontal;1;9;1;1;;;2
26/05/2019;19:42:00;385;ac02 - Acidente com Vítima;529,5;BR-153/GO;Norte;Engavetamento;2;7;1;;;;1
27/05/2019;08:01:00;96;ac02 - Acidente com Vítima;535;BR-153/GO;Norte;Capotamento;1;2;2;;;;1
28/05/2019;00:17:00;6;sem vítima;5;BR-153/MG;Sul;Tombamento;1;2;;;;;1
28/05/2019;10:12:00;171;sem vítima;675;BR-262/MG;Oeste;Colisão Traseira;1;5;;;;;1
28/05/2019;15:18:00;308;sem vítima;499;BR-153/GO;Sul;Colisão Lateral;1;2;;;;;1
29/05/2019;21:27:00;407;sem vítima;588;BR-153/GO;Norte;Choque - Objeto não identificado;1;1;;;;;1
30/05/2019;07:18:00;71;sem vítima;94;BR-153/MG;Norte;Colisão Lateral;1;3;;;;;1
30/05/2019;08:55:00;117;ac02 - Acidente com Vítima;492;BR-153/GO;Norte;Capotamento;1;3;1;;;;1
30/05/2019;13:14:00;248;sem vítima;503,5;BR-153/GO;Sul;Colisão Lateral;1;2;;;;;1
30/05/2019;16:15:00;328;ac01 - Acidente com Vítima Fatal;497;BR-262/MG;Oeste;Colisão Frontal;1;0;2;;;2;3
30/05/2019;19:00:00;412;sem vítima;93,413;BR-060/GO;Norte;"Choque - Defensa, barreira ou ""submarino""";1;1;;;;;1
31/05/2019;08:28:00;103;sem vítima;509;BR-153/GO;Norte;Colisão Traseira;2;2;;;;;1
31/05/2019;15:40:00;331;sem vítima;537,8;BR-262/MG;Leste;Engavetamento;3;4;;;;;1
31/05/2019;15:52:00;339;sem vítima;538;BR-262/MG;Leste;Colisão Lateral;1;3;;;;;1
31/05/2019;19:32:00;450;sem vítima;0,3;BR-153/MG;Norte;Tombamento;3;5;;;;;1
31/05/2019;23:56:00;522;sem vítima;472;BR-262/MG;Oeste;Colisão Transversal;1;2;;;;;1
01/08/2019;08:27:00;102;ac02 - Acidente com Vítima;755;BR-262/MG;Oeste;Tombamento;1;0;1;;;;1
01/08/2019;11:52:00;222;sem vítima;477;BR-262/MG;Oeste;Colisão Traseira;1;5;;;;;1
01/08/2019;13:30:00;266;ac02 - Acidente com Vítima;33;BR-153/MG;Norte;Colisão Lateral;2;6;1;;;;1
01/08/2019;23:30:00;505;sem vítima;628;BR-153/GO;Norte;Tombamento;1;1;;;;;1
02/08/2019;17:12:00;381;sem vítima;480;BR-262/MG;Leste;Choque - Elemento de Drenagem;1;2;;;;;1
02/08/2019;17:50:00;402;sem vítima;499;BR-153/GO;Sul;Engavetamento;1;4;;;;;1
03/08/2019;09:54:00;164;sem vítima;25,5;BR-060/DF;Sul;Choque - Objeto sobre a pista;1;2;;;;;1
03/08/2019;10:06:00;168;sem vítima;479;BR-262/MG;Oeste;Colisão Traseira;1;2;;;;;1
03/08/2019;21:38:00;475;ac02 - Acidente com Vítima;803;BR-262/MG;Oeste;Colisão Traseira;1;1;1;1;;;2
04/08/2019;14:08:00;236;sem vítima;45;BR-153/MG;Norte;Tombamento;1;1;;;;;1
04/08/2019;17:28:00;334;ac02 - Acidente com Vítima;554;BR-262/MG;Oeste;Tombamento;1;0;;1;;;2
04/08/2019;18:57:00;365;sem vítima;519,8;BR-262/MG;Leste;Colisão Traseira;2;2;;;;;1
04/08/2019;18:59:00;366;sem vítima;44;BR-060/GO;Sul;Colisão Traseira;1;2;;;;;1
04/08/2019;19:30:00;378;sem vítima;519;BR-262/MG;Leste;Saida de Pista;1;1;;;;;1
05/08/2019;11:28:00;218;sem vítima;500;BR-153/GO;Norte;Colisão Transversal;1;3;;;;;1
05/08/2019;11:35:00;224;sem vítima;672;BR-153/GO;Sul;Tombamento;1;1;;;;;1
05/08/2019;13:56:00;289;sem vítima;79;BR-153/MG;Sul;Tombamento;1;1;;;;;1
06/08/2019;09:20:00;150;sem vítima;503;BR-153/GO;Sul;Engavetamento;1;3;;;;;1
06/08/2019;11:22:00;227;sem vítima;762;BR-262/MG;Oeste;Engavetamento;2;3;;;;;1
06/08/2019;17:43:00;409;sem vítima;138;BR-060/GO;Sul;Objeto lançado contra veículo;2;2;;;;;1
07/08/2019;00:46:00;11;sem vítima;88,382;BR-060/GO;Sul;Colisão Traseira;1;3;;;;;1
07/08/2019;16:11:00;362;sem vítima;500,2;BR-153/GO;Sul;Engavetamento;1;4;;;;;1
08/08/2019;01:53:00;39;sem vítima;615;BR-153/GO;Sul;Tombamento;2;2;;;;;1
08/08/2019;04:18:00;61;sem vítima;613;BR-262/MG;Leste;Colisão Lateral;2;2;;;;;1
08/08/2019;07:41:00;103;sem vítima;92;BR-060/GO;Sul;Colisão Lateral;1;2;;;;;1
08/08/2019;10:29:00;209;ac02 - Acidente com Vítima;661;BR-153/GO;Norte;Colisão Lateral;1;1;1;;;;1
08/08/2019;12:14:00;272;sem vítima;128;BR-060/GO;Sul;Colisão Traseira;2;2;;;;;1
08/08/2019;16:21:00;387;ac02 - Acidente com Vítima;131,5;BR-153/MG;Sul;Colisão Lateral;2;1;1;;;;1
08/08/2019;18:15:00;449;ac02 - Acidente com Vítima;360;BR-262/MG;Oeste;Colisão Traseira;1;1;;1;;;2
09/08/2019;15:20:00;426;ac02 - Acidente com Vítima;403;BR-262/MG;Oeste;Tombamento;1;2;1;1;;;2
09/08/2019;17:26:00;507;sem vítima;406,406;BR-262/MG;Leste;Choque - Talude;1;1;;;;;1
09/08/2019;19:16:00;572;sem vítima;549;BR-153/GO;Norte;Colisão Traseira;2;2;;;;;1
10/08/2019;11:31:00;221;sem vítima;138;BR-060/GO;Norte;Choque - Outros;1;1;;;;;1
10/08/2019;12:54:00;265;sem vítima;505,5;BR-262/MG;Leste;Colisão Lateral;1;3;;;;;1
10/08/2019;14:05:00;296;sem vítima;652,3;BR-153/GO;Norte;Choque - Elemento de Drenagem;2;2;;;;;1
10/08/2019;20:16:00;430;ac02 - Acidente com Vítima;827;BR-262/MG;Leste;Colisão Lateral;1;1;;1;;;2
11/08/2019;02:06:00;38;sem vítima;95;BR-060/GO;Norte;Colisão Traseira;1;2;;;;;1
11/08/2019;22:06:00;514;ac02 - Acidente com Vítima;551,5;BR-262/MG;Oeste;Colisão Traseira;1;4;;2;;;2
11/08/2019;23:22:00;538;sem vítima;551;BR-262/MG;Oeste;Colisão Traseira;1;33;;;;;1
12/08/2019;10:03:00;276;sem vítima;539,356;BR-262/MG;Oeste;Capotamento;1;1;;;;;1
12/08/2019;12:24:00;365;sem vítima;2;BR-060/GO;Sul;Choque - Elemento de Drenagem;1;1;;;;;1
12/08/2019;17:10:00;528;sem vítima;99;BR-060/GO;Sul;Tombamento;1;1;;;;;1
13/08/2019;09:29:00;192;sem vítima;500;BR-153/GO;Norte;Colisão Traseira;1;2;;;;;1
13/08/2019;10:48:00;262;sem vítima;500;BR-153/GO;Sul;Engavetamento;1;3;;;;;1
13/08/2019;11:29:00;297;sem vítima;89;BR-153/MG;Norte;Colisão Traseira;2;2;;;;;1
13/08/2019;13:12:00;361;sem vítima;725;BR-262/MG;Leste;Colisão Traseira;2;2;;;;;1
13/08/2019;13:52:00;376;ac02 - Acidente com Vítima;513;BR-262/MG;Leste;Engavetamento;1;7;1;;;;1
13/08/2019;14:24:00;392;sem vítima;694;BR-262/MG;Oeste;Colisão Traseira;1;2;;;;;1
13/08/2019;22:45:00;639;sem vítima;417,297;BR-262/MG;Leste;Atropelamento de Animal;1;1;;;;;1
14/08/2019;02:04:00;32;ac02 - Acidente com Vítima;7,01;BR-060/DF;Norte;Tombamento;1;0;1;;;;1
14/08/2019;03:04:00;37;sem vítima;556;BR-153/GO;Norte;Colisão Traseira;2;2;;;;;1
14/08/2019;18:27:00;411;sem vítima;393,7;BR-262/MG;Oeste;Colisão Lateral;1;2;;;;;1
14/08/2019;19:10:00;431;sem vítima;496;BR-153/GO;Sul;Colisão Lateral;1;2;;;;;1
14/08/2019;21:00:00;483;ac02 - Acidente com Vítima;681,9;BR-153/GO;Sul;Atropelamento de Animal;1;1;1;;;;1
14/08/2019;22:38:00;524;ac02 - Acidente com Vítima;148;BR-153/MG;Norte;Tombamento;1;0;1;;;;1
15/08/2019;00:24:00;11;sem vítima;580;BR-153/GO;Norte;Colisão Traseira;2;2;;;;;1
15/08/2019;05:54:00;102;sem vítima;492;BR-153/GO;Norte;Colisão Traseira;1;2;;;;;1
15/08/2019;14:28:00;380;sem vítima;58;BR-153/MG;Sul;Colisão Lateral;1;2;;;;;1
16/08/2019;11:34:00;253;sem vítima;78;BR-060/GO;Norte;Colisão Lateral;1;2;;;;;1
16/08/2019;12:42:00;298;ac02 - Acidente com Vítima;122,5;BR-153/MG;Norte;Tombamento;1;0;1;;;;1
16/08/2019;19:30:00;519;sem vítima;388;BR-262/MG;Leste;Colisão Lateral;1;2;;;;;1
17/08/2019;13:51:00;296;sem vítima;685;BR-153/GO;Norte;Colisão Traseira;1;5;;;;;1
18/08/2019;02:14:00;27;sem vítima;29;BR-153/MG;Sul;Choque - Veiculo parado na pista;2;2;;;;;1
18/08/2019;22:46:00;560;ac02 - Acidente com Vítima;467;BR-262/MG;Leste;Colisão Lateral;1;1;3;;;;1
19/08/2019;07:48:00;158;sem vítima;81,1;BR-153/MG;Norte;"Choque - Defensa, barreira ou ""submarino""";1;1;;;;;1
19/08/2019;09:20:00;224;sem vítima;505,45;BR-153/GO;Sul;Colisão Lateral;1;3;;;;;1
19/08/2019;11:30:00;309;sem vítima;119;BR-060/GO;Sul;Colisão Traseira;1;6;;;;;1
19/08/2019;15:33:00;425;sem vítima;547;BR-262/MG;Leste;Tombamento;1;1;;;;;1
20/08/2019;10:39:00;278;ac02 - Acidente com Vítima;520;BR-262/MG;Oeste;Colisão Lateral;1;2;2;;;;1
20/08/2019;12:12:00;331;sem vítima;26;BR-153/MG;Sul;Colisão Lateral;1;2;;;;;1
20/08/2019;20:12:00;557;sem vítima;474,7;BR-262/MG;Leste;Colisão Lateral;1;3;;;;;1
20/08/2019;22:53:00;605;sem vítima;46;BR-153/MG;Norte;Colisão Traseira;2;2;;;;;1
21/08/2019;01:07:00;17;sem vítima;850,6;BR-262/MG;Oeste;Tombamento;1;1;;;;;1
21/08/2019;01:58:00;30;sem vítima;389;BR-262/MG;Leste;Choque - Outros;1;1;;;;;1
21/08/2019;07:37:00;87;sem vítima;26;BR-060/GO;Norte;Colisão Lateral;1;4;;;;;1
21/08/2019;12:25:00;237;sem vítima;638;BR-262/MG;Oeste;Colisão Traseira;1;2;;;;;1
21/08/2019;16:41:00;342;ac02 - Acidente com Vítima;501,4;BR-153/GO;Sul;Colisão Traseira;1;1;1;;;;1
22/08/2019;00:45:00;14;sem vítima;622;BR-262/MG;Oeste;Saida de Pista;1;1;;;;;1
22/08/2019;06:26:00;76;ac01 - Acidente com Vítima Fatal;568;BR-262/MG;Leste;Colisão Frontal;2;0;;;;2;3
22/08/2019;06:47:00;85;sem vítima;567,5;BR-262/MG;Oeste;Choque - Talude;1;1;;;;;1
22/08/2019;07:50:00;108;ac01 - Acidente com Vítima Fatal;848,45;BR-262/MG;Oeste;Tombamento;1;0;;;;1;3
22/08/2019;13:39:00;320;sem vítima;594;BR-153/GO;Sul;Colisão Lateral;1;2;;;;;1
22/08/2019;15:52:00;385;sem vítima;752;BR-262/MG;Oeste;Engavetamento;3;3;;;;;1
22/08/2019;16:40:00;411;sem vítima;12,3;BR-060/DF;Sul;Colisão Traseira;1;2;;;;;1
22/08/2019;18:55:00;476;sem vítima;551;BR-262/MG;Leste;Colisão Lateral;2;2;;;;;1
22/08/2019;22:31:00;588;ac02 - Acidente com Vítima;23,87;BR-153/MG;Norte;Choque - Talude;1;0;1;;;;1
22/08/2019;22:45:00;600;sem vítima;57;BR-060/GO;Sul;Colisão Traseira;2;2;;;;;1
23/08/2019;05:41:00;82;sem vítima;485,406;BR-262/MG;Oeste;Colisão Lateral;1;2;;;;;1
23/08/2019;07:20:00;120;sem vítima;365;BR-262/MG;Leste;Colisão Lateral;1;2;;;;;1
23/08/2019;09:02:00;185;sem vítima;463;BR-262/MG;Leste;Colisão Traseira;1;20;;;;;1
23/08/2019;09:20:00;196;sem vítima;505,9;BR-153/GO;Sul;Colisão Lateral;1;3;;;;;1
23/08/2019;11:37:00;275;sem vítima;736;BR-262/MG;Oeste;Choque - Elemento de Drenagem;1;1;;;;;1
23/08/2019;16:08:00;413;sem vítima;193;BR-153/MG;Sul;Engavetamento;2;4;;;;;1
24/08/2019;07:00:00;104;sem vítima;21;BR-153/MG;Norte;Colisão Traseira;1;3;;;;;1
24/08/2019;07:36:00;115;ac02 - Acidente com Vítima;495;BR-153/GO;Norte;Atropelamento - Outros;1;1;;1;;;2
24/08/2019;12:23:00;277;sem vítima;632;BR-153/GO;Sul;Colisão Traseira;1;2;;;;;1
24/08/2019;18:33:00;457;ac01 - Acidente com Vítima Fatal;433;BR-262/MG;Leste;Atropelamento - Sem Informação;1;1;;;;1;3
25/08/2019;08:01:00;92;sem vítima;631;BR-153/GO;Sul;Colisão Traseira;1;2;;;;;1
25/08/2019;08:55:00;116;sem vítima;631;BR-262/MG;Leste;Colisão Lateral;1;2;;;;;1
25/08/2019;17:45:00;365;sem vítima;490,937;BR-153/GO;Norte;Colisão Traseira;1;2;;;;;1
26/08/2019;12:39:00;219;sem vítima;393,95;BR-262/MG;Oeste;Colisão Lateral;1;2;;;;;1
26/08/2019;13:02:00;232;sem vítima;108;BR-153/MG;Sul;Colisão Transversal;1;2;;;;;1
26/08/2019;17:48:00;365;ac02 - Acidente com Vítima;510,7;BR-153/GO;Sul;Colisão Lateral;1;1;;1;;;2
26/08/2019;19:03:00;399;ac01 - Acidente com Vítima Fatal;508,3;BR-153/GO;Norte;Colisão Traseira;1;4;;;;1;3
26/08/2019;22:40:00;490;sem vítima;97,558;BR-060/GO;Sul;"Choque - Defensa, barreira ou ""submarino""";2;2;;;;;1
27/08/2019;02:30:00;43;sem vítima;748;BR-262/MG;Oeste;Tombamento;1;1;;;;;1
27/08/2019;07:45:00;117;ac02 - Acidente com Vítima;505,9;BR-153/GO;Norte;Colisão Traseira;1;2;;;1;;2
27/08/2019;16:40:00;470;sem vítima;494,2;BR-153/GO;Norte;"Choque - Defensa, barreira ou ""submarino""";1;1;;;;;1
27/08/2019;19:17:00;548;sem vítima;503;BR-153/GO;Sul;Engavetamento;1;3;;;;;1
27/08/2019;20:09:00;571;sem vítima;450;BR-262/MG;Oeste;Choque - Elemento de Drenagem;1;2;;;;;1
27/08/2019;21:46:00;616;sem vítima;601,5;BR-262/MG;Leste;Atropelamento de Animal;1;1;;;;;1
28/08/2019;10:56:00;271;ac02 - Acidente com Vítima;572;BR-153/GO;Sul;Tombamento;1;1;2;;;;1
28/08/2019;13:26:00;346;sem vítima;774;BR-262/MG;Leste;Colisão Lateral;2;2;;;;;1
29/08/2019;04:00:00;55;ac02 - Acidente com Vítima;30,5;BR-153/MG;Sul;Tombamento;1;0;;1;;;2
29/08/2019;05:35:00;71;sem vítima;443;BR-262/MG;Oeste;Atropelamento de Animal;1;1;;;;;1
29/08/2019;11:17:00;256;ac02 - Acidente com Vítima;219;BR-153/MG;Norte;Colisão Traseira;2;1;1;;;;1
29/08/2019;13:37:00;317;sem vítima;129;BR-060/GO;Sul;Choque - Talude;1;1;;;;;1
29/08/2019;15:18:00;366;sem vítima;438;BR-262/MG;Oeste;Colisão Transversal;1;2;;;;;1
29/08/2019;20:11:00;501;sem vítima;508;BR-153/GO;Norte;Colisão Lateral;1;2;;;;;1
29/08/2019;21:56:00;548;sem vítima;130;BR-153/MG;Sul;Colisão Traseira;2;2;;;;;1
30/08/2019;00:00:00;2;ac02 - Acidente com Vítima;11,275;BR-060/GO;Sul;Colisão Traseira;2;1;1;;;;1
30/08/2019;08:08:00;105;ac01 - Acidente com Vítima Fatal;495,8;BR-153/GO;Sul;Colisão Traseira;1;3;;;;1;3
30/08/2019;11:48:00;221;sem vítima;800,8;BR-262/MG;Oeste;Colisão Traseira;2;2;;;;;1
30/08/2019;13:56:00;278;ac02 - Acidente com Vítima;92,1;BR-060/GO;Norte;Colisão Traseira;1;2;1;;;;1
31/08/2019;14:22:00;282;sem vítima;7;BR-060/DF;Sul;Colisão Lateral;1;6;;;;;1
01/07/2019;00:48:00;15;ac02 - Acidente com Vítima;57,939;BR-153/MG;Sul;Tombamento;1;0;1;;;;1
01/07/2019;01:59:00;33;sem vítima;575;BR-262/MG;Leste;Saida de Pista;1;1;;;;;1
01/07/2019;06:26:00;67;sem vítima;9;BR-060/DF;Sul;Colisão Traseira;1;2;;;;;1
01/07/2019;11:11:00;218;sem vítima;99,8;BR-060/GO;Norte;"Choque - Defensa, barreira ou ""submarino""";1;2;;;;;1
01/07/2019;16:32:00;366;ac01 - Acidente com Vítima Fatal;472,884;BR-262/MG;Leste;Colisão Lateral;2;1;;;;1;3
02/07/2019;01:33:00;18;sem vítima;47,382;BR-153/MG;Sul;"Choque - Defensa, barreira ou ""submarino""";1;3;;;;;1
02/07/2019;07:22:00;69;sem vítima;494;BR-153/GO;Norte;Colisão Traseira;1;2;;;;;1
02/07/2019;08:14:00;103;sem vítima;472,289;BR-262/MG;Oeste;Colisão Traseira;1;3;;;;;1
02/07/2019;18:35:00;427;sem vítima;505;BR-153/GO;Sul;Colisão Lateral;1;2;;;;;1
03/07/2019;01:13:00;13;sem vítima;353;BR-262/MG;Leste;Colisão Traseira;1;2;;;;;1
03/07/2019;05:24:00;56;sem vítima;534,941;BR-153/GO;Norte;Colisão Traseira;2;2;;;;;1
03/07/2019;08:22:00;109;sem vítima;550;BR-262/MG;Leste;"Choque - Defensa, barreira ou ""submarino""";1;1;;;;;1
03/07/2019;08:27:00;116;sem vítima;778;BR-262/MG;Leste;Colisão Traseira;2;2;;;;;1
03/07/2019;18:28:00;413;sem vítima;530;BR-153/GO;Norte;Tombamento;1;1;;;;;1
03/07/2019;20:47:00;470;sem vítima;444;BR-262/MG;Oeste;Atropelamento de Animal;1;1;;;;;1
03/07/2019;21:04:00;477;ac02 - Acidente com Vítima;547,2;BR-262/MG;Leste;Tombamento;1;0;2;;;;1
03/07/2019;21:15:00;484;sem vítima;786;BR-262/MG;Leste;Colisão Traseira;1;2;;;;;1
03/07/2019;22:06:00;494;ac02 - Acidente com Vítima;455;BR-262/MG;Oeste;Colisão Frontal;1;1;;1;1;;2
03/07/2019;23:49:00;518;ac02 - Acidente com Vítima;544;BR-262/MG;Oeste;Tombamento;2;1;1;;;;1
04/07/2019;10:44:00;204;sem vítima;687,3;BR-153/GO;Sul;Saida de Pista;1;1;;;;;1
04/07/2019;19:41:00;469;sem vítima;494,6;BR-153/GO;Sul;Colisão Lateral;1;2;;;;;1
04/07/2019;20:55:00;497;sem vítima;96;BR-060/GO;Norte;Colisão Traseira;1;3;;;;;1
05/07/2019;12:41:00;226;sem vítima;0,2;BR-153/MG;Sul;Tombamento;1;1;;;;;1
05/07/2019;18:00:00;358;ac02 - Acidente com Vítima;539;BR-262/MG;Oeste;Tombamento;1;0;1;;;;1
06/07/2019;06:23:00;78;sem vítima;617;BR-153/GO;Sul;Atropelamento de Animal;1;1;;;;;1
07/07/2019;16:56:00;321;sem vítima;28,1;BR-060/GO;Sul;Engavetamento;3;3;;;;;1
08/07/2019;04:06:00;44;sem vítima;112;BR-060/GO;Sul;Tombamento;1;1;;;;;1
08/07/2019;15:01:00;336;sem vítima;574;BR-153/GO;Norte;Tombamento;1;3;;;;;1
08/07/2019;18:32:00;416;sem vítima;545;BR-153/GO;Norte;Colisão Lateral;1;2;;;;;1
08/07/2019;21:10:00;478;sem vítima;438;BR-262/MG;Oeste;Choque - Veiculo parado na pista;1;2;;;;;1
09/07/2019;01:08:00;11;sem vítima;532;BR-153/GO;Norte;Atropelamento de Animal;1;1;;;;;1
09/07/2019;08:34:00;120;sem vítima;97;BR-060/GO;Sul;Colisão Traseira;1;26;;;;;1
09/07/2019;14:25:00;302;ac02 - Acidente com Vítima;39;BR-060/GO;Norte;Colisão Traseira;2;13;;3;1;;2
09/07/2019;15:32:00;326;sem vítima;39;BR-060/GO;Sul;"Choque - Defensa, barreira ou ""submarino""";1;1;;;;;1
09/07/2019;15:58:00;336;ac02 - Acidente com Vítima;783;BR-262/MG;Oeste;Capotamento;1;0;;1;;;2
09/07/2019;16:46:00;363;sem vítima;95;BR-060/GO;Sul;Colisão Traseira;1;2;;;;;1
09/07/2019;20:20:00;439;sem vítima;406,1;BR-262/MG;Leste;Colisão Traseira;2;2;;;;;1
09/07/2019;21:52:00;469;ac02 - Acidente com Vítima;81,123;BR-153/MG;Sul;Colisão Traseira;2;1;1;;;;1
09/07/2019;22:41:00;480;ac02 - Acidente com Vítima;148;BR-153/MG;Sul;Choque - Suporte de Sinalização;1;0;1;;;;1
10/07/2019;00:14:00;2;ac02 - Acidente com Vítima;2,163;BR-153/MG;Sul;Colisão Lateral;2;1;1;;;;1
10/07/2019;04:06:00;50;sem vítima;116;BR-060/GO;Norte;Colisão Traseira;2;2;;;;;1
10/07/2019;07:00:00;90;ac02 - Acidente com Vítima;452;BR-262/MG;Oeste;Colisão Transversal;1;1;1;;;;1
10/07/2019;07:58:00;112;ac02 - Acidente com Vítima;496;BR-153/GO;Sul;Colisão Lateral;1;2;1;;;;1
10/07/2019;20:04:00;431;sem vítima;646,807;BR-153/GO;Norte;Colisão Lateral;2;2;;;;;1
10/07/2019;21:41:00;464;ac02 - Acidente com Vítima;363;BR-262/MG;Leste;Tombamento;1;1;1;;;;1
11/07/2019;04:38:00;45;sem vítima;66,41;BR-060/GO;Sul;Choque - Elemento de Drenagem;1;1;;;;;1
11/07/2019;06:18:00;64;ac02 - Acidente com Vítima;624;BR-153/GO;Sul;Colisão Traseira;1;0;2;;1;;2
11/07/2019;07:55:00;105;sem vítima;24,5;BR-153/MG;Sul;Colisão Lateral;2;2;;;;;1
11/07/2019;09:13:00;177;sem vítima;100;BR-060/GO;Sul;Colisão Lateral;1;2;;;;;1
11/07/2019;10:33:00;218;sem vítima;27,5;BR-060/GO;Sul;Colisão Traseira;2;2;;;;;1
11/07/2019;18:26:00;437;sem vítima;501,152;BR-153/GO;Sul;Colisão Lateral;1;3;;;;;1
12/07/2019;09:55:00;208;sem vítima;389;BR-262/MG;Oeste;Choque - Outros;1;1;;;;;1
12/07/2019;14:45:00;380;ac02 - Acidente com Vítima;599,1;BR-153/GO;Norte;Tombamento;1;2;1;;;;1
12/07/2019;15:24:00;406;sem vítima;226;BR-153/MG;Sul;Colisão Traseira;1;2;;;;;1
13/07/2019;06:04:00;61;ac01 - Acidente com Vítima Fatal;219;BR-153/MG;Norte;Colisão Transversal;1;1;;1;;1;3
13/07/2019;12:22:00;239;ac02 - Acidente com Vítima;158,7;BR-153/MG;Sul;Tombamento;1;0;1;;;;1
13/07/2019;15:59:00;329;ac02 - Acidente com Vítima;50;BR-153/MG;Sul;Colisão Traseira;1;1;3;;;;1
13/07/2019;19:29:00;408;sem vítima;512;BR-262/MG;Oeste;Colisão Lateral;1;2;;;;;1
13/07/2019;23:24:00;487;ac01 - Acidente com Vítima Fatal;487,3;BR-262/MG;Oeste;Colisão Frontal;1;1;1;;;1;3
14/07/2019;02:19:00;27;ac02 - Acidente com Vítima;148;BR-153/MG;Sul;Tombamento;1;0;1;;1;;2
14/07/2019;18:26:00;413;sem vítima;389;BR-262/MG;Oeste;Colisão Traseira;1;2;;;;;1
14/07/2019;19:45:00;446;sem vítima;429;BR-262/MG;Oeste;Saida de Pista;1;4;;;;;1
15/07/2019;04:46:00;54;sem vítima;38;BR-060/GO;Sul;Tombamento;1;2;;;;;1