data;horario;n_da_ocorrencia;tipo_de_ocorrencia;km;trecho;sentido;tipo_de_acidente;caminhao;ilesos;levemente_feridos;moderadamente_feridos;gravemente_feridos;mortos;3
15/07/2019;13:48:00;337;ac02 - Acidente com Vítima;78,3;BR-153/MG;Sul;Saida de Pista;1;0;4;;;;1
15/07/2019;14:21:00;364;sem vítima;107;BR-060/GO;Norte;Colisão Lateral;1;2;;;;;1
15/07/2019;15:33:00;407;ac02 - Acidente com Vítima;4,8;BR-060/GO;Norte;Tombamento;1;0;;1;;;2
15/07/2019;18:29:00;491;ac02 - Acidente com Vítima;498,027;BR-153/GO;Norte;Colisão Traseira;1;1;;;1;;2
16/07/2019;06:22:00;53;sem vítima;27,1;BR-060/DF;Norte;Tombamento;1;2;;;;;1
16/07/2019;18:24:00;450;sem vítima;565;BR-153/GO;Sul;Colisão Lateral;1;2;;;;;1
16/07/2019;18:30:00;454;sem vítima;454,2;BR-262/MG;Oeste;Colisão Lateral;1;3;;;;;1
16/07/2019;19:44:00;479;sem vítima;379;BR-262/MG;Oeste;Choque - Veiculo parado no acostamento;1;2;;;;;1
17/07/2019;05:17:00;52;ac02 - Acidente com Vítima;53;BR-060/GO;Sul;Tombamento;1;2;;1;;;2
17/07/2019;07:25:00;73;sem vítima;510,8;BR-153/GO;Norte;Colisão Traseira;1;2;;;;;1
17/07/2019;14:10:00;252;ac02 - Acidente com Vítima;485;BR-262/MG;Oeste;Colisão Transversal;1;1;2;;;;1
17/07/2019;14:59:00;277;sem vítima;388;BR-262/MG;Leste;Colisão Traseira;1;2;;;;;1
17/07/2019;15:15:00;283;sem vítima;415,6;BR-262/MG;Leste;Tombamento;1;1;;;;;1
17/07/2019;21:42:00;452;sem vítima;634,1;BR-153/GO;Norte;Choque - Talude;1;1;;;;;1
18/07/2019;07:52:00;123;sem vítima;507,6;BR-153/GO;Norte;Tombamento;1;1;;;;;1
18/07/2019;10:35:00;226;sem vítima;218,3;BR-153/MG;Norte;Colisão Transversal;1;6;;;;;1
18/07/2019;13:02:00;302;sem vítima;33,4;BR-153/MG;Sul;Tombamento;1;1;;;;;1
18/07/2019;13:11:00;309;sem vítima;750;BR-262/MG;Oeste;Colisão Traseira;2;2;;;;;1
18/07/2019;18:51:00;488;sem vítima;512;BR-262/MG;Oeste;Choque - Outros;1;1;;;;;1
18/07/2019;19:12:00;497;ac02 - Acidente com Vítima;558,203;BR-153/GO;Norte;Colisão Traseira;1;1;;;1;;2
19/07/2019;12:30:00;310;ac02 - Acidente com Vítima;547,7;BR-262/MG;Leste;Tombamento;2;3;5;1;;;2
19/07/2019;17:06:00;451;sem vítima;82;BR-153/MG;Norte;Colisão Traseira;2;3;;;;;1
20/07/2019;02:40:00;34;sem vítima;57,97;BR-153/MG;Norte;Tombamento;1;1;;;;;1
20/07/2019;03:52:00;42;sem vítima;459;BR-262/MG;Leste;Atropelamento de Animal;1;1;;;;;1
20/07/2019;09:52:00;169;sem vítima;240;BR-153/MG;Sul;Colisão Traseira;2;2;;;;;1
21/07/2019;02:25:00;25;ac02 - Acidente com Vítima;553;BR-262/MG;Oeste;Tombamento;1;0;;;1;;2
21/07/2019;08:26:00;93;ac02 - Acidente com Vítima;669;BR-153/GO;Sul;Tombamento;1;0;3;;;;1
22/07/2019;02:51:00;25;sem vítima;447;BR-262/MG;Oeste;Atropelamento de Animal;1;1;;;;;1
22/07/2019;06:00:00;63;ac02 - Acidente com Vítima;67;BR-153/MG;Sul;Tombamento;1;0;1;;;;1
22/07/2019;08:55:00;121;sem vítima;890;BR-262/MG;Leste;Tombamento;1;1;;;;;1
22/07/2019;09:25:00;138;ac02 - Acidente com Vítima;405;BR-262/MG;Oeste;Tombamento;1;0;1;;;;1
23/07/2019;00:15:00;10;ac02 - Acidente com Vítima;75,814;BR-153/MG;Norte;Tombamento;1;0;1;;;;1
23/07/2019;06:19:00;81;sem vítima;139,2;BR-153/MG;Sul;Tombamento;1;1;;;;;1
24/07/2019;05:18:00;40;ac02 - Acidente com Vítima;552,25;BR-262/MG;Leste;Tombamento;1;0;;1;;;2
24/07/2019;06:21:00;48;sem vítima;380;BR-262/MG;Leste;"Choque - Defensa, barreira ou ""submarino""";1;1;;;;;1
24/07/2019;07:31:00;86;ac02 - Acidente com Vítima;51;BR-060/GO;Norte;Colisão Traseira;1;1;1;;;;1
24/07/2019;14:15:00;320;ac02 - Acidente com Vítima;124;BR-060/GO;Norte;Saida de Pista;1;0;;1;;;2
24/07/2019;14:30:00;330;sem vítima;78;BR-153/MG;Norte;Tombamento;2;2;;;;;1
24/07/2019;21:59:00;536;ac02 - Acidente com Vítima;524;BR-262/MG;Leste;Atropelamento - Ciclista;1;1;1;;;;1
25/07/2019;07:38:00;102;ac02 - Acidente com Vítima;623,098;BR-153/GO;Sul;Colisão Traseira;1;1;1;;;;1
25/07/2019;08:13:00;122;sem vítima;388;BR-262/MG;Oeste;Colisão Traseira;1;2;;;;;1
25/07/2019;15:39:00;348;ac02 - Acidente com Vítima;595;BR-153/GO;Sul;Colisão Lateral;1;1;1;;1;;2
25/07/2019;16:46:00;370;sem vítima;553;BR-262/MG;Leste;Colisão Traseira;2;2;;;;;1
25/07/2019;16:52:00;372;sem vítima;509;BR-153/GO;Sul;Colisão Lateral;1;2;;;;;1
25/07/2019;18:24:00;416;sem vítima;155;BR-153/MG;Sul;Colisão Transversal;1;4;;;;;1
26/07/2019;01:54:00;32;sem vítima;903,1;BR-262/MG;Oeste;Saida de Pista;1;1;;;;;1
26/07/2019;11:13:00;221;sem vítima;504;BR-153/GO;Norte;Colisão Traseira;1;2;;;;;1
27/07/2019;05:52:00;81;ac02 - Acidente com Vítima;129,267;BR-060/GO;Sul;Colisão Traseira;1;1;1;;1;;2
27/07/2019;10:31:00;193;ac02 - Acidente com Vítima;11;BR-060/GO;Sul;Colisão Traseira;1;1;;1;;;2
28/07/2019;17:12:00;383;sem vítima;446,2;BR-262/MG;Oeste;Colisão Traseira;1;2;;;;;1
28/07/2019;17:38:00;406;ac02 - Acidente com Vítima;415;BR-262/MG;Oeste;Tombamento;1;0;;;1;;2
29/07/2019;06:34:00;41;ac02 - Acidente com Vítima;536,15;BR-153/GO;Norte;Tombamento;1;0;1;;;;1
29/07/2019;07:09:00;58;sem vítima;634;BR-262/MG;Leste;Choque - Suporte de Sinalização;1;2;;;;;1
29/07/2019;08:03:00;84;sem vítima;501;BR-153/GO;Sul;Colisão Lateral;1;2;;;;;1
29/07/2019;14:38:00;262;ac02 - Acidente com Vítima;62,5;BR-153/MG;Sul;Colisão Lateral;3;2;;1;;;2
30/07/2019;07:24:00;99;sem vítima;438;BR-262/MG;Oeste;Colisão Traseira;1;3;;;;;1
31/07/2019;05:14:00;52;sem vítima;128;BR-060/GO;Norte;Colisão Traseira;1;19;;;;;1
31/07/2019;06:08:00;59;ac02 - Acidente com Vítima;780,5;BR-262/MG;Oeste;Colisão Frontal;2;16;;1;;;2
31/07/2019;07:42:00;85;ac02 - Acidente com Vítima;402,905;BR-262/MG;Oeste;Capotamento;1;0;1;;;;1
31/07/2019;07:53:00;90;sem vítima;764;BR-262/MG;Leste;Tombamento;1;2;;;;;1
31/07/2019;08:21:00;102;sem vítima;573;BR-262/MG;Leste;Colisão Traseira;1;2;;;;;1
31/07/2019;15:37:00;316;sem vítima;553,8;BR-262/MG;Leste;Tombamento;1;1;;;;;1
01/09/2019;11:38:00;219;sem vítima;630;BR-153/GO;Norte;Colisão Traseira;1;2;;;;;1
02/09/2019;09:07:00;155;sem vítima;4;BR-060/DF;Sul;Colisão Traseira;1;3;;;;;1
02/09/2019;11:17:00;236;sem vítima;693;BR-262/MG;Leste;Colisão Lateral;1;4;;;;;1
02/09/2019;13:13:00;291;ac02 - Acidente com Vítima;369;BR-262/MG;Oeste;Tombamento;1;0;1;;;;1
02/09/2019;17:48:00;426;sem vítima;527;BR-153/GO;Norte;Tombamento;1;1;;;;;1
03/09/2019;12:35:00;261;sem vítima;461,85;BR-262/MG;Oeste;Colisão Lateral;2;2;;;;;1
03/09/2019;17:36:00;478;ac02 - Acidente com Vítima;94,1;BR-153/MG;Sul;Colisão Traseira;2;0;3;;;;1
03/09/2019;19:16:00;524;sem vítima;505;BR-153/GO;Sul;Colisão Traseira;1;3;;;;;1
04/09/2019;01:38:00;25;sem vítima;493;BR-262/MG;Leste;Tombamento;1;2;;;;;1
04/09/2019;07:49:00;112;sem vítima;93;BR-060/GO;Sul;Colisão Lateral;1;2;;;;;1
04/09/2019;16:27:00;430;ac02 - Acidente com Vítima;49;BR-060/GO;Sul;Colisão Traseira;1;1;1;1;;;2
04/09/2019;17:26:00;464;sem vítima;175;BR-153/MG;Norte;Choque- Placa/Suporte Sinalização;1;1;;;;;1
05/09/2019;07:27:00;117;sem vítima;4;BR-060/DF;Sul;Colisão Lateral;2;2;;;;;1
05/09/2019;07:31:00;119;sem vítima;498;BR-153/GO;Sul;Colisão Lateral;1;3;;;;;1
05/09/2019;08:09:00;141;sem vítima;501;BR-153/GO;Norte;Colisão Lateral;1;3;;;;;1
05/09/2019;09:47:00;213;sem vítima;795;BR-262/MG;Oeste;Engavetamento;3;3;;;;;1
05/09/2019;14:42:00;363;sem vítima;389;BR-262/MG;Oeste;Choque - Talude;1;1;;;;;1
05/09/2019;16:20:00;405;sem vítima;125;BR-060/GO;Sul;Colisão Lateral;1;2;;;;;1
05/09/2019;17:12:00;438;ac02 - Acidente com Vítima;2;BR-060/GO;Norte;Colisão Traseira;1;1;1;;;;1
05/09/2019;22:03:00;599;ac02 - Acidente com Vítima;863,5;BR-262/MG;Oeste;Choque - Veiculo parado no acostamento;1;2;;1;;;2
06/09/2019;10:54:00;242;ac02 - Acidente com Vítima;627;BR-153/GO;Norte;Colisão Traseira;2;1;1;;;;1
06/09/2019;17:27:00;457;sem vítima;4;BR-060/GO;Norte;Choque - Talude;1;1;;;;;1
06/09/2019;21:21:00;613;sem vítima;34;BR-153/MG;Norte;Tombamento;1;2;;;;;1
06/09/2019;21:36:00;627;sem vítima;468,81;BR-262/MG;Leste;Colisão Traseira;1;2;;;;;1
06/09/2019;23:56:00;688;sem vítima;34,1;BR-153/MG;Norte;Choque - Veiculo parado no acostamento;1;3;;;;;1
07/09/2019;02:11:00;41;sem vítima;42;BR-060/GO;Sul;Colisão Traseira;1;2;;;;;1
07/09/2019;02:20:00;45;sem vítima;148;BR-153/MG;Norte;Choque- Placa/Suporte Sinalização;1;1;;;;;1
07/09/2019;15:38:00;399;ac02 - Acidente com Vítima;229,5;BR-153/MG;Sul;Tombamento;1;0;;;1;;2
07/09/2019;15:41:00;400;sem vítima;648;BR-153/GO;Sul;Saida de Pista;1;2;;;;;1
07/09/2019;16:16:00;415;sem vítima;757;BR-262/MG;Oeste;Choque - Arvore;1;3;;;;;1
08/09/2019;11:32:00;227;sem vítima;58;BR-153/MG;Norte;Tombamento;1;1;;;;;1
08/09/2019;13:51:00;282;ac02 - Acidente com Vítima;597,73;BR-153/GO;Norte;Colisão Lateral;1;4;1;;;;1
08/09/2019;15:57:00;366;sem vítima;687,1;BR-262/MG;Leste;Colisão Traseira;1;2;;;;;1
08/09/2019;16:06:00;370;ac01 - Acidente com Vítima Fatal;615;BR-262/MG;Leste;Colisão Frontal;1;1;;;;1;3
08/09/2019;18:39:00;481;ac02 - Acidente com Vítima;114,8;BR-153/MG;Norte;Engavetamento;2;2;1;1;;;2
09/09/2019;07:20:00;123;ac02 - Acidente com Vítima;509;BR-153/GO;Norte;Engavetamento;2;12;2;;;;1
09/09/2019;17:54:00;479;sem vítima;388;BR-262/MG;Oeste;Tombamento;1;1;;;;;1
09/09/2019;18:28:00;501;ac02 - Acidente com Vítima;499,3;BR-153/GO;Sul;Colisão Transversal;1;1;;1;;;2
10/09/2019;02:15:00;44;ac02 - Acidente com Vítima;31;BR-060/GO;Norte;Choque - Veiculo parado no acostamento;1;0;1;1;;;2
10/09/2019;05:40:00;79;ac02 - Acidente com Vítima;582;BR-262/MG;Oeste;Tombamento;1;0;1;;;;1
10/09/2019;07:04:00;102;sem vítima;131;BR-060/GO;Sul;Tombamento;1;1;;;;;1
10/09/2019;09:17:00;182;sem vítima;157;BR-153/MG;Sul;Colisão Traseira;1;2;;;;;1
10/09/2019;17:18:00;414;sem vítima;21;BR-153/MG;Norte;Colisão Traseira;1;2;;;;;1
10/09/2019;17:42:00;432;ac02 - Acidente com Vítima;463;BR-262/MG;Leste;Colisão Lateral;1;1;1;;;;1
10/09/2019;17:42:00;433;sem vítima;594;BR-153/GO;Sul;Tombamento;1;1;;;;;1
11/09/2019;02:22:00;30;ac02 - Acidente com Vítima;129;BR-060/GO;Sul;Colisão Traseira;1;1;1;;;;1
11/09/2019;06:29:00;83;sem vítima;739;BR-262/MG;Leste;Tombamento;1;1;;;;;1
11/09/2019;08:22:00;150;sem vítima;672,12;BR-262/MG;Leste;Objeto lançado contra veículo;1;3;;;;;1
11/09/2019;10:14:00;225;sem vítima;769;BR-262/MG;Leste;Colisão Traseira;2;2;;;;;1
11/09/2019;14:00:00;361;sem vítima;722;BR-262/MG;Oeste;Colisão Traseira;2;2;;;;;1
11/09/2019;18:41:00;505;ac02 - Acidente com Vítima;478;BR-262/MG;Oeste;Colisão Lateral;1;2;1;2;;;2
12/09/2019;10:04:00;243;sem vítima;517;BR-153/GO;Sul;Tombamento;1;1;;;;;1
12/09/2019;16:25:00;419;sem vítima;499;BR-153/GO;Sul;Engavetamento;1;3;;;;;1
13/09/2019;16:21:00;496;sem vítima;115;BR-060/GO;Sul;Colisão Lateral;1;2;;;;;1
13/09/2019;18:12:00;526;sem vítima;501;BR-153/GO;Sul;Colisão Transversal;1;2;;;;;1
13/09/2019;19:18:00;560;sem vítima;2;BR-060/GO;Sul;Colisão Lateral;1;5;;;;;1
13/09/2019;22:55:00;654;sem vítima;688;BR-262/MG;Leste;Tombamento;1;2;;;;;1
14/09/2019;03:30:00;55;sem vítima;651;BR-262/MG;Oeste;Tombamento;1;2;;;;;1
14/09/2019;13:46:00;284;sem vítima;664,471;BR-262/MG;Leste;Choque - Arvore;1;1;;;;;1
14/09/2019;17:19:00;391;sem vítima;21;BR-060/GO;Sul;Colisão Lateral;1;2;;;;;1
15/09/2019;02:59:00;30;sem vítima;30;BR-060/DF;Norte;Colisão Traseira;2;2;;;;;1
15/09/2019;06:06:00;66;sem vítima;508,3;BR-153/GO;Norte;Colisão Transversal;1;2;;;;;1
15/09/2019;07:19:00;87;ac02 - Acidente com Vítima;866,045;BR-262/MG;Oeste;Tombamento;1;0;1;;;;1
15/09/2019;14:53:00;342;ac02 - Acidente com Vítima;693;BR-153/GO;Norte;Colisão Traseira;1;2;1;;;;1
15/09/2019;15:07:00;349;sem vítima;495;BR-153/GO;Sul;Colisão Lateral;1;2;;;;;1
15/09/2019;17:29:00;432;sem vítima;498;BR-153/GO;Sul;Colisão Traseira;1;2;;;;;1
16/09/2019;07:54:00;113;sem vítima;210,15;BR-153/MG;Norte;Tombamento;1;1;;;;;1
16/09/2019;08:02:00;117;sem vítima;125,5;BR-060/GO;Norte;Colisão Traseira;1;2;;;;;1
16/09/2019;17:02:00;431;sem vítima;783;BR-262/MG;Oeste;Tombamento;1;1;;;;;1
17/09/2019;01:44:00;18;ac02 - Acidente com Vítima;420;BR-262/MG;Leste;Colisão Traseira;2;1;;;1;;2
17/09/2019;02:51:00;36;ac01 - Acidente com Vítima Fatal;436,2;BR-262/MG;Oeste;Capotamento;1;0;;;;1;3
17/09/2019;04:56:00;56;sem vítima;92;BR-060/GO;Norte;Saida de Pista;1;1;;;;;1
17/09/2019;07:11:00;95;sem vítima;556;BR-262/MG;Oeste;Colisão Lateral;3;3;;;;;1
17/09/2019;07:31:00;105;sem vítima;642;BR-153/GO;Norte;Colisão Traseira;1;4;;;;;1
17/09/2019;13:45:00;335;sem vítima;500;BR-153/GO;Sul;Colisão Traseira;2;4;;;;;1
17/09/2019;16:46:00;429;sem vítima;507;BR-153/GO;Norte;Colisão Lateral;2;2;;;;;1
18/09/2019;05:06:00;72;sem vítima;404;BR-262/MG;Leste;Capotamento;1;1;;;;;1
18/09/2019;07:52:00;129;sem vítima;500;BR-153/GO;Sul;Colisão Lateral;1;2;;;;;1
18/09/2019;17:18:00;444;ac01 - Acidente com Vítima Fatal;404;BR-262/MG;Oeste;Colisão Traseira;1;1;;;;1;3
18/09/2019;19:28:00;516;sem vítima;508,757;BR-153/GO;Norte;Colisão Lateral;1;2;;;;;1
19/09/2019;03:53:00;66;ac02 - Acidente com Vítima;671,8;BR-262/MG;Oeste;Tombamento;1;0;1;;;;1
19/09/2019;18:57:00;593;ac02 - Acidente com Vítima;507;BR-153/GO;Sul;Engavetamento;1;5;2;;;;1
20/09/2019;10:02:00;214;sem vítima;148;BR-153/MG;Norte;Colisão Lateral;1;2;;;;;1
20/09/2019;17:23:00;507;sem vítima;500;BR-153/GO;Sul;Colisão Traseira;1;2;;;;;1
20/09/2019;19:04:00;555;sem vítima;668;BR-153/GO;Norte;Colisão Traseira;1;4;;;;;1
20/09/2019;19:45:00;575;ac02 - Acidente com Vítima;118;BR-060/GO;Sul;Colisão Transversal;1;1;1;;;;1
20/09/2019;19:45:00;578;sem vítima;185;BR-153/MG;Sul;Saida de Pista;1;1;;;;;1
21/09/2019;14:23:00;364;sem vítima;15,5;BR-060/GO;Sul;Saida de Pista;1;1;;;;;1
21/09/2019;22:43:00;640;ac02 - Acidente com Vítima;136,5;BR-153/MG;Norte;Colisão Traseira;1;0;2;;;;1
22/09/2019;15:35:00;374;sem vítima;584;BR-153/GO;Norte;Choque - Outros;2;2;;;;;1
22/09/2019;21:36:00;568;sem vítima;587;BR-262/MG;Oeste;Saida de Pista;1;1;;;;;1
22/09/2019;21:40:00;570;sem vítima;519;BR-262/MG;Leste;Tombamento;1;1;;;;;1
23/09/2019;07:04:00;77;ac02 - Acidente com Vítima;13;BR-153/MG;Sul;Tombamento;1;0;1;;;;1
23/09/2019;09:18:00;141;sem vítima;500;BR-153/GO;Sul;Colisão Traseira;1;3;;;;;1
23/09/2019;14:27:00;318;sem vítima;558;BR-153/GO;Norte;Capotamento;1;1;;;;;1
23/09/2019;18:48:00;456;sem vítima;107,65;BR-060/GO;Norte;Colisão Traseira;1;2;;;;;1
24/09/2019;01:24:00;20;ac01 - Acidente com Vítima Fatal;621;BR-153/GO;Norte;Capotamento;1;0;;;;2;3
24/09/2019;14:26:00;334;sem vítima;743;BR-262/MG;Oeste;Saida de Pista;1;1;;;;;1
24/09/2019;14:40:00;344;sem vítima;11;BR-060/GO;Sul;Colisão Traseira;1;2;;;;;1
24/09/2019;17:06:00;419;sem vítima;743;BR-262/MG;Oeste;Colisão Traseira;2;2;;;;;1
24/09/2019;20:16:00;484;sem vítima;492;BR-153/GO;Norte;Colisão Traseira;1;2;;;;;1
25/09/2019;08:44:00;142;sem vítima;496;BR-153/GO;Norte;Colisão Traseira;1;2;;;;;1
25/09/2019;08:57:00;152;sem vítima;594;BR-262/MG;Oeste;Colisão Lateral;1;2;;;;;1
25/09/2019;12:31:00;263;sem vítima;610;BR-262/MG;Leste;Saida de Pista;1;1;;;;;1
25/09/2019;13:41:00;292;sem vítima;518;BR-153/GO;Norte;Choque - Elemento de Drenagem;1;1;;;;;1
25/09/2019;17:19:00;379;sem vítima;58;BR-153/MG;Norte;Carreta deu L;1;1;;;;;1
25/09/2019;17:26:00;382;sem vítima;232;BR-153/MG;Sul;Saida de Pista;1;1;;;;;1
25/09/2019;18:34:00;407;sem vítima;127;BR-060/GO;Sul;Carreta deu L;1;1;;;;;1
25/09/2019;19:58:00;444;ac02 - Acidente com Vítima;465;BR-262/MG;Leste;Saida de Pista;1;0;1;;;;1
25/09/2019;23:35:00;521;sem vítima;608;BR-262/MG;Oeste;Tombamento;1;1;;;;;1
26/09/2019;05:02:00;58;sem vítima;579;BR-262/MG;Oeste;Saida de Pista;1;2;;;;;1
26/09/2019;06:23:00;73;sem vítima;659,7;BR-153/GO;Sul;Colisão Traseira;1;5;;;;;1
26/09/2019;06:34:00;76;ac02 - Acidente com Vítima;534;BR-262/MG;Oeste;Tombamento;1;1;;1;;;2
26/09/2019;06:35:00;77;sem vítima;365;BR-262/MG;Oeste;Colisão Traseira;2;2;;;;;1
26/09/2019;10:29:00;180;ac02 - Acidente com Vítima;364;BR-262/MG;Oeste;Engavetamento;1;3;1;;;;1
26/09/2019;13:05:00;239;sem vítima;382;BR-262/MG;Oeste;Colisão Traseira;1;2;;;;;1
26/09/2019;13:48:00;251;ac02 - Acidente com Vítima;504;BR-153/GO;Sul;Colisão Lateral;1;1;;1;;;2
26/09/2019;13:50:00;252;sem vítima;189;BR-153/MG;Norte;Colisão Traseira;1;3;;;;;1
26/09/2019;13:53:00;253;sem vítima;597;BR-262/MG;Leste;Colisão Lateral;1;2;;;;;1
26/09/2019;15:08:00;289;sem vítima;594;BR-262/MG;Oeste;Saida de Pista;1;1;;;;;1
26/09/2019;19:58:00;407;ac02 - Acidente com Vítima;549;BR-262/MG;Oeste;Colisão Frontal;1;1;;1;;;2
26/09/2019;20:28:00;419;ac02 - Acidente com Vítima;31;BR-153/MG;Norte;Tombamento;2;1;1;;;;1
26/09/2019;22:17:00;466;sem vítima;688;BR-153/GO;Norte;Choque - Outros;1;1;;;;;1
27/09/2019;03:35:00;39;sem vítima;98;BR-153/MG;Sul;Saida de Pista;1;1;;;;;1
27/09/2019;07:35:00;93;sem vítima;551,1;BR-262/MG;Leste;Tombamento;1;1;;;;;1
27/09/2019;16:02:00;398;sem vítima;500;BR-153/GO;Sul;Colisão Traseira;2;2;;;;;1
27/09/2019;17:06:00;433;sem vítima;508;BR-153/GO;Norte;Colisão Traseira;1;2;;;;;1
27/09/2019;17:38:00;447;sem vítima;107,8;BR-060/GO;Sul;Colisão Traseira;1;2;;;;;1
27/09/2019;20:18:00;526;sem vítima;634;BR-262/MG;Leste;Saida de Pista;1;1;;;;;1
27/09/2019;23:52:00;615;sem vítima;143,5;BR-153/MG;Norte;Colisão Lateral;1;2;;;;;1
28/09/2019;01:53:00;35;ac01 - Acidente com Vítima Fatal;246,5;BR-153/MG;Norte;Colisão Frontal;1;3;;;;1;3
28/09/2019;06:40:00;93;sem vítima;653,25;BR-262/MG;Leste;Choque - Elemento de Drenagem;1;2;;;;;1
28/09/2019;10:44:00;243;sem vítima;492,33;BR-153/GO;Norte;Colisão Lateral;1;5;;;;;1
28/09/2019;11:32:00;268;sem vítima;137,2;BR-060/GO;Sul;Colisão Traseira;1;2;;;;;1
28/09/2019;14:54:00;350;sem vítima;690;BR-262/MG;Leste;Colisão Traseira;2;2;;;;;1
29/09/2019;14:12:00;399;sem vítima;667,2;BR-153/GO;Norte;Colisão Lateral;1;2;;;;;1
30/09/2019;06:18:00;62;sem vítima;402;BR-262/MG;Leste;"Choque - Defensa, barreira ou ""submarino""";1;1;;;;;1
30/09/2019;08:01:00;116;sem vítima;106;BR-153/MG;Norte;Colisão Lateral;1;2;;;;;1
30/09/2019;08:05:00;121;ac01 - Acidente com Vítima Fatal;779;BR-262/MG;Leste;Tombamento;1;0;1;;;1;3
30/09/2019;20:09:00;476;ac02 - Acidente com Vítima;608;BR-262/MG;Leste;Carreta deu L;1;0;1;;;;1
01/12/2019;07:21:00;71;sem vítima;528;BR-262/MG;Leste;Choque - Outros;1;2;;;;;1
01/12/2019;15:21:00;278;sem vítima;407;BR-262/MG;Leste;Choque - Elemento de Drenagem;1;1;;;;;1
02/12/2019;04:52:00;54;sem vítima;590;BR-153/GO;Sul;Saida de Pista;1;1;;;;;1
02/12/2019;06:03:00;67;sem vítima;516;BR-153/GO;Norte;Colisão Traseira;2;2;;;;;1
02/12/2019;10:14:00;215;sem vítima;509;BR-153/GO;Sul;Engavetamento;2;7;;;;;1
02/12/2019;11:45:00;296;ac02 - Acidente com Vítima;509;BR-153/GO;Sul;Colisão Traseira;1;1;1;;;;1
02/12/2019;13:43:00;361;sem vítima;372;BR-262/MG;Leste;Colisão Transversal;1;2;;;;;1
02/12/2019;16:34:00;458;sem vítima;636;BR-262/MG;Oeste;Saida de Pista;1;1;;;;;1
02/12/2019;18:33:00;525;sem vítima;408;BR-262/MG;Oeste;Saida de Pista;1;1;;;;;1
02/12/2019;22:53:00;635;sem vítima;363;BR-262/MG;Oeste;Saida de Pista;1;1;;;;;1
03/12/2019;00:43:00;12;sem vítima;21;BR-153/MG;Norte;Tombamento;1;1;;;;;1
03/12/2019;06:54:00;74;sem vítima;577;BR-262/MG;Leste;Colisão Traseira;2;3;;;;;1
03/12/2019;07:38:00;93;sem vítima;97;BR-060/GO;Norte;Colisão Lateral;1;2;;;;;1
03/12/2019;12:18:00;366;sem vítima;479;BR-262/MG;Leste;Colisão Traseira;2;2;;;;;1
03/12/2019;15:19:00;464;sem vítima;469;BR-262/MG;Oeste;Choque - Elemento de Drenagem;1;1;;;;;1
03/12/2019;16:45:00;515;sem vítima;493;BR-262/MG;Oeste;Colisão Lateral;2;2;;;;;1
04/12/2019;06:51:00;86;sem vítima;20;BR-153/MG;Norte;Atropelamento de Animal;1;1;;;;;1
04/12/2019;11:34:00;261;sem vítima;387;BR-262/MG;Leste;Colisão Traseira;1;2;;;;;1
04/12/2019;14:56:00;350;sem vítima;195;BR-153/MG;Norte;Choque - Barreira;1;1;;;;;1
04/12/2019;16:49:00;404;sem vítima;135;BR-060/GO;Sul;;1;1;;;;;1
04/12/2019;21:23:00;532;ac01 - Acidente com Vítima Fatal;610;BR-153/GO;Sul;Atropelamento - Morador;1;1;;;;1;3
05/12/2019;00:24:00;6;ac02 - Acidente com Vítima;40,9;BR-060/GO;Sul;;1;0;;1;;;2
05/12/2019;07:47:00;104;ac01 - Acidente com Vítima Fatal;851;BR-262/MG;Leste;Tombamento;1;0;;;;1;3
05/12/2019;11:23:00;242;sem vítima;579;BR-262/MG;Oeste;Colisão Lateral;2;2;;;;;1
05/12/2019;13:01:00;297;ac02 - Acidente com Vítima;519;BR-262/MG;Oeste;Tombamento;1;1;1;;;;1
05/12/2019;13:03:00;298;sem vítima;515;BR-153/GO;Norte;Colisão Traseira;1;2;;;;;1
05/12/2019;15:47:00;376;sem vítima;134;BR-060/GO;Sul;Engavetamento;1;3;;;;;1
05/12/2019;20:01:00;508;sem vítima;503;BR-262/MG;Leste;Engavetamento;1;3;;;;;1
05/12/2019;20:27:00;516;ac02 - Acidente com Vítima;519;BR-262/MG;Oeste;Colisão Transversal;1;2;1;;;;1
05/12/2019;20:38:00;521;ac02 - Acidente com Vítima;363;BR-262/MG;Oeste;Colisão Traseira;1;2;1;;;;1
06/12/2019;17:01:00;533;sem vítima;480;BR-262/MG;Leste;Colisão Traseira;1;2;;;;;1
07/12/2019;01:50:00;31;ac02 - Acidente com Vítima;477;BR-262/MG;Oeste;Colisão Lateral;1;1;1;;;;1
07/12/2019;10:08:00;236;sem vítima;594;BR-262/MG;Oeste;Tombamento;1;1;;;;;1
08/12/2019;15:23:00;393;sem vítima;127;BR-060/GO;Sul;Saida de Pista;1;1;;;;;1
08/12/2019;19:40:00;514;ac02 - Acidente com Vítima;523,1;BR-262/MG;Leste;Atropelamento - Andarilho;1;1;;;1;;2
09/12/2019;00:14:00;1;sem vítima;3,5;BR-060/GO;Norte;Colisão Traseira;1;2;;;;;1
09/12/2019;08:44:00;174;sem vítima;502;BR-153/GO;Norte;Colisão Transversal;1;2;;;;;1
09/12/2019;09:08:00;196;ac02 - Acidente com Vítima;64;BR-153/MG;Norte;Capotamento;1;0;1;;;;1
09/12/2019;12:15:00;298;sem vítima;10,4;BR-153/MG;Norte;Choque - Elemento de Drenagem;1;3;;;;;1
09/12/2019;15:45:00;386;ac02 - Acidente com Vítima;168;BR-153/MG;Norte;Colisão Frontal;2;1;;1;;;2
09/12/2019;18:58:00;454;sem vítima;456;BR-262/MG;Leste;Colisão Traseira;1;2;;;;;1
09/12/2019;22:25:00;521;sem vítima;600;BR-153/GO;Sul;Colisão Traseira;2;2;;;;;1
09/12/2019;23:35:00;539;sem vítima;479,7;BR-262/MG;Oeste;Choque - Elemento de Drenagem;1;1;;;;;1
10/12/2019;05:18:00;51;ac02 - Acidente com Vítima;114;BR-153/MG;Sul;Tombamento;1;0;;1;;;2