data;horario;n_da_ocorrencia;tipo_de_ocorrencia;km;trecho;sentido;tipo_de_acidente;caminhao;ilesos;levemente_feridos;moderadamente_feridos;gravemente_feridos;mortos;3
03/10/2019;06:49:00;94;ac02 - Acidente com Vítima;11;BR-060/DF;Norte;Colisão Transversal;1;5;1;;;;1
03/10/2019;07:04:00;99;sem vítima;565;BR-153/GO;Norte;Saida de Pista;1;1;;;;;1
03/10/2019;07:53:00;123;ac02 - Acidente com Vítima;245;BR-153/MG;Sul;Colisão Lateral;1;1;1;;;;1
03/10/2019;21:44:00;544;ac02 - Acidente com Vítima;699;BR-153/GO;Sul;Tombamento;1;0;1;;;;1
03/10/2019;22:12:00;553;sem vítima;390;BR-262/MG;Oeste;Saida de Pista;1;1;;;;;1
04/10/2019;06:24:00;70;sem vítima;747;BR-262/MG;Leste;Colisão Traseira;1;4;;;;;1
04/10/2019;17:25:00;437;ac02 - Acidente com Vítima;473;BR-262/MG;Oeste;Colisão Traseira;1;4;1;;;;1
04/10/2019;17:31:00;439;sem vítima;96;BR-060/GO;Norte;Colisão Traseira;1;4;;;;;1
04/10/2019;19:22:00;496;sem vítima;497;BR-153/GO;Sul;Colisão Lateral;1;2;;;;;1
04/10/2019;23:13:00;618;ac02 - Acidente com Vítima;620;BR-262/MG;Leste;Colisão Transversal;2;1;1;;;;1
04/10/2019;23:30:00;624;sem vítima;670;BR-153/GO;Sul;Colisão Traseira;2;2;;;;;1
05/10/2019;14:24:00;344;ac01 - Acidente com Vítima Fatal;773;BR-262/MG;Oeste;Colisão Transversal;1;0;1;;;1;3
05/10/2019;17:15:00;417;sem vítima;431;BR-262/MG;Leste;Tombamento;1;1;;;;;1
06/10/2019;15:49:00;370;sem vítima;137;BR-153/MG;Norte;Colisão Lateral;2;2;;;;;1
07/10/2019;08:26:00;155;sem vítima;503;BR-153/GO;Sul;Engavetamento;1;3;;;;;1
07/10/2019;13:21:00;364;sem vítima;901;BR-262/MG;Leste;"Choque - Defensa, barreira ou ""submarino""";1;1;;;;;1
07/10/2019;14:26:00;394;sem vítima;610;BR-262/MG;Leste;Colisão Traseira;1;2;;;;;1
07/10/2019;15:42:00;430;sem vítima;29,1;BR-060/GO;Norte;Colisão Traseira;1;5;;;;;1
07/10/2019;16:27:00;453;sem vítima;128,5;BR-060/GO;Sul;Colisão Lateral;2;2;;;;;1
07/10/2019;18:18:00;493;ac02 - Acidente com Vítima;68;BR-060/GO;Sul;Colisão Traseira;1;1;1;1;;;2
07/10/2019;18:56:00;510;ac02 - Acidente com Vítima;98;BR-060/GO;Sul;Choque - Veiculo parado na pista;1;1;1;;;;1
07/10/2019;20:17:00;555;ac02 - Acidente com Vítima;119;BR-060/GO;Sul;Colisão Traseira;2;1;1;;;;1
07/10/2019;22:56:00;604;sem vítima;424;BR-262/MG;Oeste;"Choque - Defensa, barreira ou ""submarino""";1;1;;;;;1
07/10/2019;23:14:00;608;sem vítima;386;BR-262/MG;Oeste;Colisão Traseira;2;2;;;;;1
08/10/2019;03:47:00;35;sem vítima;557;BR-153/GO;Norte;Choque - Elemento de Drenagem;1;1;;;;;1
08/10/2019;05:32:00;49;sem vítima;362,7;BR-262/MG;Oeste;Tombamento;1;2;;;;;1
08/10/2019;07:06:00;73;sem vítima;27;BR-060/GO;Norte;Choque - Veiculo parado na pista;1;3;;;;;1
08/10/2019;08:09:00;107;ac02 - Acidente com Vítima;502;BR-153/GO;Sul;Colisão Lateral;2;5;;1;;;2
08/10/2019;23:37:00;509;sem vítima;580;BR-262/MG;Leste;Saida de Pista;1;2;;;;;1
09/10/2019;05:30:00;49;ac02 - Acidente com Vítima;24,5;BR-060/GO;Sul;Colisão Frontal;1;0;2;;;;1
09/10/2019;19:51:00;508;sem vítima;479,5;BR-262/MG;Oeste;Choque - Elemento de Drenagem;1;1;;;;;1
09/10/2019;23:09:00;577;sem vítima;594;BR-262/MG;Leste;Saida de Pista;1;1;;;;;1
09/10/2019;23:13:00;578;sem vítima;594;BR-262/MG;Leste;Colisão Traseira;2;2;;;;;1
10/10/2019;02:07:00;26;sem vítima;69,5;BR-153/MG;Norte;Colisão Lateral;2;2;;;;;1
10/10/2019;06:18:00;63;sem vítima;364;BR-262/MG;Leste;Colisão Traseira;1;2;;;;;1
10/10/2019;07:36:00;102;sem vítima;512,9;BR-153/GO;Norte;Colisão Lateral;2;2;;;;;1
10/10/2019;14:59:00;349;sem vítima;430,3;BR-262/MG;Oeste;Colisão Traseira;2;3;;;;;1
10/10/2019;15:03:00;353;sem vítima;612;BR-262/MG;Oeste;Engavetamento;3;3;;;;;1
10/10/2019;16:04:00;381;sem vítima;19,7;BR-060/GO;Sul;Colisão Traseira;1;2;;;;;1
10/10/2019;17:59:00;432;ac02 - Acidente com Vítima;594;BR-262/MG;Oeste;Colisão Traseira;2;1;1;;;;1
10/10/2019;20:25:00;492;sem vítima;800;BR-262/MG;Leste;Capotamento;1;2;;;;;1
10/10/2019;21:02:00;511;sem vítima;685;BR-153/GO;Sul;Tombamento;1;1;;;;;1
11/10/2019;03:48:00;49;ac02 - Acidente com Vítima;488;BR-262/MG;Leste;Capotamento;1;0;1;;;;1
11/10/2019;05:25:00;51;sem vítima;603;BR-262/MG;Oeste;Capotamento;1;4;;;;;1
11/10/2019;06:57:00;63;sem vítima;30,5;BR-153/MG;Sul;Tombamento;1;1;;;;;1
11/10/2019;07:04:00;68;sem vítima;362;BR-262/MG;Leste;Colisão Traseira;2;2;;;;;1
11/10/2019;13:13:00;276;sem vítima;509;BR-153/GO;Sul;Colisão Traseira;1;2;;;;;1
12/10/2019;02:13:00;22;ac02 - Acidente com Vítima;46,921;BR-060/GO;Norte;Tombamento;1;0;1;;;;1
13/10/2019;09:54:00;148;sem vítima;398,295;BR-262/MG;Oeste;Tombamento;1;1;;;;;1
14/10/2019;14:39:00;391;sem vítima;500;BR-153/GO;Sul;Engavetamento;1;3;;;;;1
14/10/2019;15:21:00;414;ac02 - Acidente com Vítima;621;BR-262/MG;Leste;Tombamento;1;0;1;;;;1
14/10/2019;19:24:00;544;sem vítima;664,2;BR-262/MG;Leste;Colisão Traseira;2;2;;;;;1
14/10/2019;20:27:00;575;sem vítima;110,135;BR-060/GO;Sul;Saida de Pista;1;5;;;;;1
15/10/2019;08:35:00;193;sem vítima;614,5;BR-153/GO;Norte;Tombamento;1;1;;;;;1
15/10/2019;09:14:00;226;sem vítima;676;BR-262/MG;Oeste;Colisão Traseira;1;2;;;;;1
15/10/2019;11:26:00;319;ac02 - Acidente com Vítima;376;BR-262/MG;Oeste;Capotamento;1;0;1;;;;1
15/10/2019;15:08:00;460;ac02 - Acidente com Vítima;827,4;BR-262/MG;Oeste;Saida de Pista;1;0;1;;;;1
15/10/2019;15:19:00;467;sem vítima;362;BR-262/MG;Oeste;Colisão Traseira;1;2;;;;;1
15/10/2019;22:56:00;675;sem vítima;912;BR-262/MG;Oeste;"Choque - Defensa, barreira ou ""submarino""";1;1;;;;;1
16/10/2019;09:05:00;176;ac02 - Acidente com Vítima;11;BR-060/DF;Sul;Colisão Lateral;1;4;1;;;;1
16/10/2019;10:09:00;230;ac01 - Acidente com Vítima Fatal;747,75;BR-262/MG;Oeste;Engavetamento;4;11;;;1;1;3
17/10/2019;17:21:00;422;sem vítima;503;BR-153/GO;Sul;Colisão Traseira;2;3;;;;;1
17/10/2019;20:50:00;509;sem vítima;467;BR-262/MG;Leste;Colisão Lateral;3;3;;;;;1
18/10/2019;00:52:00;21;sem vítima;21,5;BR-060/GO;Sul;"Choque - Defensa, barreira ou ""submarino""";1;1;;;;;1
18/10/2019;14:26:00;407;sem vítima;426;BR-262/MG;Leste;Colisão Traseira;1;2;;;;;1
18/10/2019;15:45:00;446;sem vítima;128;BR-060/GO;Sul;Tombamento;1;1;;;;;1
18/10/2019;15:47:00;447;ac02 - Acidente com Vítima;196;BR-153/MG;Norte;Colisão Traseira;1;2;3;;;;1
18/10/2019;17:03:00;488;sem vítima;600;BR-262/MG;Leste;Choque - Veiculo parado na pista;1;2;;;;;1
18/10/2019;19:11:00;557;ac02 - Acidente com Vítima;687,5;BR-262/MG;Oeste;Tombamento;1;0;1;;;;1
19/10/2019;07:41:00;143;ac02 - Acidente com Vítima;639;BR-262/MG;Oeste;Capotamento;1;0;1;;;;1
19/10/2019;08:01:00;155;sem vítima;553,05;BR-262/MG;Leste;Tombamento;1;1;;;;;1
19/10/2019;10:20:00;264;sem vítima;551;BR-153/GO;Norte;Colisão Traseira;1;3;;;;;1
19/10/2019;13:32:00;394;sem vítima;631,3;BR-153/GO;Sul;Colisão Traseira;1;2;;;;;1
19/10/2019;17:36:00;509;sem vítima;635;BR-262/MG;Leste;Engavetamento;2;3;;;;;1
20/10/2019;18:58:00;456;sem vítima;681;BR-153/GO;Sul;Colisão Traseira;2;2;;;;;1
21/10/2019;03:05:00;38;sem vítima;798;BR-262/MG;Oeste;Tombamento;1;1;;;;;1
21/10/2019;13:47:00;296;sem vítima;416;BR-262/MG;Leste;Tombamento;1;1;;;;;1
21/10/2019;15:35:00;344;ac02 - Acidente com Vítima;554;BR-262/MG;Leste;Tombamento;1;3;1;;;;1
21/10/2019;20:40:00;496;sem vítima;447;BR-262/MG;Leste;Colisão Lateral;1;3;;;;;1
21/10/2019;22:59:00;554;sem vítima;548;BR-262/MG;Leste;Choque - Talude;1;2;;;;;1
22/10/2019;05:45:00;103;sem vítima;132,864;BR-153/MG;Norte;Choque - Elemento de Drenagem;1;1;;;;;1
22/10/2019;07:28:00;147;sem vítima;82,5;BR-153/MG;Norte;Colisão Traseira;2;2;;;;;1
22/10/2019;08:04:00;172;sem vítima;506,3;BR-153/GO;Norte;Colisão Lateral;1;2;;;;;1
22/10/2019;14:53:00;355;sem vítima;33;BR-153/MG;Norte;Tombamento;1;1;;;;;1
22/10/2019;17:54:00;432;sem vítima;108,9;BR-060/GO;Norte;Colisão Traseira;1;3;;;;;1
22/10/2019;18:09:00;439;ac02 - Acidente com Vítima;359,7;BR-262/MG;Leste;Colisão Traseira;1;1;;1;;;2
22/10/2019;20:29:00;496;sem vítima;382,908;BR-262/MG;Leste;Colisão Traseira;1;2;;;;;1
23/10/2019;09:22:00;196;ac01 - Acidente com Vítima Fatal;142,48;BR-153/MG;Norte;Engavetamento;2;0;1;;1;2;3
23/10/2019;09:26:00;197;sem vítima;543;BR-262/MG;Leste;Tombamento;1;1;;;;;1
23/10/2019;13:55:00;329;sem vítima;30;BR-060/DF;Norte;Atropelamento - Andarilho;1;2;;;;;1
23/10/2019;15:07:00;353;sem vítima;79;BR-060/GO;Sul;"Choque - Defensa, barreira ou ""submarino""";1;1;;;;;1
23/10/2019;15:50:00;373;sem vítima;491;BR-153/GO;Sul;Colisão Traseira;1;3;;;;;1
23/10/2019;20:03:00;497;sem vítima;119;BR-060/GO;Sul;Saida de Pista;1;1;;;;;1
24/10/2019;01:41:00;25;sem vítima;611;BR-262/MG;Oeste;Saida de Pista;1;1;;;;;1
24/10/2019;15:19:00;387;sem vítima;367;BR-262/MG;Oeste;Colisão Traseira;1;2;;;;;1
24/10/2019;15:24:00;391;sem vítima;513;BR-153/GO;Norte;Tombamento;1;1;;;;;1
24/10/2019;23:50:00;631;sem vítima;900;BR-262/MG;Oeste;Saida de Pista;1;1;;;;;1
25/10/2019;05:40:00;68;sem vítima;12;BR-153/MG;Norte;Colisão Traseira;2;2;;;;;1
25/10/2019;10:54:00;246;sem vítima;499;BR-153/GO;Sul;Colisão Traseira;1;2;;;;;1
25/10/2019;20:28:00;509;ac02 - Acidente com Vítima;39,973;BR-153/MG;Norte;Engavetamento;3;0;3;;;;1
25/10/2019;21:52:00;534;ac02 - Acidente com Vítima;520,154;BR-153/GO;Norte;Tombamento;1;0;;1;;;2
26/10/2019;07:42:00;130;sem vítima;509;BR-153/GO;Sul;Colisão Lateral;1;2;;;;;1
26/10/2019;09:23:00;186;sem vítima;94;BR-153/MG;Sul;Saida de Pista;1;1;;;;;1
26/10/2019;18:22:00;434;sem vítima;610;BR-262/MG;Leste;Carreta deu L;1;1;;;;;1
26/10/2019;18:35:00;441;ac02 - Acidente com Vítima;604,8;BR-262/MG;Leste;Tombamento;1;0;1;;;;1
26/10/2019;19:02:00;449;ac02 - Acidente com Vítima;519;BR-262/MG;Leste;Colisão Traseira;1;1;;1;;;2
26/10/2019;19:18:00;459;sem vítima;593;BR-262/MG;Leste;Saida de Pista;1;1;;;;;1
27/10/2019;19:05:00;429;sem vítima;473;BR-262/MG;Leste;Saida de Pista;1;7;;;;;1
27/10/2019;21:55:00;484;sem vítima;498;BR-153/GO;Norte;Colisão Lateral;2;4;;;;;1
28/10/2019;04:20:00;44;ac02 - Acidente com Vítima;632;BR-262/MG;Leste;Colisão Frontal;1;0;1;;1;;2
28/10/2019;08:29:00;138;sem vítima;398;BR-262/MG;Oeste;Colisão Transversal;1;2;;;;;1
28/10/2019;08:49:00;153;sem vítima;458;BR-262/MG;Leste;Colisão Lateral;1;2;;;;;1
28/10/2019;13:40:00;359;ac02 - Acidente com Vítima;0;BR-060/DF;Norte;Colisão Frontal;1;1;1;;;;1
28/10/2019;14:07:00;370;sem vítima;659,85;BR-262/MG;Oeste;Tombamento;1;1;;;;;1
28/10/2019;18:24:00;521;sem vítima;496;BR-153/GO;Sul;Choque - Veiculo parado na pista;1;3;;;;;1
29/10/2019;06:39:00;62;sem vítima;389;BR-262/MG;Leste;Colisão Traseira;2;2;;;;;1
29/10/2019;09:22:00;215;ac02 - Acidente com Vítima;503,1;BR-153/GO;Sul;Engavetamento;2;5;1;1;;;2
29/10/2019;12:15:00;336;sem vítima;592;BR-153/GO;Norte;Choque - Elemento de Drenagem;1;1;;;;;1
29/10/2019;12:16:00;338;sem vítima;424,8;BR-262/MG;Oeste;Tombamento;1;1;;;;;1
29/10/2019;19:35:00;553;ac02 - Acidente com Vítima;404;BR-262/MG;Leste;Colisão Traseira;1;2;1;;;;1
29/10/2019;19:35:00;554;ac02 - Acidente com Vítima;92;BR-060/GO;Sul;Colisão Traseira;2;1;1;;;;1
29/10/2019;21:51:00;604;sem vítima;610;BR-262/MG;Oeste;Tombamento;1;1;;;;;1
29/10/2019;22:46:00;619;ac01 - Acidente com Vítima Fatal;17,684;BR-153/MG;Sul;Atropelamento - Morador;1;1;;;;1;3
29/10/2019;23:17:00;630;sem vítima;395;BR-262/MG;Oeste;Tombamento;1;1;;;;;1
30/10/2019;10:10:00;239;ac02 - Acidente com Vítima;73;BR-060/GO;Norte;Capotamento;1;1;1;;;;1
30/10/2019;20:42:00;507;sem vítima;609;BR-153/GO;Norte;Choque - Talude;1;1;;;;;1
31/10/2019;10:14:00;232;sem vítima;396;BR-262/MG;Oeste;Saida de Pista;1;3;;;;;1
31/10/2019;11:55:00;309;sem vítima;490;BR-153/GO;Sul;Colisão Lateral;1;2;;;;;1
31/10/2019;17:26:00;516;ac02 - Acidente com Vítima;528;BR-262/MG;Oeste;Engavetamento;1;4;;1;;;2
31/10/2019;17:38:00;525;sem vítima;509;BR-153/GO;Norte;Engavetamento;1;4;;;;;1
31/10/2019;19:08:00;566;sem vítima;69;BR-060/GO;Norte;Choque - Veiculo parado na pista;1;2;;;;;1
31/10/2019;21:47:00;634;ac02 - Acidente com Vítima;466;BR-262/MG;Leste;Tombamento;1;0;2;;;;1
31/10/2019;22:03:00;641;sem vítima;566;BR-153/GO;Sul;Saida de Pista;1;1;;;;;1
01/03/2020;17:50:00;314;ac02 - Acidente com Vítima;586,104;BR-153/GO;Norte;Colisão Traseira;1;2;1;;;;1
01/03/2020;19:39:00;370;sem vítima;627;BR-262/MG;Oeste;Saida de Pista;1;1;;;;;1
02/03/2020;07:51:00;136;sem vítima;426,5;BR-262/MG;Oeste;Saida de Pista;1;1;;;;;1
02/03/2020;08:46:00;164;sem vítima;554,3;BR-262/MG;Leste;Choque - Talude;1;1;;;;;1
02/03/2020;09:14:00;177;sem vítima;626,6;BR-262/MG;Oeste;Tombamento;1;1;;;;;1
02/03/2020;16:17:00;366;sem vítima;380,6;BR-262/MG;Oeste;Saida de Pista;1;1;;;;;1
02/03/2020;16:51:00;386;sem vítima;95;BR-060/GO;Norte;Colisão Traseira;1;10;;;;;1
02/03/2020;17:41:00;399;ac02 - Acidente com Vítima;573;BR-262/MG;Oeste;Colisão Lateral;1;1;1;;;;1
03/03/2020;05:50:00;91;sem vítima;123,8;BR-060/GO;Sul;Choque - Arvore;1;1;;;;;1
03/03/2020;08:56:00;199;sem vítima;630;BR-262/MG;Oeste;Saida de Pista;1;1;;;;;1
03/03/2020;14:40:00;546;sem vítima;0,9;BR-153/MG;Sul;Choque- Poste/Equipamento;1;1;;;;;1
03/03/2020;19:22:00;724;sem vítima;697;BR-262/MG;Leste;Colisão Traseira;1;2;;;;;1
03/03/2020;23:07:00;812;ac02 - Acidente com Vítima;562;BR-262/MG;Leste;Saida de Pista;1;0;1;;;;1
04/03/2020;04:57:00;76;sem vítima;833;BR-262/MG;Oeste;Atropelamento de Animal;1;1;;;;;1
04/03/2020;13:36:00;410;ac01 - Acidente com Vítima Fatal;622,735;BR-153/GO;Sul;Capotamento;1;0;;;;1;3
04/03/2020;16:40:00;514;sem vítima;508;BR-153/GO;Norte;Colisão Traseira;1;2;;;;;1
05/03/2020;04:19:00;65;sem vítima;486;BR-262/MG;Leste;Tombamento;1;1;;;;;1
05/03/2020;04:30:00;69;ac02 - Acidente com Vítima;416,15;BR-262/MG;Oeste;Saida de Pista;1;0;1;;;;1
05/03/2020;07:01:00;103;sem vítima;524,125;BR-262/MG;Leste;Colisão Traseira;2;2;;;;;1
05/03/2020;13:44:00;359;sem vítima;547;BR-262/MG;Leste;Choque - Barreira;1;1;;;;;1
05/03/2020;14:39:00;383;sem vítima;535;BR-262/MG;Leste;Saida de Pista;1;1;;;;;1
05/03/2020;17:06:00;438;sem vítima;69,7;BR-153/MG;Sul;Tombamento;1;1;;;;;1
05/03/2020;19:08:00;497;sem vítima;534,29;BR-153/GO;Sul;Carreta deu L;1;1;;;;;1
05/03/2020;19:49:00;520;ac02 - Acidente com Vítima;155;BR-153/MG;Norte;Colisão Traseira;2;1;2;;;;1
05/03/2020;23:32:00;579;sem vítima;2,967;BR-060/GO;Norte;Colisão Traseira;2;2;;;;;1
06/03/2020;04:56:00;80;ac02 - Acidente com Vítima;764,25;BR-262/MG;Oeste;Tombamento;1;0;1;;;;1
06/03/2020;07:52:00;136;sem vítima;134;BR-153/MG;Norte;Engavetamento;3;3;;;;;1
06/03/2020;08:09:00;143;sem vítima;502;BR-153/GO;Norte;Colisão Traseira;1;3;;;;;1
06/03/2020;08:49:00;166;sem vítima;501;BR-153/GO;Norte;Engavetamento;2;3;;;;;1
06/03/2020;16:49:00;403;sem vítima;506;BR-153/GO;Sul;Carreta deu L;1;1;;;;;1
06/03/2020;18:07:00;439;sem vítima;104,353;BR-060/GO;Norte;Saida de Pista;1;1;;;;;1
06/03/2020;18:53:00;473;sem vítima;504,275;BR-153/GO;Norte;Colisão Traseira;1;2;;;;;1
07/03/2020;16:19:00;405;sem vítima;115;BR-060/GO;Norte;Colisão Lateral;1;3;;;;;1
07/03/2020;17:41:00;447;sem vítima;135,5;BR-153/MG;Sul;Colisão Lateral;2;2;;;;;1
07/03/2020;22:59:00;577;ac01 - Acidente com Vítima Fatal;696;BR-262/MG;Leste;Colisão Frontal;1;0;1;;;1;3
08/03/2020;05:56:00;71;ac02 - Acidente com Vítima;654,179;BR-153/GO;Sul;Tombamento;1;0;1;;;;1
09/03/2020;00:12:00;7;ac02 - Acidente com Vítima;679;BR-262/MG;Oeste;Tombamento;1;0;1;;;;1
09/03/2020;01:12:00;18;sem vítima;6,4;BR-153/MG;Norte;Tombamento;1;1;;;;;1
09/03/2020;07:36:00;89;sem vítima;369;BR-262/MG;Oeste;Tombamento;1;1;;;;;1
09/03/2020;10:36:00;236;sem vítima;490;BR-153/GO;Sul;Colisão Lateral;1;2;;;;;1
09/03/2020;18:54:00;492;sem vítima;94,181;BR-153/MG;Norte;Tombamento;1;1;;;;;1
09/03/2020;19:14:00;507;sem vítima;496;BR-153/GO;Sul;Colisão Traseira;1;2;;;;;1
10/03/2020;07:20:00;116;sem vítima;66,4;BR-060/GO;Norte;Colisão Traseira;1;2;;;;;1
10/03/2020;16:14:00;337;sem vítima;0,05;BR-153/MG;Norte;Colisão Transversal;1;2;;;;;1
10/03/2020;18:38:00;403;ac02 - Acidente com Vítima;148,5;BR-153/MG;Norte;Tombamento;1;0;1;;;;1
11/03/2020;06:22:00;80;ac02 - Acidente com Vítima;364,2;BR-262/MG;Leste;Colisão Traseira;1;1;1;;;;1
11/03/2020;19:44:00;623;sem vítima;118;BR-060/GO;Norte;Colisão Lateral;2;2;;;;;1
12/03/2020;06:28:00;80;ac02 - Acidente com Vítima;16,683;BR-060/GO;Norte;Colisão Lateral;1;1;1;;;;1
12/03/2020;08:41:00;192;sem vítima;561,3;BR-262/MG;Leste;Tombamento;1;1;;;;;1
13/03/2020;14:25:00;315;ac02 - Acidente com Vítima;12,935;BR-060/GO;Sul;Tombamento;1;0;1;;;;1
13/03/2020;14:52:00;332;sem vítima;541,118;BR-153/GO;Sul;Choque - Barreira;1;1;;;;;1
13/03/2020;16:41:00;393;sem vítima;46;BR-153/MG;Norte;Tombamento;1;2;;;;;1
13/03/2020;18:40:00;441;sem vítima;411;BR-262/MG;Oeste;Tombamento;1;3;;;;;1
13/03/2020;19:58:00;468;sem vítima;499,9;BR-153/GO;Sul;Carreta deu L;1;1;;;;;1
14/03/2020;09:57:00;178;sem vítima;496,161;BR-153/GO;Sul;Colisão Lateral;1;2;;;;;1
14/03/2020;17:45:00;383;sem vítima;47,1;BR-153/MG;Sul;Colisão Traseira;2;2;;;;;1
15/03/2020;14:31:00;300;sem vítima;370;BR-262/MG;Leste;Colisão Traseira;1;2;;;;;1
15/03/2020;15:42:00;327;sem vítima;103;BR-153/MG;Sul;Colisão Traseira;2;2;;;;;1
16/03/2020;04:54:00;66;sem vítima;522,579;BR-153/GO;Norte;Choque - Elemento de Drenagem;1;1;;;;;1
16/03/2020;05:26:00;70;ac02 - Acidente com Vítima;113,614;BR-060/GO;Norte;Colisão Traseira;1;3;;;1;;2
16/03/2020;14:38:00;357;sem vítima;669;BR-262/MG;Oeste;Tombamento;1;1;;;;;1
16/03/2020;16:52:00;419;ac02 - Acidente com Vítima;611;BR-262/MG;Oeste;Colisão Frontal;2;0;2;;;;1
17/03/2020;00:48:00;12;sem vítima;588,4;BR-153/GO;Norte;Choque - Defensa;1;1;;;;;1
17/03/2020;07:18:00;88;ac02 - Acidente com Vítima;459,455;BR-262/MG;Oeste;Colisão Traseira;1;3;1;2;;;2
17/03/2020;13:26:00;274;sem vítima;582,2;BR-262/MG;Oeste;Saida de Pista;1;1;;;;;1
17/03/2020;20:04:00;430;sem vítima;69;BR-060/GO;Norte;Tombamento;1;1;;;;;1
17/03/2020;21:24:00;458;sem vítima;711;BR-262/MG;Oeste;Atropelamento de Animal;1;1;;;;;1
17/03/2020;22:41:00;474;sem vítima;4,96;BR-153/MG;Sul;Colisão Traseira;2;2;;;;;1
18/03/2020;04:26:00;48;ac02 - Acidente com Vítima;407;BR-262/MG;Leste;Colisão Traseira;3;2;1;;;;1
18/03/2020;08:10:00;122;sem vítima;628,5;BR-153/GO;Norte;Colisão Traseira;2;2;;;;;1
18/03/2020;11:36:00;224;sem vítima;145,51;BR-153/MG;Norte;Engavetamento;2;9;;;;;1
18/03/2020;11:50:00;231;sem vítima;783;BR-262/MG;Oeste;Colisão Traseira;2;2;;;;;1
18/03/2020;15:36:00;332;sem vítima;96,289;BR-060/GO;Sul;Colisão Traseira;1;5;;;;;1
18/03/2020;16:50:00;360;sem vítima;97,499;BR-060/GO;Sul;Colisão Lateral;1;6;;;;;1
18/03/2020;20:47:00;446;ac01 - Acidente com Vítima Fatal;368;BR-262/MG;Oeste;Atropelamento - Morador;1;1;;;;1;3
19/03/2020;05:49:00;50;sem vítima;507,938;BR-153/GO;Norte;Colisão Traseira;1;4;;;;;1
19/03/2020;07:38:00;100;sem vítima;66;BR-153/MG;Norte;Colisão Traseira;2;2;;;;;1
19/03/2020;11:23:00;229;ac02 - Acidente com Vítima;546;BR-262/MG;Leste;Tombamento;1;2;1;;;;1
19/03/2020;14:27:00;319;ac01 - Acidente com Vítima Fatal;195;BR-153/MG;Sul;Choque - Objeto não identificado;1;1;;;;1;3
19/03/2020;15:27:00;346;sem vítima;123;BR-060/GO;Norte;Tombamento;1;1;;;;;1
19/03/2020;16:57:00;373;sem vítima;507;BR-153/GO;Sul;Colisão Transversal;1;4;;;;;1
19/03/2020;17:21:00;382;ac02 - Acidente com Vítima;104;BR-060/GO;Sul;Colisão Lateral;1;1;;1;;;2
20/03/2020;00:02:00;1;ac01 - Acidente com Vítima Fatal;244,4;BR-153/MG;Norte;Colisão Frontal;1;1;;;;1;3
20/03/2020;01:35:00;28;sem vítima;503,837;BR-153/GO;Norte;Tombamento;1;1;;;;;1
20/03/2020;06:17:00;72;ac02 - Acidente com Vítima;490,8;BR-262/MG;Oeste;Colisão Lateral;2;1;1;;;;1
20/03/2020;13:43:00;305;sem vítima;435;BR-262/MG;Leste;Colisão Traseira;2;2;;;;;1
20/03/2020;14:50:00;321;sem vítima;549;BR-262/MG;Oeste;Tombamento;1;1;;;;;1
20/03/2020;17:17:00;377;ac01 - Acidente com Vítima Fatal;479;BR-262/MG;Leste;Colisão Frontal;1;1;;;;3;3
20/03/2020;20:37:00;465;sem vítima;18;BR-153/MG;Norte;Tombamento;1;1;;;;;1
20/03/2020;22:16:00;481;ac02 - Acidente com Vítima;611;BR-262/MG;Leste;Saida de Pista;1;0;1;;;;1
20/03/2020;22:47:00;487;sem vítima;39,5;BR-060/GO;Sul;Saida de Pista;1;1;;;;;1
20/03/2020;23:28:00;498;sem vítima;641,5;BR-153/GO;Norte;Colisão Traseira;2;2;;;;;1
21/03/2020;06:33:00;62;sem vítima;657,356;BR-153/GO;Sul;Saida de Pista;1;1;;;;;1
21/03/2020;08:55:00;103;sem vítima;574,473;BR-262/MG;Oeste;Colisão Transversal;1;3;;;;;1
21/03/2020;12:17:00;169;sem vítima;886,921;BR-262/MG;Leste;Tombamento;1;1;;;;;1
21/03/2020;13:15:00;181;sem vítima;722,23;BR-262/MG;Leste;Choque - Defensa;1;1;;;;;1
22/03/2020;08:31:00;107;sem vítima;587;BR-262/MG;Leste;Saida de Pista;1;1;;;;;1
22/03/2020;17:00:00;302;sem vítima;622;BR-262/MG;Oeste;Colisão Lateral;1;2;;;;;1
23/03/2020;06:58:00;83;sem vítima;573,5;BR-153/GO;Norte;Tombamento;1;1;;;;;1
23/03/2020;13:32:00;294;sem vítima;476,4;BR-262/MG;Leste;Colisão Traseira;1;2;;;;;1
24/03/2020;06:57:00;66;sem vítima;91;BR-060/GO;Norte;Colisão Traseira;2;2;;;;;1
26/03/2020;09:27:00;127;sem vítima;20;BR-060/GO;Norte;Tombamento;1;1;;;;;1
26/03/2020;11:58:00;201;sem vítima;499,27;BR-153/GO;Norte;Carreta deu L;1;1;;;;;1
26/03/2020;15:22:00;272;sem vítima;128,573;BR-060/GO;Sul;Choque - Elemento de Drenagem;1;2;;;;;1
26/03/2020;18:26:00;339;sem vítima;34,3;BR-153/MG;Norte;Saida de Pista;1;1;;;;;1
27/03/2020;08:20:00;78;sem vítima;385;BR-262/MG;Oeste;Tombamento;1;1;;;;;1
27/03/2020;09:06:00;105;sem vítima;63;BR-153/MG;Norte;Tombamento;1;1;;;;;1
27/03/2020;13:48:00;215;sem vítima;702;BR-153/GO;Sul;Colisão Traseira;1;2;;;;;1
27/03/2020;16:12:00;262;ac02 - Acidente com Vítima;570,338;BR-153/GO;Norte;Saida de Pista;1;0;1;;;;1
27/03/2020;19:13:00;315;ac02 - Acidente com Vítima;95;BR-060/GO;Sul;Colisão Transversal;1;1;1;;;;1
28/03/2020;16:20:00;276;ac02 - Acidente com Vítima;885,5;BR-262/MG;Oeste;Tombamento;1;0;1;;;;1
29/03/2020;16:28:00;194;sem vítima;780,5;BR-262/MG;Leste;Choque - Talude;1;1;;;;;1