data;horario;n_da_ocorrencia;tipo_de_ocorrencia;km;trecho;sentido;tipo_de_acidente;caminhao;ilesos;levemente_feridos;moderadamente_feridos;gravemente_feridos;mortos;3
30/03/2020;03:53:00;24;ac02 - Acidente com Vítima;240;BR-153/MG;Norte;Atropelamento de Animal;1;1;1;;;;1
30/03/2020;14:18:00;237;sem vítima;12,4;BR-060/GO;Norte;Colisão Traseira;1;2;;;;;1
30/03/2020;15:00:00;253;ac02 - Acidente com Vítima;655,663;BR-153/GO;Norte;Choque - Elemento de Drenagem;1;0;1;;;;1
30/03/2020;18:14:00;326;ac01 - Acidente com Vítima Fatal;476;BR-262/MG;Leste;Saida de Pista;2;1;;;;2;3
30/03/2020;20:01:00;356;ac02 - Acidente com Vítima;607;BR-262/MG;Leste;Colisão Frontal;2;1;1;;;;1
30/03/2020;22:24:00;386;sem vítima;577;BR-262/MG;Oeste;Saida de Pista;1;1;;;;;1
31/03/2020;09:21:00;153;sem vítima;615,487;BR-153/GO;Sul;Saida de Pista;1;1;;;;;1
31/03/2020;15:32:00;309;ac02 - Acidente com Vítima;547,2;BR-262/MG;Leste;Tombamento;1;0;1;;;;1
31/03/2020;19:39:00;389;ac02 - Acidente com Vítima;58;BR-153/MG;Norte;Colisão Traseira;2;2;;1;;;2
31/03/2020;21:57:00;422;sem vítima;494;BR-262/MG;Oeste;Colisão Traseira;2;2;;;;;1
31/03/2020;22:36:00;439;sem vítima;670;BR-153/GO;Norte;Carreta deu L;1;1;;;;;1
31/03/2020;23:32:00;450;sem vítima;104;BR-153/MG;Sul;Atropelamento de Animal;1;1;;;;;1
01/05/2020;19:38:00;396;sem vítima;14,818;BR-153/MG;Sul;Choque - Veiculo parado na pista;2;2;;;;;1
02/05/2020;08:37:00;73;sem vítima;497;BR-153/GO;Sul;Capotamento;1;2;;;;;1
02/05/2020;11:58:00;155;sem vítima;873;BR-262/MG;Leste;Tombamento;1;1;;;;;1
03/05/2020;15:41:00;228;sem vítima;580,3;BR-153/GO;Norte;Colisão Traseira;1;2;;;;;1
03/05/2020;16:36:00;261;sem vítima;418,811;BR-262/MG;Oeste;Tombamento;1;1;;;;;1
03/05/2020;21:55:00;386;ac02 - Acidente com Vítima;619,8;BR-153/GO;Sul;Colisão Traseira;2;1;1;;;;1
04/05/2020;13:50:00;249;sem vítima;131;BR-060/GO;Sul;Engavetamento;1;3;;;;;1
05/05/2020;01:21:00;15;ac01 - Acidente com Vítima Fatal;448,66;BR-262/MG;Leste;Colisão Frontal;1;3;1;;;1;3
05/05/2020;01:51:00;20;sem vítima;517;BR-262/MG;Oeste;Colisão Lateral;2;3;;;;;1
05/05/2020;09:15:00;122;sem vítima;362,85;BR-262/MG;Leste;Colisão Lateral;1;5;;;;;1
05/05/2020;13:50:00;237;sem vítima;488,85;BR-262/MG;Leste;Saida de Pista;1;1;;;;;1
05/05/2020;18:56:00;354;sem vítima;491;BR-153/GO;Norte;Colisão Traseira;1;2;;;;;1
05/05/2020;22:01:00;421;sem vítima;24,5;BR-153/MG;Sul;Colisão Traseira;2;2;;;;;1
06/05/2020;19:35:00;464;sem vítima;466,5;BR-262/MG;Oeste;Colisão Traseira;1;2;;;;;1
06/05/2020;23:41:00;543;sem vítima;595;BR-262/MG;Leste;Choque - Talude;1;1;;;;;1
07/05/2020;00:28:00;5;sem vítima;15;BR-153/MG;Sul;Tombamento;1;1;;;;;1
07/05/2020;04:41:00;33;sem vítima;135;BR-153/MG;Sul;Choque - Barreira;1;1;;;;;1
07/05/2020;09:11:00;144;ac02 - Acidente com Vítima;100;BR-060/GO;Norte;Colisão Traseira;1;3;1;;;;1
07/05/2020;15:16:00;310;sem vítima;197;BR-153/MG;Sul;Colisão Transversal;1;2;;;;;1
07/05/2020;18:45:00;388;sem vítima;43;BR-060/GO;Norte;Colisão Lateral;2;2;;;;;1
08/05/2020;06:20:00;51;sem vítima;31;BR-060/DF;Sul;Saida de Pista;1;1;;;;;1
08/05/2020;16:54:00;282;sem vítima;460;BR-262/MG;Oeste;Engavetamento;1;3;;;;;1
08/05/2020;18:12:00;312;sem vítima;103;BR-060/GO;Norte;Colisão Traseira;1;2;;;;;1
09/05/2020;07:07:00;66;sem vítima;558;BR-153/GO;Norte;Capotamento;1;2;;;;;1
09/05/2020;07:57:00;90;sem vítima;94;BR-153/MG;Sul;Colisão Lateral;3;4;;;;;1
09/05/2020;09:38:00;130;ac02 - Acidente com Vítima;548;BR-262/MG;Leste;Tombamento;1;0;1;;;;1
10/05/2020;08:12:00;78;ac02 - Acidente com Vítima;598;BR-153/GO;Norte;Capotamento;1;0;1;;;;1
10/05/2020;12:14:00;196;ac02 - Acidente com Vítima;621;BR-262/MG;Oeste;Tombamento;1;0;;1;;;2
10/05/2020;18:44:00;323;sem vítima;526;BR-262/MG;Oeste;Colisão Lateral;1;1;;;;;1
11/05/2020;05:33:00;48;sem vítima;614;BR-153/GO;Norte;Colisão Traseira;1;2;;;;;1
11/05/2020;07:57:00;101;ac02 - Acidente com Vítima;587;BR-262/MG;Oeste;Tombamento;1;0;;1;;;2
11/05/2020;16:23:00;356;sem vítima;493;BR-153/GO;Sul;Colisão Lateral;1;2;;;;;1
12/05/2020;11:29:00;178;ac02 - Acidente com Vítima;640,966;BR-153/GO;Norte;Tombamento;1;1;1;;;;1
13/05/2020;06:18:00;45;sem vítima;107;BR-060/GO;Norte;Colisão Traseira;1;2;;;;;1
13/05/2020;12:50:00;214;ac02 - Acidente com Vítima;113;BR-060/GO;Sul;Colisão Traseira;1;1;1;;;;1
13/05/2020;14:37:00;243;sem vítima;447,15;BR-262/MG;Leste;Colisão Traseira;2;3;;;;;1
13/05/2020;15:50:00;273;sem vítima;370;BR-262/MG;Oeste;Choque - Defensa;2;2;;;;;1
13/05/2020;16:53:00;298;sem vítima;107;BR-060/GO;Norte;Colisão Traseira;1;2;;;;;1
14/05/2020;01:14:00;15;ac02 - Acidente com Vítima;632;BR-262/MG;Oeste;Saida de Pista;1;0;1;;;;1
14/05/2020;06:36:00;42;sem vítima;551,5;BR-262/MG;Leste;Saida de Pista;1;2;;;;;1
14/05/2020;11:03:00;189;sem vítima;444;BR-262/MG;Oeste;Colisão Traseira;1;2;;;;;1
14/05/2020;16:22:00;337;sem vítima;543,1;BR-153/GO;Sul;Colisão Traseira;1;5;;;;;1
14/05/2020;16:39:00;346;sem vítima;490;BR-153/GO;Norte;Colisão Lateral;1;2;;;;;1
14/05/2020;20:29:00;441;sem vítima;461;BR-262/MG;Oeste;Colisão Traseira;1;2;;;;;1
14/05/2020;23:14:00;488;sem vítima;594;BR-262/MG;Oeste;Tombamento;1;1;;;;;1
15/05/2020;04:17:00;39;ac02 - Acidente com Vítima;26,8;BR-153/MG;Sul;Tombamento;1;0;1;1;;;2
15/05/2020;11:39:00;216;ac02 - Acidente com Vítima;492;BR-262/MG;Leste;Colisão Transversal;1;1;;1;;;2
16/05/2020;01:08:00;18;sem vítima;14,529;BR-153/MG;Norte;Colisão Traseira;2;3;;;;;1
16/05/2020;08:33:00;78;ac02 - Acidente com Vítima;354,24;BR-262/MG;Leste;Choque - Defensa;2;1;;1;;;2
16/05/2020;08:59:00;91;ac02 - Acidente com Vítima;364,18;BR-262/MG;Leste;Tombamento;1;0;;1;;;2
16/05/2020;10:19:00;137;sem vítima;466,233;BR-262/MG;Leste;Colisão Lateral;1;2;;;;;1
16/05/2020;14:35:00;238;ac02 - Acidente com Vítima;607,75;BR-262/MG;Leste;Colisão Traseira;2;1;;1;;;2
18/05/2020;06:00:00;37;sem vítima;34;BR-060/GO;Norte;Colisão Traseira;1;2;;;;;1
19/05/2020;07:16:00;64;sem vítima;552,8;BR-262/MG;Oeste;Tombamento;1;2;;;;;1
19/05/2020;07:32:00;75;sem vítima;133;BR-153/MG;Norte;Colisão Lateral;1;4;;;;;1
19/05/2020;17:54:00;339;sem vítima;123,99;BR-060/GO;Norte;Tombamento;1;1;;;;;1
20/05/2020;14:06:00;246;sem vítima;6,8;BR-153/MG;Sul;Tombamento;1;1;;;;;1
21/05/2020;18:44:00;393;sem vítima;553;BR-262/MG;Leste;Saida de Pista;1;1;;;;;1
21/05/2020;21:30:00;454;sem vítima;590;BR-262/MG;Leste;Tombamento;1;1;;;;;1
22/05/2020;16:06:00;380;ac02 - Acidente com Vítima;530;BR-262/MG;Leste;Tombamento;1;0;;1;;;2
22/05/2020;17:44:00;431;ac02 - Acidente com Vítima;499;BR-153/GO;Sul;Engavetamento;1;1;1;;;;1
23/05/2020;12:06:00;200;sem vítima;611;BR-262/MG;Leste;Choque - Elemento de Drenagem;1;1;;;;;1
23/05/2020;16:51:00;311;sem vítima;28,8;BR-153/MG;Sul;Tombamento;1;1;;;;;1
23/05/2020;19:00:00;368;sem vítima;547,8;BR-262/MG;Leste;Tombamento;1;1;;;;;1
24/05/2020;14:04:00;150;sem vítima;595;BR-262/MG;Oeste;Colisão Lateral;2;4;;;;;1
25/05/2020;18:45:00;330;ac02 - Acidente com Vítima;359;BR-262/MG;Oeste;Colisão Lateral;1;1;1;1;;;2
25/05/2020;21:56:00;373;sem vítima;686;BR-153/GO;Norte;Choque - Veiculo parado na pista;2;2;;;;;1
26/05/2020;10:48:00;193;sem vítima;9;BR-060/DF;Norte;Saida de Pista;1;1;;;;;1
27/05/2020;01:19:00;13;sem vítima;587,638;BR-153/GO;Norte;Tombamento;1;1;;;;;1
27/05/2020;05:24:00;38;ac02 - Acidente com Vítima;615;BR-262/MG;Leste;Tombamento;1;0;1;;;;1
27/05/2020;08:37:00;119;sem vítima;21;BR-060/DF;Sul;Saida de Pista;1;1;;;;;1
27/05/2020;17:54:00;412;sem vítima;501,5;BR-153/GO;Sul;Colisão Lateral;1;2;;;;;1
28/05/2020;17:44:00;370;sem vítima;424;BR-262/MG;Oeste;Tombamento;1;1;;;;;1
28/05/2020;20:22:00;431;sem vítima;84;BR-060/GO;Sul;Colisão Lateral;1;2;;;;;1
29/05/2020;08:29:00;118;ac02 - Acidente com Vítima;518,92;BR-262/MG;Oeste;Tombamento;2;1;1;1;;;2
30/05/2020;07:31:00;109;sem vítima;7;BR-060/GO;Norte;Tombamento;1;1;;;;;1
30/05/2020;16:58:00;483;sem vítima;600;BR-262/MG;Leste;Choque - Submarino;1;1;;;;;1
31/05/2020;15:18:00;337;sem vítima;57;BR-153/MG;Norte;Choque - Talude;1;1;;;;;1
31/05/2020;20:04:00;463;sem vítima;495;BR-153/GO;Sul;Saida de Pista;1;4;;;;;1
01/01/2020;05:54:00;49;ac02 - Acidente com Vítima;804;BR-262/MG;Leste;Colisão Lateral;1;3;1;;;;1
01/01/2020;12:12:00;178;sem vítima;380;BR-262/MG;Leste;Tombamento;1;1;;;;;1
01/01/2020;18:17:00;314;ac01 - Acidente com Vítima Fatal;548;BR-262/MG;Leste;Colisão Frontal;2;0;;1;;1;3
02/01/2020;14:25:00;294;sem vítima;68,7;BR-153/MG;Sul;Carreta deu L;1;1;;;;;1
02/01/2020;14:31:00;297;sem vítima;100;BR-060/GO;Norte;Tombamento;1;1;;;;;1
02/01/2020;15:25:00;318;sem vítima;524;BR-262/MG;Leste;Colisão Lateral;1;3;;;;;1
03/01/2020;00:50:00;10;ac02 - Acidente com Vítima;59;BR-153/MG;Norte;Colisão Traseira;1;1;1;;;;1
03/01/2020;06:15:00;61;sem vítima;608,5;BR-262/MG;Leste;Tombamento;1;1;;;;;1
03/01/2020;16:09:00;333;sem vítima;721,5;BR-262/MG;Oeste;Tombamento;1;4;;;;;1
03/01/2020;17:56:00;374;sem vítima;722;BR-262/MG;Oeste;Tombamento;1;2;;;;;1
04/01/2020;06:19:00;64;sem vítima;608;BR-153/GO;Sul;Tombamento;1;1;;;;;1
04/01/2020;07:26:00;87;sem vítima;591,05;BR-153/GO;Norte;Saida de Pista;1;1;;;;;1
04/01/2020;07:31:00;90;ac02 - Acidente com Vítima;359;BR-262/MG;Oeste;Colisão Traseira;1;1;1;;;;1
04/01/2020;13:29:00;242;sem vítima;659;BR-153/GO;Sul;Colisão Lateral;1;2;;;;;1
04/01/2020;18:30:00;378;sem vítima;587;BR-262/MG;Oeste;Choque - Talude;1;1;;;;;1
07/01/2020;12:29:00;316;sem vítima;88,6;BR-153/MG;Norte;Tombamento;1;2;;;;;1
07/01/2020;14:11:00;363;ac02 - Acidente com Vítima;491,8;BR-262/MG;Oeste;Colisão Transversal;1;2;1;1;;;2
07/01/2020;19:19:00;516;sem vítima;500,5;BR-153/GO;Sul;Colisão Traseira;1;2;;;;;1
07/01/2020;23:07:00;606;sem vítima;105,8;BR-060/GO;Sul;Colisão Lateral;1;3;;;;;1
08/01/2020;10:50:00;249;ac02 - Acidente com Vítima;109,8;BR-060/GO;Norte;Tombamento;1;0;;1;;;2
08/01/2020;11:50:00;289;sem vítima;594;BR-262/MG;Leste;Choque - Elemento de Drenagem;1;2;;;;;1
08/01/2020;17:36:00;474;ac02 - Acidente com Vítima;567;BR-262/MG;Leste;Colisão Transversal;1;1;1;;;;1
09/01/2020;06:21:00;56;sem vítima;417;BR-262/MG;Leste;Colisão Transversal;2;2;;;;;1
09/01/2020;12:37:00;276;sem vítima;431;BR-262/MG;Oeste;Colisão Traseira;2;2;;;;;1
09/01/2020;13:17:00;285;ac02 - Acidente com Vítima;52,8;BR-153/MG;Sul;Colisão Lateral;1;3;1;;;;1
09/01/2020;14:34:00;309;sem vítima;594;BR-262/MG;Leste;Carreta deu L;1;1;;;;;1
09/01/2020;15:41:00;344;sem vítima;146,15;BR-153/MG;Sul;Saida de Pista;1;1;;;;;1
09/01/2020;18:30:00;418;sem vítima;107;BR-060/GO;Sul;Colisão Traseira;1;2;;;;;1
09/01/2020;20:59:00;478;sem vítima;589,508;BR-153/GO;Sul;Colisão Traseira;2;2;;;;;1
09/01/2020;22:06:00;506;sem vítima;904;BR-262/MG;Leste;Saida de Pista;1;1;;;;;1
09/01/2020;23:04:00;525;sem vítima;27;BR-060/GO;Sul;Colisão Traseira;1;2;;;;;1
10/01/2020;05:33:00;85;sem vítima;822;BR-262/MG;Leste;Tombamento;1;1;;;;;1
10/01/2020;09:34:00;267;sem vítima;134;BR-060/GO;Norte;Choque - Talude;1;1;;;;;1
10/01/2020;09:50:00;281;sem vítima;2;BR-060/DF;Sul;Colisão Lateral;1;2;;;;;1
10/01/2020;10:38:00;347;sem vítima;82,5;BR-153/MG;Sul;Choque - Barreira;1;1;;;;;1
10/01/2020;12:51:00;398;sem vítima;58;BR-153/MG;Norte;;2;2;;;;;1
11/01/2020;00:31:00;7;ac02 - Acidente com Vítima;59;BR-153/MG;Norte;Colisão Traseira;2;1;;1;;;2
11/01/2020;07:06:00;96;sem vítima;497;BR-153/GO;Norte;Saida de Pista;1;1;;;;;1
11/01/2020;13:45:00;368;sem vítima;488,5;BR-262/MG;Leste;Capotamento;1;1;;;;;1
11/01/2020;15:55:00;432;sem vítima;686;BR-153/GO;Sul;Colisão Traseira;2;2;;;;;1
11/01/2020;17:02:00;468;sem vítima;547;BR-262/MG;Oeste;Carreta deu L;1;1;;;;;1
11/01/2020;20:24:00;544;sem vítima;800,9;BR-262/MG;Leste;Colisão Lateral;1;4;;;;;1
11/01/2020;23:31:00;583;ac02 - Acidente com Vítima;492;BR-262/MG;Oeste;Colisão Lateral;1;2;;1;;;2
13/01/2020;13:04:00;259;sem vítima;587;BR-262/MG;Oeste;Tombamento;1;1;;;;;1
14/01/2020;11:41:00;195;sem vítima;434;BR-262/MG;Oeste;Saida de Pista;1;2;;;;;1
14/01/2020;12:28:00;212;sem vítima;512;BR-262/MG;Leste;Colisão Traseira;1;2;;;;;1
14/01/2020;12:30:00;234;sem vítima;670,3;BR-153/GO;Sul;Choque- Placa/Suporte Sinalização;2;2;;;;;1
14/01/2020;21:24:00;430;ac02 - Acidente com Vítima;599;BR-262/MG;Leste;Capotamento;1;0;;1;;;2
14/01/2020;22:00:00;452;ac02 - Acidente com Vítima;58;BR-153/MG;Norte;Choque - Elemento de Drenagem;1;0;;1;;;2
15/01/2020;08:36:00;177;sem vítima;418;BR-262/MG;Oeste;Colisão Traseira;1;5;;;;;1
15/01/2020;12:50:00;332;sem vítima;598;BR-262/MG;Leste;Colisão Traseira;2;2;;;;;1
15/01/2020;15:42:00;421;sem vítima;48,474;BR-060/GO;Sul;Colisão Traseira;2;3;;;;;1
15/01/2020;18:15:00;518;ac01 - Acidente com Vítima Fatal;507,8;BR-262/MG;Oeste;Colisão Frontal;2;1;;;;1;3
16/01/2020;01:47:00;21;sem vítima;210,3;BR-153/MG;Norte;Tombamento;1;1;;;;;1
16/01/2020;16:00:00;421;sem vítima;115,1;BR-060/GO;Norte;Colisão Transversal;1;3;;;;;1
16/01/2020;19:32:00;521;ac02 - Acidente com Vítima;367;BR-262/MG;Oeste;Colisão Traseira;1;2;1;;;;1
17/01/2020;02:11:00;24;sem vítima;506,503;BR-153/GO;Sul;Choque- Poste/Equipamento;1;1;;;;;1
17/01/2020;03:01:00;30;ac01 - Acidente com Vítima Fatal;537,85;BR-262/MG;Oeste;Colisão Frontal;1;1;;4;;1;3
17/01/2020;05:32:00;46;ac02 - Acidente com Vítima;466,959;BR-262/MG;Oeste;Tombamento;1;0;1;;;;1
17/01/2020;11:22:00;248;ac02 - Acidente com Vítima;120,1;BR-060/GO;Sul;Tombamento;1;0;1;;;;1
17/01/2020;18:37:00;453;sem vítima;242;BR-153/MG;Norte;Saida de Pista;1;1;;;;;1
17/01/2020;21:31:00;536;sem vítima;661;BR-262/MG;Leste;Colisão Traseira;1;2;;;;;1
18/01/2020;18:21:00;496;sem vítima;746;BR-262/MG;Leste;Colisão Lateral;1;2;;;;;1
18/01/2020;21:03:00;555;sem vítima;663,262;BR-153/GO;Norte;Choque - Elemento de Drenagem;1;1;;;;;1
18/01/2020;22:49:00;583;sem vítima;381;BR-262/MG;Oeste;Colisão Lateral;1;6;;;;;1
19/01/2020;06:31:00;72;ac02 - Acidente com Vítima;75,5;BR-153/MG;Sul;Tombamento;1;1;1;;;;1
20/01/2020;06:34:00;63;sem vítima;134;BR-060/GO;Sul;Tombamento;1;2;;;;;1
20/01/2020;07:05:00;74;ac01 - Acidente com Vítima Fatal;504,142;BR-153/GO;Sul;Queda de Moto;1;1;;;;1;3
20/01/2020;10:42:00;230;sem vítima;804;BR-262/MG;Oeste;Tombamento;1;3;;;;;1
20/01/2020;14:15:00;340;sem vítima;507;BR-262/MG;Leste;Tombamento;1;2;;;;;1
20/01/2020;21:06:00;501;sem vítima;512;BR-262/MG;Oeste;Colisão Traseira;2;2;;;;;1
21/01/2020;04:58:00;40;ac02 - Acidente com Vítima;15,2;BR-153/MG;Sul;Tombamento;2;40;;1;;;2
21/01/2020;11:38:00;181;ac02 - Acidente com Vítima;96,393;BR-060/GO;Norte;Colisão Traseira;1;2;1;;;;1
21/01/2020;15:55:00;282;sem vítima;579,8;BR-262/MG;Oeste;Tombamento;1;1;;;;;1
21/01/2020;21:28:00;422;sem vítima;631,114;BR-153/GO;Sul;Choque - Talude;1;1;;;;;1
22/01/2020;05:59:00;49;sem vítima;540;BR-262/MG;Oeste;Carreta deu L;1;1;;;;;1
22/01/2020;08:53:00;129;sem vítima;231,9;BR-153/MG;Sul;Tombamento;1;1;;;;;1
22/01/2020;17:11:00;341;sem vítima;114,2;BR-060/GO;Sul;Carreta deu L;1;2;;;;;1
23/01/2020;08:20:00;108;ac02 - Acidente com Vítima;65,7;BR-153/MG;Norte;Colisão Transversal;1;2;1;;;;1
23/01/2020;11:00:00;235;sem vítima;405,9;BR-262/MG;Leste;Colisão Traseira;2;2;;;;;1
23/01/2020;11:15:00;244;sem vítima;147,967;BR-153/MG;Sul;Colisão Lateral;1;4;;;;;1
23/01/2020;12:16:00;278;ac02 - Acidente com Vítima;547,5;BR-262/MG;Leste;Colisão Frontal;2;2;3;;;;1
23/01/2020;13:34:00;302;sem vítima;116,27;BR-060/GO;Sul;Colisão Lateral;1;2;;;;;1
23/01/2020;14:24:00;319;sem vítima;52;BR-153/MG;Sul;Colisão Lateral;1;2;;;;;1
23/01/2020;15:08:00;338;sem vítima;116,27;BR-060/GO;Norte;Colisão Traseira;1;2;;;;;1
23/01/2020;17:04:00;374;sem vítima;655;BR-153/GO;Norte;Choque - Talude;1;1;;;;;1
24/01/2020;09:16:00;142;sem vítima;500,8;BR-153/GO;Norte;Colisão Lateral;1;2;;;;;1
24/01/2020;12:31:00;270;sem vítima;500,3;BR-153/GO;Sul;Engavetamento;2;6;;;;;1
24/01/2020;13:30:00;305;sem vítima;553,5;BR-262/MG;Leste;Choque - Elemento de Drenagem;1;1;;;;;1
24/01/2020;15:35:00;388;sem vítima;502;BR-153/GO;Norte;Colisão Traseira;1;2;;;;;1
24/01/2020;16:53:00;439;ac01 - Acidente com Vítima Fatal;431;BR-262/MG;Oeste;Tombamento;1;0;1;1;;1;3
24/01/2020;17:23:00;458;sem vítima;21,106;BR-153/MG;Sul;Saida de Pista;1;2;;;;;1
24/01/2020;17:29:00;461;sem vítima;699;BR-262/MG;Leste;Saida de Pista;1;1;;;;;1
24/01/2020;18:18:00;486;ac02 - Acidente com Vítima;130;BR-153/MG;Sul;Colisão Lateral;2;0;3;;;;1
24/01/2020;20:27:00;554;sem vítima;429;BR-262/MG;Leste;Carreta deu L;1;1;;;;;1
25/01/2020;19:34:00;467;ac02 - Acidente com Vítima;529;BR-153/GO;Norte;Colisão Traseira;1;1;;1;;;2
25/01/2020;21:52:00;528;ac02 - Acidente com Vítima;577;BR-262/MG;Oeste;Colisão Lateral;1;2;1;;;;1
26/01/2020;15:19:00;390;sem vítima;672,5;BR-262/MG;Oeste;Tombamento;1;1;;;;;1
27/01/2020;08:26:00;179;sem vítima;377;BR-262/MG;Leste;Colisão Traseira;1;2;;;;;1
27/01/2020;14:16:00;467;sem vítima;430,5;BR-262/MG;Leste;Choque - Elemento de Drenagem;1;1;;;;;1
27/01/2020;23:22:00;710;sem vítima;22;BR-153/MG;Norte;Choque - Talude;1;2;;;;;1
28/01/2020;06:29:00;73;sem vítima;402,5;BR-262/MG;Leste;Tombamento;1;1;;;;;1
28/01/2020;06:44:00;91;sem vítima;15,2;BR-153/MG;Norte;Tombamento;1;1;;;;;1
28/01/2020;11:08:00;308;sem vítima;660;BR-262/MG;Oeste;Colisão Lateral;2;2;;;;;1
28/01/2020;13:25:00;385;sem vítima;448,057;BR-262/MG;Oeste;Tombamento;1;3;;;;;1
28/01/2020;16:01:00;440;ac02 - Acidente com Vítima;245,293;BR-153/MG;Sul;Colisão Lateral;1;1;2;;;;1
28/01/2020;23:06:00;623;ac02 - Acidente com Vítima;477,523;BR-262/MG;Leste;Tombamento;1;0;1;;;;1
29/01/2020;00:58:00;9;ac02 - Acidente com Vítima;479,892;BR-262/MG;Oeste;Colisão Frontal;1;1;;;1;;2
29/01/2020;07:46:00;104;ac02 - Acidente com Vítima;93;BR-060/GO;Sul;Colisão Transversal;1;1;1;;;;1
29/01/2020;08:15:00;115;sem vítima;506;BR-153/GO;Norte;Engavetamento;1;4;;;;;1
29/01/2020;16:51:00;345;sem vítima;500;BR-153/GO;Sul;Colisão Traseira;2;2;;;;;1
29/01/2020;17:43:00;368;sem vítima;387;BR-262/MG;Leste;Tombamento;1;1;;;;;1
29/01/2020;22:22:00;486;ac02 - Acidente com Vítima;355,9;BR-262/MG;Oeste;Tombamento;1;0;;1;;;2
30/01/2020;10:34:00;193;sem vítima;553;BR-153/GO;Norte;Colisão Traseira;2;2;;;;;1
30/01/2020;17:23:00;381;sem vítima;516;BR-153/GO;Norte;Colisão Traseira;1;2;;;;;1
30/01/2020;20:22:00;476;sem vítima;465;BR-262/MG;Oeste;Choque - Outros;2;2;;;;;1
31/01/2020;03:54:00;50;ac01 - Acidente com Vítima Fatal;547,5;BR-262/MG;Leste;Colisão Frontal;3;0;2;;;1;3
31/01/2020;05:40:00;68;sem vítima;365,3;BR-262/MG;Leste;Colisão Traseira;2;2;;;;;1
31/01/2020;17:09:00;376;sem vítima;662;BR-153/GO;Sul;Choque - Objeto sobre a pista;1;4;;;;;1
31/01/2020;18:51:00;443;sem vítima;516;BR-153/GO;Sul;Colisão Lateral;1;2;;;;;1
31/01/2020;18:56:00;448;sem vítima;113;BR-060/GO;Sul;Tombamento;1;1;;;;;1
31/01/2020;19:10:00;461;sem vítima;499,8;BR-153/GO;Sul;Colisão Lateral;1;2;;;;;1
01/06/2020;10:00:00;140;sem vítima;43;BR-060/GO;Sul;Colisão Lateral;1;2;;;;;1
01/06/2020;13:36:00;246;sem vítima;499;BR-153/GO;Sul;Choque - Talude;1;1;;;;;1
01/06/2020;14:11:00;261;sem vítima;506;BR-153/GO;Sul;Colisão Traseira;1;3;;;;;1
01/06/2020;17:02:00;325;sem vítima;111,9;BR-060/GO;Norte;Colisão Lateral;1;5;;;;;1
02/06/2020;04:07:00;32;sem vítima;40,8;BR-153/MG;Sul;Tombamento;1;1;;;;;1
02/06/2020;04:08:00;33;sem vítima;418;BR-262/MG;Leste;Colisão Traseira;2;2;;;;;1
02/06/2020;07:32:00;70;ac02 - Acidente com Vítima;245;BR-153/MG;Sul;Colisão Lateral;1;1;1;;;;1
02/06/2020;07:42:00;75;sem vítima;139;BR-153/MG;Sul;Colisão Traseira;2;2;;;;;1
02/06/2020;07:59:00;85;sem vítima;497,76;BR-153/GO;Norte;Objeto lançado contra veículo;1;2;;;;;1
02/06/2020;13:15:00;244;ac02 - Acidente com Vítima;101;BR-060/GO;Sul;Colisão Traseira;1;4;1;;;;1
03/06/2020;01:09:00;15;sem vítima;512;BR-262/MG;Leste;Atropelamento de Animal;1;1;;;;;1
03/06/2020;06:29:00;58;sem vítima;92,015;BR-153/MG;Sul;Tombamento;1;1;;;;;1
03/06/2020;12:28:00;297;sem vítima;554,8;BR-262/MG;Oeste;Engavetamento;3;4;;;;;1
03/06/2020;12:53:00;309;sem vítima;679;BR-262/MG;Oeste;Tombamento;1;1;;;;;1
03/06/2020;19:59:00;492;sem vítima;686;BR-153/GO;Norte;Choque - Veiculo parado na pista;1;3;;;;;1
04/06/2020;01:55:00;24;sem vítima;547,8;BR-262/MG;Oeste;Tombamento;1;2;;;;;1
04/06/2020;04:30:00;42;sem vítima;366;BR-262/MG;Oeste;Atropelamento de Animal;1;1;;;;;1
04/06/2020;06:27:00;61;sem vítima;408;BR-262/MG;Leste;Tombamento;1;1;;;;;1
04/06/2020;08:03:00;130;sem vítima;5;BR-060/DF;Sul;Choque- Poste/Equipamento;1;1;;;;;1
04/06/2020;18:44:00;500;sem vítima;568;BR-262/MG;Oeste;Colisão Lateral;1;3;;;;;1
04/06/2020;19:44:00;526;ac01 - Acidente com Vítima Fatal;816,7;BR-262/MG;Oeste;Colisão Frontal;1;1;;;;1;3
05/06/2020;08:11:00;120;sem vítima;537;BR-262/MG;Oeste;Colisão Traseira;1;2;;;;;1
05/06/2020;09:39:00;172;sem vítima;597,8;BR-153/GO;Sul;Choque - Outros;1;2;;;;;1
05/06/2020;11:33:00;249;ac02 - Acidente com Vítima;369,363;BR-262/MG;Oeste;Tombamento;1;0;1;;;;1
05/06/2020;11:40:00;256;sem vítima;694,1;BR-262/MG;Leste;Engavetamento;2;3;;;;;1
05/06/2020;14:42:00;329;sem vítima;497,7;BR-153/GO;Sul;Colisão Traseira;1;2;;;;;1
05/06/2020;14:43:00;330;sem vítima;590;BR-153/GO;Sul;Colisão Traseira;2;2;;;;;1
06/06/2020;00:27:00;16;ac02 - Acidente com Vítima;631,113;BR-262/MG;Leste;Atropelamento - Sem Informação;1;1;;;1;;2
06/06/2020;08:55:00;149;sem vítima;538,312;BR-153/GO;Sul;Colisão Lateral;1;2;;;;;1
06/06/2020;11:44:00;261;sem vítima;107,787;BR-060/GO;Norte;Colisão Lateral;1;3;;;;;1
06/06/2020;14:52:00;360;ac02 - Acidente com Vítima;412,5;BR-262/MG;Oeste;Colisão Frontal;1;1;;;1;;2
08/06/2020;00:02:00;1;sem vítima;552;BR-262/MG;Oeste;Choque - Elemento de Drenagem;1;1;;;;;1
08/06/2020;02:16:00;29;ac01 - Acidente com Vítima Fatal;4,66;BR-153/MG;Norte;Colisão Traseira;1;3;;;;1;3
08/06/2020;17:35:00;516;sem vítima;602;BR-153/GO;Sul;Colisão Traseira;1;3;;;;;1
08/06/2020;19:42:00;570;sem vítima;497;BR-153/GO;Sul;Colisão Traseira;1;2;;;;;1