data;horario;n_da_ocorrencia;tipo_de_ocorrencia;km;trecho;sentido;tipo_de_acidente;caminhao;ilesos;levemente_feridos;moderadamente_feridos;gravemente_feridos;mortos;3
09/06/2020;03:17:00;34;sem vítima;599,001;BR-262/MG;Leste;Tombamento;1;1;;;;;1
09/06/2020;06:32:00;69;sem vítima;547;BR-153/GO;Sul;Tombamento;1;1;;;;;1
09/06/2020;08:09:00;125;sem vítima;667,227;BR-153/GO;Sul;Tombamento;1;1;;;;;1
09/06/2020;11:08:00;255;sem vítima;581,952;BR-262/MG;Oeste;Tombamento;1;1;;;;;1
10/06/2020;01:55:00;25;ac01 - Acidente com Vítima Fatal;589,8;BR-153/GO;Sul;Saida de Pista;1;0;;1;;1;3
10/06/2020;08:45:00;126;ac02 - Acidente com Vítima;693,92;BR-262/MG;Leste;Tombamento;1;0;1;;;;1
10/06/2020;14:03:00;283;sem vítima;14,119;BR-060/GO;Norte;Capotamento;1;1;;;;;1
10/06/2020;16:51:00;366;sem vítima;555;BR-262/MG;Oeste;Tombamento;1;1;;;;;1
10/06/2020;18:50:00;419;sem vítima;165,788;BR-153/MG;Norte;Atropelamento de Animal;1;1;;;;;1
10/06/2020;18:56:00;422;sem vítima;500;BR-153/GO;Sul;Colisão Traseira;1;2;;;;;1
11/06/2020;04:55:00;48;ac02 - Acidente com Vítima;647;BR-153/GO;Norte;Colisão Lateral;1;1;;1;;;2
11/06/2020;06:22:00;54;ac01 - Acidente com Vítima Fatal;510,438;BR-153/GO;Norte;Atropelamento - Outros;1;1;;;;1;3
11/06/2020;10:13:00;194;sem vítima;13,671;BR-060/GO;Norte;Colisão Traseira;2;5;;;;;1
11/06/2020;13:24:00;310;sem vítima;562;BR-262/MG;Leste;Tombamento;1;1;;;;;1
11/06/2020;16:10:00;397;sem vítima;726;BR-262/MG;Oeste;Colisão Lateral;2;3;;;;;1
12/06/2020;14:19:00;414;sem vítima;632;BR-262/MG;Oeste;Colisão Lateral;1;2;;;;;1
12/06/2020;15:27:00;453;sem vítima;703;BR-262/MG;Oeste;Saida de Pista;1;1;;;;;1
12/06/2020;17:48:00;521;ac02 - Acidente com Vítima;508,7;BR-153/GO;Norte;Tombamento;1;1;1;;;;1
12/06/2020;20:28:00;579;sem vítima;58;BR-153/MG;Sul;Colisão Traseira;1;2;;;;;1
13/06/2020;05:49:00;54;sem vítima;414;BR-262/MG;Leste;Colisão Lateral;2;2;;;;;1
13/06/2020;06:32:00;62;sem vítima;32;BR-153/MG;Norte;Choque - Elemento de Drenagem;1;1;;;;;1
13/06/2020;07:55:00;97;ac02 - Acidente com Vítima;459;BR-262/MG;Leste;Colisão Frontal;1;0;1;1;;;2
13/06/2020;13:07:00;254;sem vítima;44,733;BR-060/GO;Sul;Colisão Traseira;1;3;;;;;1
14/06/2020;11:39:00;193;ac02 - Acidente com Vítima;587,15;BR-262/MG;Oeste;Colisão Lateral;1;1;;1;;;2
14/06/2020;13:05:00;228;sem vítima;13;BR-153/MG;Norte;Saida de Pista;1;1;;;;;1
15/06/2020;07:36:00;100;ac02 - Acidente com Vítima;25,8;BR-060/GO;Norte;Choque - Outros;1;5;1;1;;;2
15/06/2020;14:23:00;397;sem vítima;30;BR-060/DF;Norte;Colisão Traseira;2;2;;;;;1
16/06/2020;15:41:00;496;ac02 - Acidente com Vítima;82,5;BR-153/MG;Norte;Colisão Traseira;3;3;1;;;;1
17/06/2020;10:11:00;196;ac02 - Acidente com Vítima;498,364;BR-153/GO;Norte;Colisão Lateral;2;1;;;1;;2
17/06/2020;15:39:00;387;sem vítima;663,345;BR-153/GO;Sul;Colisão Traseira;2;2;;;;;1
18/06/2020;07:59:00;81;ac01 - Acidente com Vítima Fatal;0,7;BR-060/DF;Sul;Queda de Moto;1;1;;;;1;3
18/06/2020;10:34:00;156;ac02 - Acidente com Vítima;151,1;BR-153/MG;Norte;Colisão Traseira;1;1;1;1;;;2
18/06/2020;12:56:00;238;sem vítima;781;BR-262/MG;Oeste;Colisão Lateral;3;3;;;;;1
18/06/2020;13:23:00;253;sem vítima;553;BR-153/GO;Norte;Colisão Traseira;1;2;;;;;1
18/06/2020;18:16:00;402;sem vítima;803,4;BR-262/MG;Oeste;Colisão Traseira;1;2;;;;;1
19/06/2020;05:19:00;47;sem vítima;133;BR-060/GO;Norte;Choque - Veiculo parado no acostamento;1;2;;;;;1
19/06/2020;11:21:00;243;sem vítima;495;BR-153/GO;Norte;Colisão Traseira;1;2;;;;;1
20/06/2020;02:20:00;24;sem vítima;96;BR-060/GO;Norte;Choque - Defensa;1;1;;;;;1
20/06/2020;08:23:00;111;sem vítima;623;BR-262/MG;Leste;Tombamento;1;1;;;;;1
20/06/2020;13:06:00;330;ac02 - Acidente com Vítima;13;BR-060/GO;Norte;Colisão Traseira;1;1;;1;;;2
20/06/2020;20:04:00;499;sem vítima;363;BR-262/MG;Leste;Colisão Lateral;1;2;;;;;1
21/06/2020;20:36:00;424;sem vítima;586;BR-153/GO;Norte;Colisão Traseira;2;2;;;;;1
22/06/2020;16:56:00;394;ac02 - Acidente com Vítima;412;BR-262/MG;Oeste;Choque - Veiculo parado na pista;1;1;1;;;;1
23/06/2020;08:12:00;131;sem vítima;899;BR-262/MG;Leste;Tombamento;1;1;;;;;1
23/06/2020;08:18:00;137;sem vítima;512,8;BR-153/GO;Sul;Colisão Lateral;1;2;;;;;1
23/06/2020;18:12:00;482;ac02 - Acidente com Vítima;27,05;BR-153/MG;Norte;Colisão Lateral;1;1;;1;;;2
23/06/2020;21:15:00;541;sem vítima;557,2;BR-153/GO;Norte;Colisão Traseira;2;2;;;;;1
23/06/2020;21:24:00;547;ac02 - Acidente com Vítima;79,9;BR-153/MG;Sul;Tombamento;1;0;1;;;;1
23/06/2020;23:44:00;568;sem vítima;511;BR-153/GO;Sul;Colisão Traseira;1;2;;;;;1
24/06/2020;00:23:00;2;sem vítima;635;BR-262/MG;Leste;Saida de Pista;1;1;;;;;1
24/06/2020;10:01:00;203;ac02 - Acidente com Vítima;547,118;BR-262/MG;Oeste;Tombamento;1;0;1;1;;;2
24/06/2020;15:20:00;372;sem vítima;182,5;BR-153/MG;Sul;Engavetamento;2;3;;;;;1
24/06/2020;18:19:00;446;ac02 - Acidente com Vítima;355,9;BR-262/MG;Leste;Colisão Lateral;1;1;1;;;;1
24/06/2020;20:06:00;500;sem vítima;368,5;BR-262/MG;Oeste;Tombamento;1;1;;;;;1
25/06/2020;08:38:00;119;sem vítima;497,8;BR-262/MG;Oeste;Colisão Traseira;2;2;;;;;1
25/06/2020;12:23:00;247;sem vítima;52;BR-060/GO;Sul;Capotamento;1;1;;;;;1
25/06/2020;14:40:00;305;sem vítima;92;BR-060/GO;Sul;Colisão Lateral;1;2;;;;;1
25/06/2020;16:42:00;366;ac02 - Acidente com Vítima;104,497;BR-060/GO;Norte;Capotamento;1;1;;1;;;2
25/06/2020;19:29:00;435;sem vítima;872;BR-262/MG;Oeste;Saida de Pista;1;1;;;;;1
25/06/2020;22:57:00;511;ac02 - Acidente com Vítima;47,8;BR-153/MG;Norte;Colisão Traseira;1;1;2;;;;1
25/06/2020;23:05:00;513;sem vítima;818,618;BR-262/MG;Oeste;Saida de Pista;1;1;;;;;1
26/06/2020;13:49:00;279;sem vítima;108,419;BR-060/GO;Norte;Colisão Lateral;1;2;;;;;1
26/06/2020;14:20:00;291;sem vítima;101,07;BR-060/GO;Sul;Colisão Lateral;1;2;;;;;1
26/06/2020;15:00:00;318;sem vítima;105,2;BR-060/GO;Sul;Colisão Traseira;2;2;;;;;1
26/06/2020;19:08:00;439;sem vítima;510,8;BR-153/GO;Sul;Colisão Lateral;1;2;;;;;1
27/06/2020;09:04:00;186;ac02 - Acidente com Vítima;575;BR-262/MG;Leste;Tombamento;1;0;;1;;;2
27/06/2020;09:41:00;219;sem vítima;108;BR-153/MG;Norte;Tombamento;1;1;;;;;1
27/06/2020;13:59:00;366;ac01 - Acidente com Vítima Fatal;46,747;BR-060/GO;Norte;Tombamento;1;0;;;;1;3
28/06/2020;02:54:00;26;sem vítima;354;BR-262/MG;Leste;Choque - Barreira;1;1;;;;;1
28/06/2020;10:53:00;189;ac02 - Acidente com Vítima;47,3;BR-060/GO;Norte;Engavetamento;2;17;2;1;;;2
29/06/2020;14:47:00;301;sem vítima;800;BR-262/MG;Oeste;Choque - Objeto sobre a pista;1;3;;;;;1
29/06/2020;15:31:00;326;sem vítima;491,337;BR-153/GO;Norte;Colisão Traseira;2;2;;;;;1
29/06/2020;16:06:00;342;sem vítima;509;BR-153/GO;Sul;Colisão Lateral;1;2;;;;;1
30/06/2020;15:11:00;315;sem vítima;517,41;BR-153/GO;Sul;Choque - Talude;1;1;;;;;1
30/06/2020;16:36:00;348;sem vítima;74,237;BR-060/GO;Sul;Choque - Talude;1;1;;;;;1
30/06/2020;23:13:00;467;ac02 - Acidente com Vítima;500,109;BR-153/GO;Sul;Colisão Traseira;1;2;1;;;;1
02/04/2020;04:33:00;39;sem vítima;2,8;BR-153/MG;Norte;Saida de Pista;1;1;;;;;1
02/04/2020;15:07:00;215;sem vítima;528,75;BR-153/GO;Sul;Saida de Pista;1;1;;;;;1
02/04/2020;15:14:00;216;sem vítima;14,5;BR-060/GO;Norte;Colisão Traseira;1;2;;;;;1
02/04/2020;17:19:00;248;ac02 - Acidente com Vítima;83;BR-060/GO;Sul;Colisão Traseira;1;1;;;1;;2
02/04/2020;19:44:00;294;sem vítima;129;BR-153/MG;Sul;Colisão Traseira;2;2;;;;;1
03/04/2020;12:35:00;228;sem vítima;102;BR-060/GO;Norte;Colisão Lateral;2;2;;;;;1
03/04/2020;13:48:00;259;ac02 - Acidente com Vítima;195,7;BR-153/MG;Sul;Colisão Traseira;1;1;1;;;;1
03/04/2020;14:32:00;271;sem vítima;610,6;BR-262/MG;Leste;Saida de Pista;1;1;;;;;1
03/04/2020;14:43:00;279;sem vítima;610;BR-262/MG;Oeste;Tombamento;1;1;;;;;1
03/04/2020;19:03:00;383;sem vítima;368;BR-262/MG;Leste;Colisão Lateral;1;2;;;;;1
04/04/2020;02:14:00;19;sem vítima;510,5;BR-153/GO;Sul;Choque - Defensa;1;2;;;;;1
04/04/2020;04:19:00;36;sem vítima;592,8;BR-262/MG;Oeste;Saida de Pista;1;1;;;;;1
04/04/2020;06:47:00;62;ac02 - Acidente com Vítima;22;BR-153/MG;Sul;Tombamento;1;0;1;;;;1
04/04/2020;13:18:00;247;sem vítima;407;BR-262/MG;Oeste;Colisão Transversal;1;2;;;;;1
05/04/2020;11:11:00;197;sem vítima;14;BR-060/GO;Norte;Engavetamento;4;5;;;;;1
05/04/2020;17:12:00;304;sem vítima;644,487;BR-153/GO;Norte;Colisão Lateral;1;5;;;;;1
05/04/2020;18:02:00;320;sem vítima;47;BR-153/MG;Norte;Tombamento;1;2;;;;;1
06/04/2020;16:23:00;285;sem vítima;109,5;BR-060/GO;Norte;Choque - Arvore;1;1;;;;;1
06/04/2020;17:35:00;313;sem vítima;114;BR-060/GO;Sul;Capotamento;1;2;;;;;1
06/04/2020;18:11:00;330;sem vítima;113;BR-060/GO;Norte;Saida de Pista;1;1;;;;;1
06/04/2020;19:48:00;365;ac02 - Acidente com Vítima;775;BR-262/MG;Oeste;Colisão Frontal;1;1;1;;;;1
07/04/2020;09:31:00;147;ac02 - Acidente com Vítima;672,2;BR-153/GO;Norte;Choque - Elemento de Drenagem;1;0;1;;;;1
07/04/2020;10:59:00;188;ac02 - Acidente com Vítima;509;BR-153/GO;Norte;Colisão Traseira;1;1;1;;;;1
07/04/2020;12:55:00;218;sem vítima;665,234;BR-262/MG;Oeste;Tombamento;1;1;;;;;1
07/04/2020;14:54:00;256;sem vítima;497,1;BR-153/GO;Norte;Choque - Defensa;1;1;;;;;1
08/04/2020;12:24:00;250;sem vítima;369;BR-262/MG;Oeste;Colisão Transversal;1;2;;;;;1
08/04/2020;18:04:00;375;sem vítima;4,2;BR-060/DF;Sul;Colisão Lateral;1;2;;;;;1
08/04/2020;19:50:00;415;sem vítima;648,4;BR-153/GO;Norte;Tombamento;1;1;;;;;1
09/04/2020;03:03:00;29;ac02 - Acidente com Vítima;509,5;BR-262/MG;Leste;Tombamento;1;1;1;;;;1
11/04/2020;02:14:00;27;sem vítima;660,85;BR-262/MG;Leste;Atropelamento de Animal;1;1;;;;;1
12/04/2020;08:44:00;99;ac02 - Acidente com Vítima;5;BR-060/GO;Norte;Colisão Traseira;1;1;1;;;;1
12/04/2020;10:56:00;183;sem vítima;7,272;BR-153/MG;Sul;Colisão Traseira;2;2;;;;;1
12/04/2020;11:43:00;220;ac01 - Acidente com Vítima Fatal;553,55;BR-262/MG;Leste;Capotamento;1;0;;;;1;3
13/04/2020;18:35:00;376;sem vítima;9;BR-060/DF;Sul;Saida de Pista;1;2;;;;;1
13/04/2020;21:05:00;424;ac02 - Acidente com Vítima;499;BR-153/GO;Sul;Colisão Traseira;1;1;1;;;;1
13/04/2020;23:08:00;453;ac02 - Acidente com Vítima;444;BR-262/MG;Oeste;Choque - Veiculo parado no acostamento;1;1;2;;;;1
14/04/2020;06:58:00;56;ac02 - Acidente com Vítima;57;BR-153/MG;Sul;Tombamento;1;1;1;;;;1
14/04/2020;15:45:00;261;sem vítima;737;BR-262/MG;Oeste;Choque - Cabine de Pedágio;1;1;;;;;1
14/04/2020;16:43:00;285;sem vítima;594;BR-262/MG;Leste;Tombamento;1;2;;;;;1
14/04/2020;18:14:00;323;sem vítima;46,593;BR-060/GO;Norte;Saida de Pista;1;2;;;;;1
15/04/2020;07:19:00;64;sem vítima;389;BR-262/MG;Leste;Colisão Traseira;1;2;;;;;1
15/04/2020;08:16:00;85;sem vítima;521,23;BR-153/GO;Norte;Colisão Transversal;1;2;;;;;1
15/04/2020;10:40:00;157;ac02 - Acidente com Vítima;514;BR-153/GO;Norte;Colisão Traseira;1;1;1;;;;1
15/04/2020;13:37:00;216;sem vítima;577,6;BR-262/MG;Oeste;Engavetamento;2;3;;;;;1
15/04/2020;16:16:00;275;sem vítima;4,6;BR-060/DF;Sul;Choque - Arvore;1;2;;;;;1
15/04/2020;19:30:00;341;sem vítima;193,678;BR-153/MG;Sul;Colisão Traseira;2;2;;;;;1
16/04/2020;09:32:00;117;ac02 - Acidente com Vítima;611,5;BR-262/MG;Oeste;Tombamento;1;0;1;;;;1
16/04/2020;09:45:00;125;ac02 - Acidente com Vítima;518;BR-262/MG;Oeste;Colisão Traseira;1;2;1;;;;1
16/04/2020;10:28:00;142;sem vítima;554;BR-262/MG;Leste;Colisão Lateral;1;3;;;;;1
16/04/2020;20:38:00;366;sem vítima;365;BR-262/MG;Oeste;Atropelamento de Animal;1;1;;;;;1
16/04/2020;21:41:00;384;sem vítima;444;BR-262/MG;Oeste;Colisão Traseira;1;2;;;;;1
17/04/2020;09:51:00;173;sem vítima;13;BR-060/GO;Norte;Colisão Traseira;1;2;;;;;1
17/04/2020;19:31:00;423;ac02 - Acidente com Vítima;773;BR-262/MG;Leste;Colisão Lateral;1;1;;;1;;2
18/04/2020;14:09:00;204;sem vítima;535;BR-153/GO;Sul;Saida de Pista;1;2;;;;;1
18/04/2020;17:05:00;272;sem vítima;101,233;BR-060/GO;Sul;Colisão Traseira;1;5;;;;;1
18/04/2020;18:44:00;307;ac02 - Acidente com Vítima;94;BR-060/GO;Norte;Colisão Transversal;1;6;;1;;;2
19/04/2020;07:42:00;56;ac02 - Acidente com Vítima;440,05;BR-262/MG;Leste;Capotamento;1;4;1;;;;1
19/04/2020;20:18:00;339;sem vítima;44,5;BR-153/MG;Norte;Saida de Pista;1;1;;;;;1
20/04/2020;00:27:00;4;sem vítima;487,4;BR-262/MG;Oeste;Carreta deu L;1;1;;;;;1
20/04/2020;05:40:00;35;ac02 - Acidente com Vítima;514;BR-153/GO;Norte;Colisão Traseira;1;1;;1;;;2
20/04/2020;09:48:00;138;ac02 - Acidente com Vítima;12,759;BR-153/MG;Norte;Capotamento;2;1;1;;;;1
21/04/2020;02:07:00;17;sem vítima;353;BR-262/MG;Oeste;Atropelamento de Animal;1;1;;;;;1
21/04/2020;10:07:00;141;sem vítima;583,2;BR-262/MG;Leste;Tombamento;1;1;;;;;1
22/04/2020;21:36:00;462;sem vítima;555,5;BR-262/MG;Oeste;Tombamento;1;1;;;;;1
23/04/2020;00:21:00;13;sem vítima;108,43;BR-060/GO;Norte;Colisão Traseira;2;2;;;;;1
23/04/2020;07:35:00;69;sem vítima;693;BR-262/MG;Oeste;Colisão Traseira;2;2;;;;;1
23/04/2020;14:38:00;286;ac01 - Acidente com Vítima Fatal;16,96;BR-060/DF;Norte;Engavetamento;1;2;;;;1;3
23/04/2020;14:41:00;287;sem vítima;878;BR-262/MG;Leste;Colisão Frontal;1;2;;;;;1
23/04/2020;17:02:00;350;sem vítima;536;BR-153/GO;Norte;Colisão Traseira;1;4;;;;;1
25/04/2020;00:08:00;2;sem vítima;494,4;BR-262/MG;Leste;Saida de Pista;1;1;;;;;1
25/04/2020;00:32:00;7;sem vítima;474;BR-262/MG;Leste;Colisão Transversal;1;2;;;;;1
25/04/2020;06:36:00;53;sem vítima;663,3;BR-262/MG;Leste;Tombamento;1;1;;;;;1
25/04/2020;20:30:00;421;sem vítima;44,267;BR-153/MG;Sul;Saida de Pista;1;2;;;;;1
25/04/2020;22:26:00;457;sem vítima;47;BR-060/GO;Sul;Tombamento;1;1;;;;;1
26/04/2020;22:42:00;407;ac02 - Acidente com Vítima;31;BR-060/DF;Norte;Colisão Traseira;1;1;2;;;;1
27/04/2020;06:58:00;68;sem vítima;353,232;BR-262/MG;Leste;Colisão Lateral;1;2;;;;;1
27/04/2020;10:35:00;174;ac02 - Acidente com Vítima;502,008;BR-153/GO;Sul;Colisão Lateral;1;1;;1;;;2
27/04/2020;12:20:00;221;sem vítima;426,5;BR-262/MG;Oeste;Choque - Defensa;1;3;;;;;1
28/04/2020;07:43:00;85;sem vítima;354;BR-262/MG;Leste;Colisão Traseira;1;2;;;;;1
28/04/2020;07:54:00;90;sem vítima;631;BR-262/MG;Leste;Colisão Lateral;1;3;;;;;1
28/04/2020;10:08:00;177;ac02 - Acidente com Vítima;423;BR-262/MG;Oeste;Colisão Lateral;1;1;;;1;;2
28/04/2020;10:57:00;205;sem vítima;70,1;BR-060/GO;Norte;Tombamento;1;2;;;;;1
28/04/2020;18:52:00;384;sem vítima;59;BR-060/GO;Norte;Atropelamento de Animal;1;2;;;;;1
28/04/2020;19:17:00;389;sem vítima;792;BR-262/MG;Oeste;Saida de Pista;1;1;;;;;1
28/04/2020;23:17:00;464;sem vítima;64;BR-060/GO;Norte;;1;1;;;;;1
29/04/2020;07:07:00;83;sem vítima;0;BR-060/GO;Sul;Colisão Traseira;2;2;;;;;1
30/04/2020;02:20:00;18;ac02 - Acidente com Vítima;646;BR-262/MG;Oeste;Tombamento;1;0;1;;;;1
30/04/2020;06:45:00;54;ac02 - Acidente com Vítima;9;BR-060/DF;Norte;Colisão Traseira;1;2;;;2;;2
30/04/2020;11:55:00;245;ac02 - Acidente com Vítima;558,352;BR-262/MG;Oeste;Tombamento;1;2;;1;;;2
01/02/2020;05:23:00;70;sem vítima;99;BR-060/GO;Sul;Colisão Traseira;1;2;;;;;1
01/02/2020;10:19:00;206;sem vítima;501;BR-262/MG;Leste;Colisão Frontal;2;2;;;;;1
01/02/2020;13:21:00;294;sem vítima;579,3;BR-262/MG;Leste;Tombamento;1;1;;;;;1
01/02/2020;16:13:00;349;sem vítima;703;BR-153/GO;Sul;Saida de Pista;1;1;;;;;1
02/02/2020;01:17:00;11;sem vítima;662,56;BR-153/GO;Norte;Tombamento;1;1;;;;;1
02/02/2020;15:25:00;296;sem vítima;594;BR-262/MG;Leste;Choque- Poste/Equipamento;1;2;;;;;1
02/02/2020;21:05:00;453;sem vítima;493;BR-153/GO;Norte;Objeto lançado contra veículo;1;4;;;;;1
03/02/2020;06:38:00;75;sem vítima;508;BR-153/GO;Norte;Engavetamento;1;3;;;;;1
03/02/2020;08:53:00;144;sem vítima;494,1;BR-153/GO;Norte;Engavetamento;1;4;;;;;1
03/02/2020;18:40:00;446;sem vítima;500;BR-153/GO;Sul;Colisão Traseira;2;3;;;;;1
03/02/2020;22:33:00;510;ac02 - Acidente com Vítima;235,712;BR-153/MG;Norte;Tombamento;1;0;1;;;;1
04/02/2020;07:24:00;70;sem vítima;521,63;BR-153/GO;Norte;Colisão Traseira;1;2;;;;;1
04/02/2020;09:46:00;166;sem vítima;107;BR-060/GO;Norte;Colisão Traseira;1;2;;;;;1
04/02/2020;18:39:00;452;ac02 - Acidente com Vítima;6,872;BR-060/GO;Norte;Tombamento;1;1;1;;;;1
05/02/2020;02:00:00;33;sem vítima;172,621;BR-153/MG;Norte;Tombamento;1;1;;;;;1
05/02/2020;06:41:00;98;ac02 - Acidente com Vítima;387,8;BR-262/MG;Oeste;Tombamento;1;0;1;;;;1
05/02/2020;06:48:00;100;ac02 - Acidente com Vítima;35,147;BR-153/MG;Norte;Tombamento;1;0;;1;;;2
05/02/2020;14:47:00;389;ac02 - Acidente com Vítima;78;BR-153/MG;Sul;Choque - Talude;1;0;;;1;;2
05/02/2020;16:39:00;440;sem vítima;515,3;BR-153/GO;Sul;Colisão Lateral;1;2;;;;;1
05/02/2020;17:25:00;460;sem vítima;174,1;BR-153/MG;Sul;Saida de Pista;1;2;;;;;1
05/02/2020;17:57:00;473;sem vítima;111,9;BR-060/GO;Sul;Choque- Placa/Suporte Sinalização;1;1;;;;;1
05/02/2020;19:20:00;513;sem vítima;573;BR-262/MG;Leste;Saida de Pista;1;1;;;;;1
06/02/2020;06:36:00;73;ac01 - Acidente com Vítima Fatal;664,5;BR-153/GO;Norte;Colisão Traseira;1;1;;;;1;3
06/02/2020;07:12:00;86;sem vítima;511,8;BR-153/GO;Norte;Colisão Traseira;1;4;;;;;1
06/02/2020;07:29:00;95;ac02 - Acidente com Vítima;497;BR-153/GO;Sul;Colisão Traseira;1;2;1;;;;1
06/02/2020;12:50:00;254;sem vítima;549;BR-262/MG;Leste;Colisão Traseira;1;3;;;;;1
06/02/2020;14:50:00;307;sem vítima;10,5;BR-060/DF;Sul;Tombamento;1;1;;;;;1
06/02/2020;16:09:00;336;ac02 - Acidente com Vítima;387,5;BR-262/MG;Oeste;Colisão Traseira;1;2;;1;;;2
06/02/2020;16:16:00;340;sem vítima;549;BR-262/MG;Oeste;Carreta deu L;1;1;;;;;1
06/02/2020;16:36:00;350;sem vítima;549;BR-262/MG;Leste;Colisão Traseira;1;2;;;;;1
06/02/2020;16:37:00;351;sem vítima;49;BR-153/MG;Sul;Choque - Arvore;1;2;;;;;1
06/02/2020;17:44:00;376;ac02 - Acidente com Vítima;112;BR-060/GO;Norte;Colisão Traseira;1;1;1;;;;1
06/02/2020;18:13:00;385;sem vítima;226;BR-153/MG;Norte;Colisão Traseira;1;6;;;;;1
06/02/2020;18:44:00;404;sem vítima;51,5;BR-153/MG;Sul;Colisão Transversal;2;2;;;;;1
06/02/2020;22:23:00;491;sem vítima;18,802;BR-153/MG;Sul;Choque - Barreira;1;1;;;;;1
06/02/2020;23:55:00;506;sem vítima;625;BR-262/MG;Leste;Choque - Elemento de Drenagem;1;1;;;;;1
07/02/2020;03:04:00;49;sem vítima;22,656;BR-153/MG;Sul;Saida de Pista;1;1;;;;;1
07/02/2020;05:40:00;65;sem vítima;603;BR-262/MG;Leste;Saida de Pista;1;1;;;;;1
07/02/2020;06:34:00;83;sem vítima;568;BR-262/MG;Leste;Colisão Lateral;3;3;;;;;1
07/02/2020;09:22:00;163;sem vítima;408;BR-262/MG;Leste;Colisão Traseira;1;3;;;;;1
07/02/2020;09:51:00;175;sem vítima;507,1;BR-153/GO;Norte;Engavetamento;1;3;;;;;1
07/02/2020;16:45:00;359;sem vítima;632;BR-262/MG;Oeste;Saida de Pista;1;1;;;;;1
07/02/2020;17:21:00;382;ac02 - Acidente com Vítima;96,694;BR-060/GO;Norte;Colisão Frontal;1;1;1;;;;1
07/02/2020;18:31:00;412;sem vítima;21;BR-153/MG;Norte;Engavetamento;1;3;;;;;1
07/02/2020;22:26:00;517;sem vítima;651;BR-262/MG;Leste;Tombamento;1;1;;;;;1
08/02/2020;00:19:00;4;sem vítima;778,3;BR-262/MG;Oeste;Engavetamento;1;51;;;;;1
08/02/2020;01:11:00;12;ac02 - Acidente com Vítima;548,1;BR-262/MG;Leste;Tombamento;1;0;2;;;;1
08/02/2020;05:18:00;57;sem vítima;576,3;BR-153/GO;Sul;Tombamento;1;1;;;;;1
08/02/2020;15:42:00;357;sem vítima;537;BR-262/MG;Leste;Colisão Traseira;1;4;;;;;1
08/02/2020;21:53:00;546;sem vítima;498,8;BR-153/GO;Sul;Colisão Lateral;1;2;;;;;1
09/02/2020;11:59:00;303;ac02 - Acidente com Vítima;24,247;BR-153/MG;Sul;Tombamento;1;1;1;1;;;2
09/02/2020;15:03:00;391;sem vítima;799,9;BR-262/MG;Oeste;Choque - Defensa;1;1;;;;;1
09/02/2020;21:07:00;580;sem vítima;356,79;BR-262/MG;Leste;Choque - Veiculo parado no acostamento;2;3;;;;;1
10/02/2020;08:12:00;129;sem vítima;649,85;BR-262/MG;Leste;Colisão Transversal;1;3;;;;;1
10/02/2020;09:12:00;156;sem vítima;21;BR-153/MG;Norte;Choque - Elemento de Drenagem;1;1;;;;;1
10/02/2020;13:19:00;259;ac02 - Acidente com Vítima;627;BR-153/GO;Sul;Colisão Lateral;2;1;1;;;;1
10/02/2020;15:42:00;317;sem vítima;586;BR-262/MG;Oeste;Colisão Traseira;1;4;;;;;1
10/02/2020;17:15:00;348;sem vítima;577;BR-262/MG;Leste;Saida de Pista;1;3;;;;;1
10/02/2020;18:51:00;379;ac02 - Acidente com Vítima;493,59;BR-153/GO;Norte;Colisão Lateral;1;1;;1;;;2
11/02/2020;00:05:00;3;ac02 - Acidente com Vítima;541,088;BR-153/GO;Norte;Colisão Traseira;2;1;3;;;;1
11/02/2020;01:01:00;15;sem vítima;125,458;BR-060/GO;Sul;Choque - Talude;1;1;;;;;1
11/02/2020;04:04:00;47;sem vítima;13,5;BR-153/MG;Sul;Saida de Pista;1;1;;;;;1
11/02/2020;04:19:00;58;sem vítima;9;BR-153/MG;Sul;Atropelamento de Animal;1;1;;;;;1
12/02/2020;08:23:00;149;ac02 - Acidente com Vítima;502,5;BR-153/GO;Norte;Engavetamento;2;5;1;;;;1
12/02/2020;10:47:00;259;sem vítima;192,399;BR-153/MG;Sul;Colisão Traseira;2;2;;;;;1
12/02/2020;14:45:00;383;sem vítima;113,5;BR-060/GO;Sul;Carreta deu L;1;1;;;;;1
12/02/2020;15:54:00;417;sem vítima;113,3;BR-060/GO;Sul;Choque - Outros;1;1;;;;;1
12/02/2020;19:52:00;547;sem vítima;109;BR-060/GO;Sul;Choque - Elemento de Drenagem;1;2;;;;;1
12/02/2020;20:40:00;575;ac02 - Acidente com Vítima;363;BR-262/MG;Oeste;Colisão Traseira;1;1;1;;;;1
12/02/2020;21:24:00;597;sem vítima;57;BR-153/MG;Norte;Tombamento;1;1;;;;;1
13/02/2020;03:58:00;45;sem vítima;560,2;BR-153/GO;Sul;Choque - Arvore;1;2;;;;;1
13/02/2020;05:17:00;55;ac02 - Acidente com Vítima;217,337;BR-153/MG;Sul;Tombamento;1;0;2;;;;1
13/02/2020;08:37:00;139;sem vítima;598;BR-262/MG;Leste;Colisão Traseira;1;2;;;;;1
13/02/2020;13:34:00;420;ac02 - Acidente com Vítima;663;BR-262/MG;Oeste;Colisão Traseira;1;1;1;;;;1
13/02/2020;20:40:00;667;sem vítima;128;BR-153/MG;Sul;Choque - Veiculo parado na pista;2;3;;;;;1
14/02/2020;10:00:00;236;sem vítima;699;BR-262/MG;Oeste;Engavetamento;4;4;;;;;1
17/02/2020;05:19:00;60;sem vítima;420;BR-262/MG;Oeste;Atropelamento de Animal;1;1;;;;;1
17/02/2020;07:43:00;110;ac02 - Acidente com Vítima;506;BR-153/GO;Norte;Engavetamento;1;4;2;;;;1
17/02/2020;14:13:00;361;sem vítima;147,4;BR-153/MG;Norte;Colisão Transversal;2;2;;;;;1
17/02/2020;16:18:00;413;sem vítima;443;BR-262/MG;Oeste;Colisão Traseira;1;3;;;;;1