data;horario;n_da_ocorrencia;tipo_de_ocorrencia;km;trecho;sentido;tipo_de_acidente;caminhao;ilesos;levemente_feridos;moderadamente_feridos;gravemente_feridos;mortos;3
24/09/2020;11:06:00;199;ac02 - Acidente com Vítima;7;BR-060/GO;Norte;Colisão Lateral;1;2;1;;;;1
24/09/2020;15:19:00;313;ac03 - Acidente com Danos Materiais;480;BR-262/MG;Oeste;Engavetamento;2;4;;;;;1
24/09/2020;15:37:00;320;ac01 - Acidente com Vítima Fatal;517;BR-262/MG;Leste;Choque - Arvore;1;0;;;;1;3
24/09/2020;16:25:00;337;ac03 - Acidente com Danos Materiais;431;BR-262/MG;Oeste;Colisão Lateral;1;2;;;;;1
25/09/2020;00:50:00;13;ac03 - Acidente com Danos Materiais;691;BR-153/GO;Norte;Colisão Traseira;2;2;;;;;1
25/09/2020;18:44:00;432;ac03 - Acidente com Danos Materiais;105;BR-060/GO;Sul;Choque - Outros;1;3;;;;;1
25/09/2020;21:18:00;506;ac02 - Acidente com Vítima;26,5;BR-153/MG;Norte;Tombamento;1;0;1;;;;1
26/09/2020;02:38:00;40;ac03 - Acidente com Danos Materiais;57;BR-153/MG;Norte;Colisão Traseira;2;2;;;;;1
26/09/2020;03:22:00;50;ac03 - Acidente com Danos Materiais;519;BR-153/GO;Sul;Atropelamento de Animal;1;1;;;;;1
26/09/2020;07:04:00;87;ac03 - Acidente com Danos Materiais;15,313;BR-060/GO;Norte;Tombamento;1;1;;;;;1
26/09/2020;13:37:00;268;ac03 - Acidente com Danos Materiais;413,5;BR-262/MG;Leste;Carreta deu L;1;2;;;;;1
26/09/2020;22:08:00;446;ac02 - Acidente com Vítima;440;BR-262/MG;Oeste;Colisão Traseira;1;2;;1;;;2
27/09/2020;06:48:00;74;ac03 - Acidente com Danos Materiais;496;BR-153/GO;Sul;Colisão Traseira;1;2;;;;;1
27/09/2020;07:33:00;94;ac03 - Acidente com Danos Materiais;101;BR-060/GO;Norte;Colisão Traseira;2;2;;;;;1
27/09/2020;16:12:00;299;ac02 - Acidente com Vítima;4;BR-060/DF;Norte;Colisão Traseira;1;4;;;4;;2
27/09/2020;17:29:00;336;ac02 - Acidente com Vítima;237,5;BR-153/MG;Sul;Capotamento;1;1;2;;;;1
27/09/2020;18:51:00;371;ac02 - Acidente com Vítima;148;BR-153/MG;Norte;Tombamento;1;0;1;;;;1
27/09/2020;19:28:00;385;ac01 - Acidente com Vítima Fatal;658,6;BR-262/MG;Leste;Colisão Frontal;1;1;1;;;2;3
27/09/2020;20:32:00;406;ac03 - Acidente com Danos Materiais;232;BR-153/MG;Sul;Colisão Traseira;2;2;;;;;1
28/09/2020;03:21:00;39;ac03 - Acidente com Danos Materiais;55,444;BR-153/MG;Sul;Tombamento;1;1;;;;;1
28/09/2020;06:37:00;69;ac03 - Acidente com Danos Materiais;96;BR-153/MG;Norte;Saida de Pista;1;2;;;;;1
28/09/2020;13:12:00;278;ac03 - Acidente com Danos Materiais;383,4;BR-262/MG;Oeste;Colisão Lateral;2;2;;;;;1
29/09/2020;04:23:00;49;ac03 - Acidente com Danos Materiais;642,71;BR-153/GO;Norte;Colisão Traseira;2;2;;;;;1
29/09/2020;11:38:00;233;ac03 - Acidente com Danos Materiais;366;BR-262/MG;Oeste;Colisão Traseira;1;4;;;;;1
29/09/2020;15:06:00;311;ac03 - Acidente com Danos Materiais;563,301;BR-153/GO;Norte;Saida de Pista;1;2;;;;;1
29/09/2020;18:16:00;415;ac03 - Acidente com Danos Materiais;497,493;BR-262/MG;Leste;Tombamento;1;1;;;;;1
29/09/2020;19:05:00;431;ac03 - Acidente com Danos Materiais;590,546;BR-262/MG;Oeste;Colisão Traseira;2;2;;;;;1
29/09/2020;23:59:00;507;ac03 - Acidente com Danos Materiais;42;BR-153/MG;Norte;Tombamento;1;1;;;;;1
30/09/2020;00:49:00;13;ac02 - Acidente com Vítima;554,241;BR-262/MG;Leste;Tombamento;1;0;1;1;;;2
30/09/2020;07:51:00;80;ac02 - Acidente com Vítima;26,961;BR-060/DF;Norte;Colisão Traseira;1;2;;2;1;;2
30/09/2020;10:55:00;172;ac02 - Acidente com Vítima;91,6;BR-153/MG;Sul;Tombamento;1;0;1;;;;1
30/09/2020;16:30:00;338;ac03 - Acidente com Danos Materiais;15,9;BR-153/MG;Sul;Engavetamento;1;3;;;;;1
01/10/2020;09:12:00;142;ac02 - Acidente com Vítima;133;BR-060/GO;Norte;Saida de Pista;1;2;1;;;;1
01/10/2020;13:47:00;306;ac03 - Acidente com Danos Materiais;553;BR-153/GO;Norte;Colisão Lateral;1;2;;;;;1
01/10/2020;14:26:00;330;ac03 - Acidente com Danos Materiais;95;BR-060/GO;Sul;Saida de Pista;1;1;;;;;1
01/10/2020;19:09:00;480;ac03 - Acidente com Danos Materiais;493;BR-262/MG;Leste;Tombamento;1;1;;;;;1
02/10/2020;15:41:00;353;ac03 - Acidente com Danos Materiais;373;BR-262/MG;Oeste;Colisão Traseira;1;2;;;;;1
02/10/2020;18:38:00;453;ac03 - Acidente com Danos Materiais;498;BR-153/GO;Norte;Engavetamento;1;4;;;;;1
03/10/2020;03:00:00;23;ac03 - Acidente com Danos Materiais;410;BR-262/MG;Leste;Choque - Arvore;1;1;;;;;1
03/10/2020;08:44:00;107;ac03 - Acidente com Danos Materiais;10;BR-153/MG;Sul;Saida de Pista;1;3;;;;;1
03/10/2020;10:03:00;143;ac03 - Acidente com Danos Materiais;128;BR-060/GO;Norte;Colisão Lateral;1;2;;;;;1
03/10/2020;15:33:00;318;ac03 - Acidente com Danos Materiais;702;BR-153/GO;Norte;Colisão Traseira;1;2;;;;;1
03/10/2020;16:45:00;352;ac03 - Acidente com Danos Materiais;29;BR-153/MG;Sul;Saida de Pista;1;1;;;;;1
03/10/2020;22:07:00;483;ac03 - Acidente com Danos Materiais;51;BR-153/MG;Sul;Colisão Frontal;2;2;;;;;1
04/10/2020;16:44:00;370;ac03 - Acidente com Danos Materiais;609,606;BR-153/GO;Norte;Colisão Traseira;2;2;;;;;1
04/10/2020;23:49:00;529;ac02 - Acidente com Vítima;677,5;BR-153/GO;Sul;Colisão Traseira;1;1;3;;;;1
05/10/2020;00:52:00;16;ac02 - Acidente com Vítima;412,215;BR-262/MG;Leste;Tombamento;1;0;;1;;;2
05/10/2020;09:50:00;165;ac03 - Acidente com Danos Materiais;376;BR-262/MG;Leste;Saida de Pista;2;3;;;;;1
06/10/2020;14:31:00;274;ac03 - Acidente com Danos Materiais;568;BR-262/MG;Oeste;Tombamento;1;1;;;;;1
06/10/2020;21:58:00;463;ac03 - Acidente com Danos Materiais;513;BR-153/GO;Norte;Choque - Defensa;1;2;;;;;1
06/10/2020;23:51:00;481;ac03 - Acidente com Danos Materiais;246,3;BR-153/MG;Sul;Choque - Defensa;1;1;;;;;1
07/10/2020;08:11:00;83;ac03 - Acidente com Danos Materiais;130;BR-153/MG;Sul;Colisão Lateral;1;3;;;;;1
07/10/2020;12:43:00;218;ac03 - Acidente com Danos Materiais;464,3;BR-262/MG;Leste;Tombamento;1;1;;;;;1
07/10/2020;14:57:00;282;ac02 - Acidente com Vítima;646,513;BR-153/GO;Sul;Tombamento;1;0;3;;;;1
07/10/2020;17:04:00;340;ac03 - Acidente com Danos Materiais;645;BR-153/GO;Norte;Colisão Traseira;2;2;;;;;1
07/10/2020;20:24:00;438;ac03 - Acidente com Danos Materiais;500;BR-153/GO;Sul;Colisão Traseira;1;2;;;;;1
07/10/2020;21:49:00;467;ac03 - Acidente com Danos Materiais;370,432;BR-262/MG;Oeste;Colisão Traseira;2;2;;;;;1
08/10/2020;06:31:00;80;ac01 - Acidente com Vítima Fatal;44,9;BR-153/MG;Norte;Colisão Lateral;1;0;1;1;;1;3
08/10/2020;20:24:00;500;ac03 - Acidente com Danos Materiais;605,598;BR-262/MG;Oeste;Colisão Lateral;1;2;;;;;1
09/10/2020;13:09:00;281;ac03 - Acidente com Danos Materiais;415;BR-262/MG;Oeste;Tombamento;1;1;;;;;1
09/10/2020;13:50:00;302;ac03 - Acidente com Danos Materiais;415;BR-262/MG;Oeste;Colisão Traseira;1;2;;;;;1
09/10/2020;13:52:00;303;ac03 - Acidente com Danos Materiais;912;BR-262/MG;Leste;Saida de Pista;1;2;;;;;1
09/10/2020;18:16:00;482;ac02 - Acidente com Vítima;591;BR-153/GO;Sul;Colisão Traseira;1;1;1;;;;1
09/10/2020;18:42:00;498;ac03 - Acidente com Danos Materiais;19;BR-060/GO;Norte;Saida de Pista;1;1;;;;;1
10/10/2020;02:13:00;36;ac03 - Acidente com Danos Materiais;791,2;BR-262/MG;Oeste;Tombamento;1;1;;;;;1
10/10/2020;06:35:00;83;ac02 - Acidente com Vítima;553,7;BR-262/MG;Leste;Tombamento;1;0;1;;;;1
10/10/2020;07:41:00;110;ac02 - Acidente com Vítima;519;BR-262/MG;Leste;Tombamento;1;0;1;;;;1
10/10/2020;23:10:00;563;ac03 - Acidente com Danos Materiais;578;BR-262/MG;Leste;Tombamento;1;1;;;;;1
11/10/2020;00:30:00;6;ac03 - Acidente com Danos Materiais;369,15;BR-262/MG;Oeste;Choque - Barreira;1;1;;;;;1
11/10/2020;08:28:00;118;ac03 - Acidente com Danos Materiais;30;BR-060/DF;Sul;Colisão Traseira;2;3;;;;;1
12/10/2020;13:37:00;253;ac02 - Acidente com Vítima;386;BR-262/MG;Leste;Choque - Elemento de Drenagem;1;0;1;;;;1
12/10/2020;14:09:00;273;ac02 - Acidente com Vítima;448,23;BR-262/MG;Oeste;Engavetamento;1;3;3;;;;1
12/10/2020;15:28:00;310;ac03 - Acidente com Danos Materiais;132,562;BR-060/GO;Sul;Colisão Traseira;1;5;;;;;1
13/10/2020;07:48:00;121;ac03 - Acidente com Danos Materiais;782,5;BR-262/MG;Oeste;Saida de Pista;1;1;;;;;1
13/10/2020;12:40:00;246;ac03 - Acidente com Danos Materiais;176;BR-153/MG;Sul;Colisão Traseira;1;5;;;;;1
14/10/2020;05:30:00;52;ac03 - Acidente com Danos Materiais;82,164;BR-153/MG;Sul;Capotamento;1;3;;;;;1
14/10/2020;08:20:00;112;ac03 - Acidente com Danos Materiais;2;BR-060/GO;Sul;Saida de Pista;1;1;;;;;1
14/10/2020;08:49:00;128;ac03 - Acidente com Danos Materiais;554,5;BR-262/MG;Oeste;Engavetamento;1;4;;;;;1
14/10/2020;09:41:00;152;ac03 - Acidente com Danos Materiais;37;BR-153/MG;Sul;Saida de Pista;1;6;;;;;1
14/10/2020;17:18:00;323;ac03 - Acidente com Danos Materiais;594;BR-262/MG;Leste;Saida de Pista;1;1;;;;;1
14/10/2020;19:11:00;366;ac03 - Acidente com Danos Materiais;77;BR-153/MG;Sul;Tombamento;1;1;;;;;1
15/10/2020;00:04:00;1;ac03 - Acidente com Danos Materiais;359;BR-262/MG;Leste;Colisão Traseira;1;3;;;;;1
15/10/2020;16:39:00;360;ac03 - Acidente com Danos Materiais;544,5;BR-262/MG;Leste;Colisão Traseira;2;2;;;;;1
15/10/2020;21:01:00;460;ac03 - Acidente com Danos Materiais;92;BR-060/GO;Sul;Colisão Lateral;1;2;;;;;1
16/10/2020;06:59:00;80;ac01 - Acidente com Vítima Fatal;76,75;BR-153/MG;Sul;Colisão Lateral;2;6;;;;1;3
16/10/2020;07:36:00;94;ac03 - Acidente com Danos Materiais;648;BR-262/MG;Leste;Choque - Defensa;2;2;;;;;1
16/10/2020;07:46:00;96;ac03 - Acidente com Danos Materiais;438,2;BR-262/MG;Leste;Colisão Traseira;2;2;;;;;1
16/10/2020;07:49:00;98;ac03 - Acidente com Danos Materiais;534,5;BR-262/MG;Leste;Tombamento;1;2;;;;;1
16/10/2020;10:33:00;176;ac02 - Acidente com Vítima;644,15;BR-262/MG;Leste;Engavetamento;2;8;2;;;;1
16/10/2020;11:45:00;201;ac03 - Acidente com Danos Materiais;490;BR-153/GO;Norte;;1;2;;;;;1
16/10/2020;16:52:00;358;ac02 - Acidente com Vítima;534,15;BR-262/MG;Oeste;Tombamento;1;0;1;;;;1
16/10/2020;17:43:00;391;ac03 - Acidente com Danos Materiais;128;BR-060/GO;Norte;Colisão Traseira;1;2;;;;;1
16/10/2020;23:14:00;515;ac03 - Acidente com Danos Materiais;419,652;BR-262/MG;Oeste;Tombamento;1;1;;;;;1
17/10/2020;07:41:00;87;ac02 - Acidente com Vítima;139;BR-153/MG;Sul;Tombamento;1;3;1;;;;1
18/10/2020;05:37:00;67;ac03 - Acidente com Danos Materiais;243;BR-153/MG;Sul;Atropelamento de Animal;1;1;;;;;1
18/10/2020;12:19:00;251;ac02 - Acidente com Vítima;553;BR-262/MG;Leste;Colisão Frontal;2;3;;1;;;2
18/10/2020;14:52:00;322;ac02 - Acidente com Vítima;127;BR-060/GO;Sul;Tombamento;1;2;;1;;;2
18/10/2020;17:09:00;393;ac03 - Acidente com Danos Materiais;105;BR-060/GO;Sul;Carreta deu L;1;1;;;;;1
18/10/2020;18:30:00;442;ac01 - Acidente com Vítima Fatal;1,002;BR-153/MG;Sul;Colisão Frontal;1;1;;;;1;3
18/10/2020;18:42:00;446;ac03 - Acidente com Danos Materiais;8;BR-060/DF;Sul;Choque - Outros;1;1;;;;;1
18/10/2020;19:45:00;482;ac03 - Acidente com Danos Materiais;176,5;BR-153/MG;Norte;Colisão Lateral;2;2;;;;;1
19/10/2020;11:24:00;220;ac03 - Acidente com Danos Materiais;166,3;BR-153/MG;Sul;Tombamento;1;1;;;;;1
19/10/2020;15:15:00;324;ac03 - Acidente com Danos Materiais;595,15;BR-262/MG;Oeste;Tombamento;1;1;;;;;1
20/10/2020;04:03:00;37;ac03 - Acidente com Danos Materiais;594,978;BR-262/MG;Leste;Tombamento;1;1;;;;;1
20/10/2020;07:16:00;73;ac03 - Acidente com Danos Materiais;589,3;BR-262/MG;Leste;Colisão Lateral;1;2;;;;;1
20/10/2020;08:46:00;125;ac03 - Acidente com Danos Materiais;464,85;BR-262/MG;Leste;Saida de Pista;1;2;;;;;1
20/10/2020;09:21:00;137;ac03 - Acidente com Danos Materiais;491,41;BR-262/MG;Leste;Tombamento;1;1;;;;;1
20/10/2020;10:54:00;183;ac03 - Acidente com Danos Materiais;606,95;BR-262/MG;Leste;Colisão Transversal;2;5;;;;;1
20/10/2020;11:21:00;194;ac03 - Acidente com Danos Materiais;1,002;BR-153/MG;Norte;Saida de Pista;1;1;;;;;1
20/10/2020;11:33:00;203;ac03 - Acidente com Danos Materiais;595,25;BR-262/MG;Leste;Colisão Traseira;1;2;;;;;1
20/10/2020;12:10:00;218;ac03 - Acidente com Danos Materiais;494;BR-153/GO;Sul;Colisão Traseira;1;2;;;;;1
20/10/2020;13:15:00;242;ac03 - Acidente com Danos Materiais;390,2;BR-262/MG;Oeste;Colisão Traseira;3;3;;;;;1
20/10/2020;14:05:00;264;ac03 - Acidente com Danos Materiais;610;BR-262/MG;Leste;Colisão Traseira;1;2;;;;;1
20/10/2020;16:27:00;334;ac03 - Acidente com Danos Materiais;28;BR-153/MG;Sul;Tombamento;1;1;;;;;1
20/10/2020;19:00:00;379;ac03 - Acidente com Danos Materiais;391;BR-262/MG;Oeste;Saida de Pista;1;1;;;;;1
20/10/2020;21:23:00;415;ac03 - Acidente com Danos Materiais;547;BR-262/MG;Leste;Carreta deu L;1;1;;;;;1
21/10/2020;07:11:00;77;ac03 - Acidente com Danos Materiais;16;BR-153/MG;Sul;Saida de Pista;1;2;;;;;1
21/10/2020;08:53:00;115;ac02 - Acidente com Vítima;490;BR-262/MG;Oeste;Colisão Frontal;2;1;;;1;;2
21/10/2020;10:38:00;148;ac03 - Acidente com Danos Materiais;109;BR-060/GO;Sul;Colisão Traseira;1;2;;;;;1
21/10/2020;13:28:00;223;ac03 - Acidente com Danos Materiais;477;BR-262/MG;Leste;Colisão Lateral;1;4;;;;;1
22/10/2020;00:05:00;1;ac03 - Acidente com Danos Materiais;553;BR-262/MG;Oeste;Tombamento;1;1;;;;;1
22/10/2020;06:39:00;73;ac03 - Acidente com Danos Materiais;901;BR-262/MG;Leste;Saida de Pista;1;1;;;;;1
22/10/2020;13:14:00;248;ac03 - Acidente com Danos Materiais;367;BR-262/MG;Oeste;Colisão Traseira;2;2;;;;;1
22/10/2020;15:23:00;297;ac03 - Acidente com Danos Materiais;245;BR-153/MG;Norte;Colisão Lateral;1;2;;;;;1
22/10/2020;20:40:00;438;ac03 - Acidente com Danos Materiais;115;BR-060/GO;Sul;Saida de Pista;1;1;;;;;1
22/10/2020;22:51:00;481;ac03 - Acidente com Danos Materiais;2;BR-060/GO;Sul;Tombamento;1;1;;;;;1
23/10/2020;08:21:00;117;ac02 - Acidente com Vítima;547;BR-262/MG;Oeste;Tombamento;1;0;1;;;;1
23/10/2020;10:35:00;182;ac03 - Acidente com Danos Materiais;101,621;BR-060/GO;Sul;Colisão Lateral;1;2;;;;;1
23/10/2020;12:33:00;240;ac02 - Acidente com Vítima;836,4;BR-262/MG;Leste;Engavetamento;4;3;1;;;;1
23/10/2020;15:56:00;335;ac03 - Acidente com Danos Materiais;113,75;BR-060/GO;Sul;Carreta deu L;1;1;;;;;1
23/10/2020;18:50:00;437;ac02 - Acidente com Vítima;426;BR-262/MG;Leste;Colisão Traseira;1;1;;;1;;2
23/10/2020;19:40:00;454;ac02 - Acidente com Vítima;505;BR-153/GO;Sul;Colisão Traseira;1;2;1;;;;1
23/10/2020;20:12:00;464;ac03 - Acidente com Danos Materiais;154,953;BR-153/MG;Norte;Saida de Pista;1;1;;;;;1
23/10/2020;21:36:00;500;ac03 - Acidente com Danos Materiais;74,5;BR-153/MG;Sul;Saida de Pista;1;2;;;;;1
23/10/2020;23:41:00;538;ac03 - Acidente com Danos Materiais;81,305;BR-060/GO;Sul;Tombamento;1;1;;;;;1
24/10/2020;06:32:00;72;ac03 - Acidente com Danos Materiais;148;BR-153/MG;Norte;Tombamento;1;1;;;;;1
24/10/2020;10:43:00;186;ac03 - Acidente com Danos Materiais;500,037;BR-153/GO;Norte;Colisão Lateral;1;2;;;;;1
24/10/2020;11:07:00;197;ac03 - Acidente com Danos Materiais;548,851;BR-262/MG;Leste;Choque - Talude;1;1;;;;;1
25/10/2020;13:16:00;221;ac03 - Acidente com Danos Materiais;608;BR-262/MG;Leste;Colisão Traseira;1;4;;;;;1
25/10/2020;15:46:00;264;ac02 - Acidente com Vítima;171;BR-153/MG;Norte;Colisão Lateral;1;1;1;;;;1
26/10/2020;04:57:00;47;ac02 - Acidente com Vítima;855;BR-262/MG;Leste;Colisão Traseira;1;1;;1;1;;2
26/10/2020;15:56:00;427;ac02 - Acidente com Vítima;96,421;BR-060/GO;Sul;Saida de Pista;1;0;1;;;;1
26/10/2020;22:52:00;583;ac02 - Acidente com Vítima;547;BR-262/MG;Oeste;Tombamento;1;0;;1;;;2
27/10/2020;14:11:00;293;ac03 - Acidente com Danos Materiais;28,517;BR-060/GO;Sul;Colisão Traseira;2;2;;;;;1
27/10/2020;20:47:00;466;ac03 - Acidente com Danos Materiais;88;BR-153/MG;Norte;Carreta deu L;1;1;;;;;1
27/10/2020;21:25:00;480;ac03 - Acidente com Danos Materiais;152,2;BR-153/MG;Sul;Choque - Veiculo parado na pista;1;2;;;;;1
27/10/2020;21:58:00;491;ac03 - Acidente com Danos Materiais;16,224;BR-153/MG;Sul;Tombamento;1;1;;;;;1
28/10/2020;10:21:00;245;ac03 - Acidente com Danos Materiais;553;BR-262/MG;Oeste;Colisão Traseira;1;2;;;;;1
28/10/2020;20:20:00;533;ac02 - Acidente com Vítima;372,998;BR-262/MG;Oeste;Colisão Traseira;2;1;;1;;;2
29/10/2020;09:54:00;170;ac02 - Acidente com Vítima;640;BR-262/MG;Leste;Colisão Lateral;4;3;;;1;;2
29/10/2020;10:20:00;186;ac03 - Acidente com Danos Materiais;98;BR-153/MG;Sul;Tombamento;1;1;;;;;1
29/10/2020;14:11:00;273;ac02 - Acidente com Vítima;477;BR-262/MG;Oeste;Colisão Lateral;1;0;4;;;;1
29/10/2020;15:25:00;300;ac02 - Acidente com Vítima;84;BR-153/MG;Sul;Colisão Frontal;2;1;1;;;;1
29/10/2020;23:09:00;492;ac01 - Acidente com Vítima Fatal;128,7;BR-060/GO;Sul;Colisão Traseira;2;1;;;;1;3
30/10/2020;01:33:00;27;ac03 - Acidente com Danos Materiais;23;BR-153/MG;Sul;Saida de Pista;1;1;;;;;1
30/10/2020;09:17:00;151;ac02 - Acidente com Vítima;697;BR-153/GO;Norte;Tombamento;1;0;1;;;;1
30/10/2020;10:54:00;215;ac02 - Acidente com Vítima;107;BR-060/GO;Norte;Colisão Transversal;1;3;1;1;;;2
30/10/2020;18:34:00;422;ac03 - Acidente com Danos Materiais;464;BR-262/MG;Oeste;Tombamento;1;1;;;;;1
31/10/2020;07:44:00;125;ac03 - Acidente com Danos Materiais;11,5;BR-060/GO;Sul;Tombamento;1;1;;;;;1
31/10/2020;11:28:00;245;ac03 - Acidente com Danos Materiais;500;BR-153/GO;Sul;Engavetamento;4;6;;;;;1
31/10/2020;12:04:00;256;ac03 - Acidente com Danos Materiais;25;BR-060/GO;Sul;Choque - Talude;1;2;;;;;1
31/10/2020;12:28:00;263;ac03 - Acidente com Danos Materiais;185;BR-153/MG;Sul;Colisão Traseira;2;2;;;;;1
31/10/2020;15:56:00;375;ac03 - Acidente com Danos Materiais;62;BR-060/GO;Norte;Colisão Lateral;1;3;;;;;1
02/11/2020;11:26:00;187;ac03 - Acidente com Danos Materiais;108;BR-153/MG;Norte;Colisão Lateral;2;2;;;;;1
02/11/2020;14:20:00;272;ac03 - Acidente com Danos Materiais;554;BR-153/GO;Sul;Colisão Lateral;1;2;;;;;1
02/11/2020;17:42:00;392;ac01 - Acidente com Vítima Fatal;567,9;BR-262/MG;Oeste;Colisão Transversal;1;0;1;1;1;1;3
03/11/2020;12:05:00;235;ac03 - Acidente com Danos Materiais;494;BR-153/GO;Norte;Colisão Traseira;1;2;;;;;1
03/11/2020;12:17:00;242;ac03 - Acidente com Danos Materiais;691;BR-262/MG;Leste;Colisão Traseira;1;2;;;;;1
03/11/2020;13:01:00;261;ac03 - Acidente com Danos Materiais;501;BR-153/GO;Sul;Colisão Traseira;1;2;;;;;1
03/11/2020;15:17:00;313;ac03 - Acidente com Danos Materiais;389;BR-262/MG;Oeste;Colisão Lateral;2;2;;;;;1
03/11/2020;16:08:00;335;ac01 - Acidente com Vítima Fatal;570;BR-262/MG;Oeste;Colisão Lateral;1;0;1;;;1;3
03/11/2020;17:54:00;390;ac03 - Acidente com Danos Materiais;28;BR-060/GO;Norte;Tombamento;1;1;;;;;1
03/11/2020;18:35:00;407;ac03 - Acidente com Danos Materiais;500;BR-153/GO;Sul;Engavetamento;2;3;;;;;1
03/11/2020;19:37:00;439;ac03 - Acidente com Danos Materiais;484;BR-262/MG;Oeste;Atropelamento de Animal;1;1;;;;;1
04/11/2020;00:11:00;3;ac03 - Acidente com Danos Materiais;103;BR-060/GO;Norte;Colisão Traseira;2;2;;;;;1
04/11/2020;00:35:00;9;ac03 - Acidente com Danos Materiais;123;BR-153/MG;Norte;Choque - Elemento de Drenagem;1;1;;;;;1
04/11/2020;03:29:00;35;ac03 - Acidente com Danos Materiais;575;BR-262/MG;Leste;Colisão Lateral;1;6;;;;;1
04/11/2020;18:55:00;421;ac03 - Acidente com Danos Materiais;439,7;BR-262/MG;Leste;Colisão Traseira;2;2;;;;;1
04/11/2020;22:22:00;476;ac03 - Acidente com Danos Materiais;608,3;BR-153/GO;Norte;Colisão Traseira;1;2;;;;;1
06/11/2020;11:47:00;278;ac03 - Acidente com Danos Materiais;462,5;BR-262/MG;Leste;Colisão Traseira;1;2;;;;;1
06/11/2020;18:09:00;450;ac02 - Acidente com Vítima;101;BR-060/GO;Sul;Colisão Traseira;1;1;1;1;;;2
06/11/2020;19:29:00;479;ac03 - Acidente com Danos Materiais;138;BR-060/GO;Norte;Colisão Lateral;2;2;;;;;1
06/11/2020;20:23:00;502;ac03 - Acidente com Danos Materiais;8;BR-060/DF;Sul;Tombamento;1;1;;;;;1
07/11/2020;17:46:00;380;ac03 - Acidente com Danos Materiais;595,6;BR-262/MG;Leste;Saida de Pista;1;2;;;;;1
07/11/2020;19:32:00;434;ac02 - Acidente com Vítima;594,413;BR-262/MG;Oeste;Colisão Traseira;1;1;;1;;;2
08/11/2020;03:32:00;33;ac03 - Acidente com Danos Materiais;627,8;BR-153/GO;Sul;Tombamento;1;1;;;;;1
08/11/2020;07:38:00;81;ac03 - Acidente com Danos Materiais;390;BR-262/MG;Leste;Colisão Traseira;1;2;;;;;1
08/11/2020;13:54:00;258;ac03 - Acidente com Danos Materiais;66,15;BR-153/MG;Sul;Colisão Lateral;1;5;;;;;1
08/11/2020;16:28:00;324;ac03 - Acidente com Danos Materiais;510,45;BR-153/GO;Sul;Choque- Placa/Suporte Sinalização;2;2;;;;;1
08/11/2020;19:45:00;438;ac02 - Acidente com Vítima;878;BR-262/MG;Leste;Colisão Traseira;2;1;1;;;;1
09/11/2020;05:01:00;42;ac02 - Acidente com Vítima;495,5;BR-153/GO;Sul;Colisão Traseira;1;0;2;;;;1
09/11/2020;07:53:00;106;ac02 - Acidente com Vítima;803;BR-262/MG;Leste;Colisão Traseira;1;2;1;;;;1
09/11/2020;14:04:00;278;ac03 - Acidente com Danos Materiais;553;BR-262/MG;Oeste;Colisão Lateral;2;2;;;;;1
09/11/2020;14:54:00;305;ac03 - Acidente com Danos Materiais;586;BR-262/MG;Oeste;Saida de Pista;1;1;;;;;1
09/11/2020;16:22:00;346;ac03 - Acidente com Danos Materiais;1,8;BR-153/MG;Sul;Colisão Lateral;1;2;;;;;1
09/11/2020;22:11:00;476;ac03 - Acidente com Danos Materiais;576;BR-153/GO;Sul;Carreta deu L;1;1;;;;;1
09/11/2020;22:26:00;482;ac03 - Acidente com Danos Materiais;150,1;BR-153/MG;Sul;Capotamento;1;1;;;;;1
10/11/2020;00:53:00;9;ac02 - Acidente com Vítima;838,05;BR-262/MG;Oeste;Choque - Outros;1;0;;1;;;2
10/11/2020;23:19:00;446;ac03 - Acidente com Danos Materiais;651;BR-262/MG;Leste;Objeto lançado contra veículo;1;5;;;;;1
11/11/2020;00:06:00;2;ac03 - Acidente com Danos Materiais;71;BR-153/MG;Norte;Choque - Barreira;1;2;;;;;1
11/11/2020;09:12:00;141;ac01 - Acidente com Vítima Fatal;75;BR-153/MG;Norte;Colisão Frontal;4;8;;;;1;3
11/11/2020;12:08:00;222;ac03 - Acidente com Danos Materiais;588,5;BR-262/MG;Leste;Saida de Pista;1;1;;;;;1
11/11/2020;14:58:00;306;ac03 - Acidente com Danos Materiais;504;BR-153/GO;Norte;Colisão Lateral;1;2;;;;;1
11/11/2020;15:19:00;315;ac03 - Acidente com Danos Materiais;607;BR-153/GO;Sul;Colisão Traseira;2;2;;;;;1
11/11/2020;16:06:00;329;ac03 - Acidente com Danos Materiais;394;BR-262/MG;Oeste;Colisão Traseira;1;2;;;;;1