data;horario;n_da_ocorrencia;tipo_de_ocorrencia;km;trecho;sentido;tipo_de_acidente;caminhao;ilesos;levemente_feridos;moderadamente_feridos;gravemente_feridos;mortos;3
12/11/2020;02:13:00;28;ac03 - Acidente com Danos Materiais;552;BR-262/MG;Leste;Saida de Pista;1;1;;;;;1
12/11/2020;02:28:00;31;ac03 - Acidente com Danos Materiais;47;BR-060/GO;Norte;Tombamento;1;1;;;;;1
12/11/2020;06:47:00;83;ac02 - Acidente com Vítima;553;BR-262/MG;Leste;Colisão Frontal;2;1;1;;;;1
12/11/2020;09:54:00;167;ac03 - Acidente com Danos Materiais;532,35;BR-153/GO;Norte;Choque - Talude;1;1;;;;;1
12/11/2020;14:27:00;279;ac03 - Acidente com Danos Materiais;533;BR-262/MG;Leste;Saida de Pista;1;2;;;;;1
12/11/2020;15:35:00;313;ac03 - Acidente com Danos Materiais;586,9;BR-262/MG;Oeste;Colisão Lateral;2;3;;;;;1
12/11/2020;15:56:00;319;ac03 - Acidente com Danos Materiais;112;BR-060/GO;Sul;Choque - Talude;1;1;;;;;1
12/11/2020;16:40:00;339;ac03 - Acidente com Danos Materiais;777,12;BR-262/MG;Oeste;Tombamento;1;2;;;;;1
12/11/2020;17:22:00;358;ac02 - Acidente com Vítima;562,976;BR-153/GO;Norte;Tombamento;1;0;3;;;;1
12/11/2020;23:36:00;485;ac03 - Acidente com Danos Materiais;441,7;BR-262/MG;Leste;Colisão Traseira;1;2;;;;;1
13/11/2020;04:43:00;34;ac03 - Acidente com Danos Materiais;673;BR-153/GO;Sul;Colisão Traseira;2;2;;;;;1
13/11/2020;04:49:00;36;ac03 - Acidente com Danos Materiais;589,989;BR-262/MG;Oeste;Colisão Traseira;1;6;;;;;1
13/11/2020;06:25:00;54;ac03 - Acidente com Danos Materiais;635,787;BR-153/GO;Norte;Colisão Traseira;2;2;;;;;1
13/11/2020;07:43:00;80;ac03 - Acidente com Danos Materiais;607,35;BR-262/MG;Leste;Choque - Talude;1;1;;;;;1
13/11/2020;13:04:00;234;ac03 - Acidente com Danos Materiais;358,15;BR-262/MG;Leste;Carreta deu L;1;1;;;;;1
13/11/2020;14:22:00;265;ac03 - Acidente com Danos Materiais;592,695;BR-153/GO;Sul;Colisão Traseira;2;2;;;;;1
13/11/2020;15:39:00;291;ac03 - Acidente com Danos Materiais;46;BR-153/MG;Norte;Saida de Pista;1;1;;;;;1
13/11/2020;17:36:00;342;ac02 - Acidente com Vítima;553;BR-262/MG;Leste;Colisão Frontal;2;2;;1;;;2
13/11/2020;18:46:00;372;ac03 - Acidente com Danos Materiais;589;BR-262/MG;Oeste;Saida de Pista;1;1;;;;;1
13/11/2020;19:00:00;379;ac02 - Acidente com Vítima;664;BR-153/GO;Sul;Colisão Traseira;1;2;1;;;;1
13/11/2020;21:18:00;441;ac03 - Acidente com Danos Materiais;27,732;BR-060/GO;Sul;Colisão Traseira;1;3;;;;;1
13/11/2020;23:14:00;469;ac03 - Acidente com Danos Materiais;173,784;BR-153/MG;Sul;Saida de Pista;1;1;;;;;1
14/11/2020;00:22:00;11;ac03 - Acidente com Danos Materiais;125;BR-060/GO;Sul;Colisão Transversal;2;2;;;;;1
14/11/2020;08:58:00;151;ac03 - Acidente com Danos Materiais;43;BR-060/GO;Sul;Colisão Traseira;1;2;;;;;1
14/11/2020;11:53:00;225;ac03 - Acidente com Danos Materiais;802;BR-262/MG;Leste;Colisão Traseira;1;2;;;;;1
14/11/2020;13:08:00;252;ac03 - Acidente com Danos Materiais;52;BR-153/MG;Sul;Colisão Traseira;2;2;;;;;1
14/11/2020;16:12:00;335;ac03 - Acidente com Danos Materiais;668,5;BR-153/GO;Sul;Colisão Traseira;1;2;;;;;1
14/11/2020;20:32:00;445;ac03 - Acidente com Danos Materiais;492,9;BR-153/GO;Norte;Carreta deu L;1;1;;;;;1
14/11/2020;21:28:00;460;ac02 - Acidente com Vítima;88;BR-153/MG;Norte;Colisão Transversal;1;2;1;;;;1
15/11/2020;20:00:00;347;ac03 - Acidente com Danos Materiais;588;BR-262/MG;Oeste;;1;1;;;;;1
16/11/2020;11:38:00;197;ac03 - Acidente com Danos Materiais;494,788;BR-153/GO;Sul;Colisão Traseira;1;2;;;;;1
16/11/2020;20:01:00;408;ac03 - Acidente com Danos Materiais;8,54;BR-060/DF;Norte;Carreta deu L;1;1;;;;;1
17/11/2020;00:54:00;17;ac03 - Acidente com Danos Materiais;494,54;BR-262/MG;Leste;Tombamento;1;1;;;;;1
17/11/2020;08:46:00;80;ac03 - Acidente com Danos Materiais;647,35;BR-262/MG;Leste;Colisão Transversal;2;2;;;;;1
17/11/2020;08:15:00;81;ac03 - Acidente com Danos Materiais;41,8;BR-060/GO;Norte;Choque- Placa/Suporte Sinalização;1;2;;;;;1
17/11/2020;10:05:00;100;ac03 - Acidente com Danos Materiais;508,713;BR-153/GO;Norte;Colisão Traseira;2;2;;;;;1
17/11/2020;14:21:00;193;ac03 - Acidente com Danos Materiais;701,5;BR-262/MG;Oeste;Colisão Traseira;2;2;;;;;1
17/11/2020;15:06:00;230;ac03 - Acidente com Danos Materiais;654,25;BR-153/GO;Norte;Choque - Elemento de Drenagem;1;2;;;;;1
17/11/2020;17:41:00;289;ac03 - Acidente com Danos Materiais;79;BR-153/MG;Sul;Tombamento;1;1;;;;;1
17/11/2020;19:07:00;324;ac03 - Acidente com Danos Materiais;402,4;BR-262/MG;Oeste;Colisão Lateral;1;2;;;;;1
17/11/2020;19:18:00;326;ac03 - Acidente com Danos Materiais;588,8;BR-262/MG;Oeste;Carreta deu L;1;1;;;;;1
18/11/2020;01:05:00;13;ac03 - Acidente com Danos Materiais;648,676;BR-153/GO;Norte;Colisão Traseira;2;2;;;;;1
18/11/2020;09:19:00;119;ac03 - Acidente com Danos Materiais;712;BR-262/MG;Oeste;Choque - Arvore;1;1;;;;;1
18/11/2020;11:00:00;182;ac03 - Acidente com Danos Materiais;645,1;BR-153/GO;Sul;Carreta deu L;1;1;;;;;1
18/11/2020;18:42:00;367;ac02 - Acidente com Vítima;611;BR-262/MG;Oeste;Saida de Pista;1;0;;1;;;2
19/11/2020;00:31:00;9;ac03 - Acidente com Danos Materiais;483;BR-262/MG;Oeste;Colisão Traseira;2;2;;;;;1
19/11/2020;02:15:00;34;ac01 - Acidente com Vítima Fatal;598,1;BR-262/MG;Leste;Choque - Veiculo parado no acostamento;1;7;1;3;;1;3
19/11/2020;02:52:00;38;ac03 - Acidente com Danos Materiais;4;BR-060/GO;Sul;Atropelamento de Animal;1;1;;;;;1
19/11/2020;07:26:00;102;ac03 - Acidente com Danos Materiais;487;BR-262/MG;Oeste;Carreta deu L;1;1;;;;;1
19/11/2020;07:31:00;106;ac03 - Acidente com Danos Materiais;4;BR-060/GO;Sul;Choque - Outros;1;1;;;;;1
19/11/2020;12:25:00;254;ac03 - Acidente com Danos Materiais;551;BR-262/MG;Leste;Tombamento;1;1;;;;;1
19/11/2020;16:09:00;369;ac03 - Acidente com Danos Materiais;498,5;BR-153/GO;Sul;Colisão Lateral;1;3;;;;;1
19/11/2020;22:38:00;512;ac03 - Acidente com Danos Materiais;599;BR-153/GO;Sul;Carreta deu L;1;1;;;;;1
20/11/2020;01:11:00;18;ac03 - Acidente com Danos Materiais;17;BR-153/MG;Norte;Saida de Pista;1;2;;;;;1
20/11/2020;01:21:00;19;ac03 - Acidente com Danos Materiais;548;BR-262/MG;Oeste;Colisão Traseira;2;5;;;;;1
20/11/2020;18:16:00;409;ac03 - Acidente com Danos Materiais;80;BR-060/GO;Norte;Carreta deu L;1;1;;;;;1
21/11/2020;01:34:00;21;ac03 - Acidente com Danos Materiais;439,75;BR-262/MG;Oeste;Atropelamento - Morador;1;3;;;;;1
21/11/2020;07:09:00;61;ac03 - Acidente com Danos Materiais;46;BR-060/GO;Norte;Colisão Traseira;1;6;;;;;1
21/11/2020;08:59:00;108;ac03 - Acidente com Danos Materiais;649;BR-153/GO;Sul;Colisão Traseira;1;2;;;;;1
21/11/2020;21:08:00;363;ac03 - Acidente com Danos Materiais;537,2;BR-153/GO;Norte;Colisão Lateral;1;3;;;;;1
22/11/2020;16:47:00;300;ac03 - Acidente com Danos Materiais;608;BR-262/MG;Leste;Saida de Pista;1;1;;;;;1
22/11/2020;21:37:00;393;ac03 - Acidente com Danos Materiais;43;BR-060/GO;Norte;Colisão Lateral;1;6;;;;;1
22/11/2020;22:43:00;419;ac03 - Acidente com Danos Materiais;363;BR-262/MG;Leste;Colisão Traseira;2;2;;;;;1
23/11/2020;13:26:00;283;ac03 - Acidente com Danos Materiais;492;BR-153/GO;Sul;Colisão Lateral;1;2;;;;;1
23/11/2020;13:50:00;294;ac03 - Acidente com Danos Materiais;97;BR-060/GO;Sul;Colisão Traseira;1;3;;;;;1
23/11/2020;16:05:00;370;ac03 - Acidente com Danos Materiais;816;BR-262/MG;Leste;Tombamento;1;1;;;;;1
23/11/2020;16:54:00;391;ac03 - Acidente com Danos Materiais;587;BR-153/GO;Norte;Tombamento;1;1;;;;;1
24/11/2020;00:35:00;13;ac03 - Acidente com Danos Materiais;147,974;BR-153/MG;Sul;Tombamento;1;1;;;;;1
24/11/2020;07:09:00;74;ac02 - Acidente com Vítima;508;BR-153/GO;Norte;Colisão Traseira;1;2;;1;;;2
24/11/2020;09:10:00;142;ac03 - Acidente com Danos Materiais;506;BR-153/GO;Sul;Engavetamento;1;3;;;;;1
24/11/2020;14:47:00;285;ac03 - Acidente com Danos Materiais;802;BR-262/MG;Leste;Colisão Traseira;1;2;;;;;1
24/11/2020;17:52:00;360;ac03 - Acidente com Danos Materiais;58;BR-153/MG;Sul;Carreta deu L;1;1;;;;;1
25/11/2020;02:17:00;16;ac03 - Acidente com Danos Materiais;559;BR-262/MG;Oeste;Saida de Pista;1;1;;;;;1
25/11/2020;07:03:00;63;ac03 - Acidente com Danos Materiais;464;BR-262/MG;Leste;Engavetamento;2;8;;;;;1
25/11/2020;07:42:00;74;ac03 - Acidente com Danos Materiais;33,5;BR-060/GO;Norte;Colisão Traseira;2;2;;;;;1
25/11/2020;13:34:00;214;ac02 - Acidente com Vítima;94;BR-060/GO;Norte;Queda de Moto;1;1;1;;;;1
25/11/2020;17:49:00;337;ac03 - Acidente com Danos Materiais;104,984;BR-060/GO;Norte;Saida de Pista;1;2;;;;;1
26/11/2020;11:10:00;181;ac03 - Acidente com Danos Materiais;631,158;BR-153/GO;Sul;Colisão Traseira;2;2;;;;;1
26/11/2020;12:37:00;208;ac02 - Acidente com Vítima;95,541;BR-060/GO;Norte;Engavetamento;1;5;;1;;;2
26/11/2020;13:51:00;228;ac03 - Acidente com Danos Materiais;415;BR-262/MG;Leste;Saida de Pista;1;4;;;;;1
26/11/2020;15:44:00;285;ac03 - Acidente com Danos Materiais;671;BR-262/MG;Leste;Colisão Frontal;3;4;;;;;1
26/11/2020;19:27:00;386;ac03 - Acidente com Danos Materiais;47,4;BR-060/GO;Sul;Choque- Placa/Suporte Sinalização;1;1;;;;;1
26/11/2020;19:42:00;398;ac03 - Acidente com Danos Materiais;461;BR-262/MG;Oeste;Colisão Traseira;1;2;;;;;1
27/11/2020;06:04:00;51;ac02 - Acidente com Vítima;547;BR-262/MG;Oeste;Tombamento;1;0;1;;;;1
27/11/2020;06:24:00;54;ac02 - Acidente com Vítima;580;BR-262/MG;Oeste;Colisão Traseira;3;3;;1;;;2
27/11/2020;08:55:00;107;ac02 - Acidente com Vítima;128;BR-153/MG;Sul;Colisão Lateral;2;1;1;;;;1
27/11/2020;09:58:00;135;ac02 - Acidente com Vítima;765;BR-262/MG;Leste;Saida de Pista;1;1;2;;;;1
27/11/2020;11:35:00;177;ac03 - Acidente com Danos Materiais;693;BR-153/GO;Norte;Colisão Traseira;1;4;;;;;1
27/11/2020;14:41:00;242;ac02 - Acidente com Vítima;512,559;BR-153/GO;Sul;Colisão Traseira;1;2;1;1;;;2
27/11/2020;19:50:00;384;ac03 - Acidente com Danos Materiais;525,2;BR-262/MG;Oeste;Colisão Lateral;2;2;;;;;1
27/11/2020;21:24:00;429;ac03 - Acidente com Danos Materiais;525,2;BR-262/MG;Oeste;Queda em Ribanceira;2;2;;;;;1
28/11/2020;09:24:00;162;ac03 - Acidente com Danos Materiais;804,15;BR-262/MG;Leste;Colisão Traseira;1;3;;;;;1
28/11/2020;12:39:00;237;ac01 - Acidente com Vítima Fatal;493;BR-153/GO;Norte;Colisão Traseira;1;1;;;;1;3
28/11/2020;14:02:00;265;ac03 - Acidente com Danos Materiais;92,1;BR-153/MG;Sul;Colisão Traseira;1;2;;;;;1
28/11/2020;18:55:00;392;ac02 - Acidente com Vítima;493;BR-153/GO;Sul;Colisão Traseira;1;1;;1;;;2
28/11/2020;21:01:00;436;ac03 - Acidente com Danos Materiais;396;BR-262/MG;Leste;Colisão Traseira;1;3;;;;;1
29/11/2020;19:34:00;328;ac02 - Acidente com Vítima;454,199;BR-262/MG;Leste;Colisão Traseira;1;1;;1;;;2
29/11/2020;20:07:00;340;ac03 - Acidente com Danos Materiais;578;BR-153/GO;Sul;Colisão Lateral;1;2;;;;;1
30/11/2020;11:58:00;239;ac02 - Acidente com Vítima;48,23;BR-060/GO;Sul;Colisão Traseira;1;1;1;;;;1
30/11/2020;17:10:00;379;ac03 - Acidente com Danos Materiais;506;BR-262/MG;Leste;Colisão Traseira;1;2;;;;;1
01/12/2020;15:02:00;316;ac03 - Acidente com Danos Materiais;138;BR-060/GO;Norte;Colisão Lateral;1;2;;;;;1
01/12/2020;16:20:00;353;ac03 - Acidente com Danos Materiais;70;BR-153/MG;Sul;Colisão Traseira;2;2;;;;;1
01/12/2020;18:03:00;408;ac02 - Acidente com Vítima;802;BR-262/MG;Leste;Engavetamento;1;3;1;;;;1
02/12/2020;02:38:00;25;ac01 - Acidente com Vítima Fatal;655,6;BR-153/GO;Norte;Tombamento;1;1;;;;1;3
02/12/2020;08:07:00;86;ac03 - Acidente com Danos Materiais;465,25;BR-262/MG;Oeste;Tombamento;1;1;;;;;1
02/12/2020;08:26:00;90;ac03 - Acidente com Danos Materiais;594,35;BR-262/MG;Oeste;Choque- Placa/Suporte Sinalização;1;1;;;;;1
02/12/2020;10:27:00;137;ac03 - Acidente com Danos Materiais;579,15;BR-262/MG;Leste;Saida de Pista;1;1;;;;;1
02/12/2020;11:17:00;151;ac03 - Acidente com Danos Materiais;77,2;BR-153/MG;Norte;Tombamento;3;5;;;;;1
02/12/2020;12:33:00;179;ac03 - Acidente com Danos Materiais;366;BR-262/MG;Leste;Colisão Traseira;1;2;;;;;1
02/12/2020;14:36:00;202;ac03 - Acidente com Danos Materiais;75;BR-153/MG;Sul;Tombamento;1;2;;;;;1
02/12/2020;19:40:00;308;ac03 - Acidente com Danos Materiais;587,613;BR-262/MG;Oeste;Carreta deu L;1;1;;;;;1
02/12/2020;22:59:00;352;ac01 - Acidente com Vítima Fatal;647,998;BR-262/MG;Oeste;Colisão Transversal;2;0;;1;;1;3
02/12/2020;23:56:00;367;ac03 - Acidente com Danos Materiais;649,745;BR-262/MG;Leste;Choque - Veiculo parado no acostamento;1;2;;;;;1
03/12/2020;00:28:00;4;ac03 - Acidente com Danos Materiais;645,328;BR-262/MG;Oeste;Tombamento;1;2;;;;;1
03/12/2020;01:24:00;17;ac03 - Acidente com Danos Materiais;581,137;BR-262/MG;Oeste;Carreta deu L;1;2;;;;;1
03/12/2020;08:06:00;88;ac02 - Acidente com Vítima;561,35;BR-262/MG;Leste;Tombamento;1;0;1;;;;1
03/12/2020;10:13:00;143;ac03 - Acidente com Danos Materiais;388,202;BR-262/MG;Leste;Colisão Traseira;1;2;;;;;1
03/12/2020;10:26:00;151;ac03 - Acidente com Danos Materiais;135,2;BR-153/MG;Norte;Colisão Traseira;2;2;;;;;1
03/12/2020;11:43:00;189;ac03 - Acidente com Danos Materiais;134,8;BR-153/MG;Sul;Choque - Outros;1;1;;;;;1
03/12/2020;19:26:00;371;ac03 - Acidente com Danos Materiais;896;BR-262/MG;Leste;Colisão Traseira;1;3;;;;;1
03/12/2020;19:42:00;378;ac03 - Acidente com Danos Materiais;4;BR-060/GO;Sul;Colisão Traseira;2;2;;;;;1
03/12/2020;19:42:00;379;ac03 - Acidente com Danos Materiais;685;BR-153/GO;Sul;Engavetamento;2;3;;;;;1
04/12/2020;02:12:00;16;ac02 - Acidente com Vítima;364,835;BR-262/MG;Oeste;Colisão Traseira;1;1;;1;;;2
04/12/2020;03:52:00;23;ac03 - Acidente com Danos Materiais;99,038;BR-153/MG;Sul;Colisão Traseira;2;2;;;;;1
04/12/2020;07:06:00;48;ac03 - Acidente com Danos Materiais;4,258;BR-060/DF;Norte;Colisão Traseira;1;2;;;;;1
04/12/2020;16:15:00;356;ac03 - Acidente com Danos Materiais;549;BR-262/MG;Oeste;Saida de Pista;1;4;;;;;1
04/12/2020;16:19:00;357;ac03 - Acidente com Danos Materiais;15,8;BR-060/GO;Sul;Colisão Traseira;2;2;;;;;1
05/12/2020;04:18:00;41;ac03 - Acidente com Danos Materiais;148;BR-153/MG;Sul;Tombamento;1;2;;;;;1
05/12/2020;05:46:00;61;ac03 - Acidente com Danos Materiais;12;BR-153/MG;Norte;Tombamento;1;3;;;;;1
05/12/2020;09:07:00;140;ac03 - Acidente com Danos Materiais;575;BR-262/MG;Leste;Tombamento;1;1;;;;;1
05/12/2020;12:14:00;237;ac03 - Acidente com Danos Materiais;1,2;BR-060/DF;Norte;Colisão Lateral;1;2;;;;;1
05/12/2020;20:15:00;441;ac03 - Acidente com Danos Materiais;39;BR-153/MG;Sul;Colisão Frontal;1;4;;;;;1
05/12/2020;21:49:00;475;ac03 - Acidente com Danos Materiais;563,8;BR-153/GO;Norte;Saida de Pista;1;1;;;;;1
06/12/2020;06:33:00;60;ac03 - Acidente com Danos Materiais;130;BR-153/MG;Sul;Saida de Pista;1;2;;;;;1
06/12/2020;12:50:00;197;ac03 - Acidente com Danos Materiais;617;BR-153/GO;Norte;Colisão Lateral;1;2;;;;;1
06/12/2020;22:08:00;384;ac03 - Acidente com Danos Materiais;587;BR-262/MG;Leste;Carreta deu L;1;1;;;;;1
07/12/2020;07:56:00;80;ac03 - Acidente com Danos Materiais;554,3;BR-262/MG;Oeste;Colisão Traseira;2;2;;;;;1
07/12/2020;10:44:00;171;ac03 - Acidente com Danos Materiais;396,65;BR-262/MG;Leste;Colisão Traseira;2;3;;;;;1
07/12/2020;15:00:00;300;ac03 - Acidente com Danos Materiais;454;BR-262/MG;Leste;Choque - Objeto sobre a pista;1;2;;;;;1
07/12/2020;19:11:00;399;ac03 - Acidente com Danos Materiais;369,5;BR-262/MG;Oeste;Colisão Lateral;1;2;;;;;1
08/12/2020;11:10:00;227;ac03 - Acidente com Danos Materiais;571;BR-262/MG;Leste;Tombamento;1;3;;;;;1
08/12/2020;13:26:00;285;ac03 - Acidente com Danos Materiais;595;BR-262/MG;Leste;Saida de Pista;1;1;;;;;1
08/12/2020;13:38:00;290;ac03 - Acidente com Danos Materiais;588;BR-262/MG;Oeste;Carreta deu L;1;1;;;;;1
08/12/2020;13:39:00;291;ac03 - Acidente com Danos Materiais;573;BR-262/MG;Oeste;Saida de Pista;1;1;;;;;1
08/12/2020;14:54:00;336;ac02 - Acidente com Vítima;546;BR-153/GO;Norte;Engavetamento;1;5;1;;;;1
08/12/2020;17:07:00;411;ac03 - Acidente com Danos Materiais;573;BR-262/MG;Leste;Saida de Pista;1;1;;;;;1
08/12/2020;17:36:00;423;ac03 - Acidente com Danos Materiais;501;BR-262/MG;Leste;Colisão Lateral;1;2;;;;;1
08/12/2020;19:01:00;463;ac03 - Acidente com Danos Materiais;6,6;BR-060/GO;Sul;Tombamento;1;2;;;;;1
09/12/2020;01:16:00;17;ac03 - Acidente com Danos Materiais;46,238;BR-153/MG;Norte;Tombamento;1;1;;;;;1
09/12/2020;03:54:00;49;ac03 - Acidente com Danos Materiais;46,674;BR-153/MG;Norte;Tombamento;1;2;;;;;1
09/12/2020;04:51:00;54;ac03 - Acidente com Danos Materiais;557;BR-262/MG;Leste;Saida de Pista;1;1;;;;;1
09/12/2020;13:43:00;376;ac03 - Acidente com Danos Materiais;556;BR-262/MG;Leste;Colisão Traseira;2;4;;;;;1
09/12/2020;18:31:00;516;ac03 - Acidente com Danos Materiais;610;BR-262/MG;Leste;Saida de Pista;1;1;;;;;1
10/12/2020;05:06:00;56;ac03 - Acidente com Danos Materiais;566;BR-262/MG;Leste;Saida de Pista;1;1;;;;;1
10/12/2020;08:14:00;116;ac02 - Acidente com Vítima;580,05;BR-262/MG;Leste;Tombamento;1;0;;;1;;2
10/12/2020;13:12:00;295;ac03 - Acidente com Danos Materiais;389,3;BR-262/MG;Oeste;Saida de Pista;1;1;;;;;1
10/12/2020;13:16:00;296;ac03 - Acidente com Danos Materiais;99;BR-060/GO;Norte;Saida de Pista;1;1;;;;;1
10/12/2020;16:27:00;376;ac01 - Acidente com Vítima Fatal;619,9;BR-262/MG;Oeste;Colisão Lateral;3;19;;;;1;3
10/12/2020;19:00:00;431;ac03 - Acidente com Danos Materiais;480;BR-262/MG;Leste;Saida de Pista;1;1;;;;;1
10/12/2020;19:17:00;434;ac03 - Acidente com Danos Materiais;481,572;BR-262/MG;Leste;Saida de Pista;1;1;;;;;1
10/12/2020;22:32:00;492;ac03 - Acidente com Danos Materiais;586;BR-153/GO;Norte;Tombamento;1;1;;;;;1
10/12/2020;22:39:00;493;ac03 - Acidente com Danos Materiais;472,427;BR-262/MG;Oeste;Tombamento;1;1;;;;;1
11/12/2020;07:00:00;85;ac03 - Acidente com Danos Materiais;491;BR-153/GO;Sul;Choque - Defensa;1;1;;;;;1
11/12/2020;10:54:00;209;ac02 - Acidente com Vítima;94,5;BR-153/MG;Sul;Engavetamento;5;6;1;1;;;2
11/12/2020;12:43:00;249;ac02 - Acidente com Vítima;172,3;BR-153/MG;Norte;Tombamento;1;2;1;;;;1
11/12/2020;15:33:00;307;ac03 - Acidente com Danos Materiais;129;BR-060/GO;Norte;Colisão Traseira;1;3;;;;;1
11/12/2020;16:34:00;335;ac02 - Acidente com Vítima;517;BR-153/GO;Sul;Saida de Pista;1;0;1;;;;1
11/12/2020;17:32:00;393;ac03 - Acidente com Danos Materiais;445;BR-262/MG;Oeste;Colisão Traseira;1;2;;;;;1
11/12/2020;19:30:00;419;ac03 - Acidente com Danos Materiais;60;BR-153/MG;Norte;Engavetamento;2;7;;;;;1
11/12/2020;21:50:00;462;ac03 - Acidente com Danos Materiais;421,461;BR-262/MG;Leste;Atropelamento de Animal;1;2;;;;;1
12/12/2020;02:13:00;30;ac03 - Acidente com Danos Materiais;412,786;BR-262/MG;Leste;Saida de Pista;1;3;;;;;1
12/12/2020;15:22:00;316;ac03 - Acidente com Danos Materiais;116;BR-060/GO;Sul;Saida de Pista;1;1;;;;;1
12/12/2020;16:02:00;332;ac03 - Acidente com Danos Materiais;594,6;BR-262/MG;Leste;Carreta deu L;1;1;;;;;1
12/12/2020;22:34:00;491;ac03 - Acidente com Danos Materiais;137;BR-060/GO;Sul;Choque- Placa/Suporte Sinalização;1;1;;;;;1
13/12/2020;04:45:00;45;ac02 - Acidente com Vítima;42;BR-153/MG;Sul;Tombamento;1;1;1;;;;1
13/12/2020;14:10:00;272;ac02 - Acidente com Vítima;515;BR-153/GO;Sul;Colisão Traseira;1;2;1;;;;1
13/12/2020;17:06:00;339;ac03 - Acidente com Danos Materiais;199,916;BR-153/MG;Norte;Colisão Lateral;1;2;;;;;1
14/12/2020;00:51:00;13;ac03 - Acidente com Danos Materiais;124,694;BR-153/MG;Sul;Choque - Elemento de Drenagem;1;1;;;;;1
14/12/2020;06:51:00;75;ac03 - Acidente com Danos Materiais;699;BR-153/GO;Norte;Colisão Traseira;2;2;;;;;1
14/12/2020;10:36:00;197;ac03 - Acidente com Danos Materiais;118;BR-060/GO;Sul;Engavetamento;1;3;;;;;1
14/12/2020;16:17:00;392;ac03 - Acidente com Danos Materiais;126;BR-060/GO;Norte;Saida de Pista;1;1;;;;;1
14/12/2020;22:11:00;532;ac03 - Acidente com Danos Materiais;532;BR-153/GO;Norte;Tombamento;2;2;;;;;1
15/12/2020;06:57:00;94;ac03 - Acidente com Danos Materiais;74;BR-060/GO;Sul;Saida de Pista;1;1;;;;;1
15/12/2020;11:59:00;366;ac02 - Acidente com Vítima;491,35;BR-262/MG;Oeste;Colisão Transversal;1;1;1;;;;1
16/12/2020;00:40:00;19;ac02 - Acidente com Vítima;539,346;BR-262/MG;Leste;Saida de Pista;1;2;1;;;;1
16/12/2020;04:28:00;54;ac03 - Acidente com Danos Materiais;502,3;BR-262/MG;Oeste;Saida de Pista;1;1;;;;;1
16/12/2020;05:55:00;83;ac03 - Acidente com Danos Materiais;176,5;BR-153/MG;Sul;Saida de Pista;1;1;;;;;1
16/12/2020;11:55:00;292;ac03 - Acidente com Danos Materiais;141;BR-153/MG;Sul;Colisão Traseira;1;5;;;;;1
16/12/2020;13:24:00;344;ac03 - Acidente com Danos Materiais;492;BR-153/GO;Sul;Colisão Lateral;1;2;;;;;1
16/12/2020;15:32:00;411;ac03 - Acidente com Danos Materiais;451;BR-262/MG;Leste;Colisão Lateral;2;2;;;;;1
17/12/2020;02:08:00;31;ac02 - Acidente com Vítima;626,95;BR-153/GO;Norte;Tombamento;1;0;1;;;;1
17/12/2020;09:13:00;199;ac03 - Acidente com Danos Materiais;551;BR-153/GO;Sul;Tombamento;1;6;;;;;1
17/12/2020;09:49:00;216;ac03 - Acidente com Danos Materiais;761;BR-262/MG;Leste;Colisão Traseira;2;2;;;;;1
17/12/2020;15:34:00;428;ac03 - Acidente com Danos Materiais;14;BR-060/GO;Norte;Choque - Outros;1;1;;;;;1
17/12/2020;15:34:00;429;ac03 - Acidente com Danos Materiais;527;BR-153/GO;Norte;Colisão Lateral;1;2;;;;;1
17/12/2020;16:49:00;474;ac03 - Acidente com Danos Materiais;496;BR-153/GO;Sul;Engavetamento;1;4;;;;;1
17/12/2020;17:21:00;491;ac02 - Acidente com Vítima;652,45;BR-262/MG;Leste;Saida de Pista;1;0;1;;;;1
17/12/2020;17:23:00;492;ac02 - Acidente com Vítima;470,5;BR-262/MG;Leste;Colisão Frontal;2;1;;;2;;2
17/12/2020;19:55:00;566;ac03 - Acidente com Danos Materiais;553;BR-262/MG;Leste;Saida de Pista;1;1;;;;;1
17/12/2020;20:07:00;572;ac01 - Acidente com Vítima Fatal;497;BR-262/MG;Leste;Colisão Lateral;1;1;;;;1;3
17/12/2020;20:16:00;577;ac02 - Acidente com Vítima;18;BR-060/DF;Norte;Colisão Traseira;1;1;1;;;;1
18/12/2020;00:42:00;10;ac03 - Acidente com Danos Materiais;59;BR-153/MG;Sul;Colisão Traseira;2;2;;;;;1
18/12/2020;05:14:00;47;ac01 - Acidente com Vítima Fatal;190,72;BR-153/MG;Sul;Colisão Frontal;3;0;;2;;1;3