data;horario;n_da_ocorrencia;tipo_de_ocorrencia;km;trecho;sentido;tipo_de_acidente;caminhao;ilesos;levemente_feridos;moderadamente_feridos;gravemente_feridos;mortos;3
31/01/2021;20:13:00;407;ac03 - Acidente com Danos Materiais;701;BR-153/GO;Sul;Tombamento;1;2;;;;;1
01/02/2021;02:32:00;33;ac03 - Acidente com Danos Materiais;591,8;BR-153/GO;Sul;Tombamento;1;1;;;;;1
01/02/2021;09:40:00;131;ac03 - Acidente com Danos Materiais;626,2;BR-262/MG;Oeste;Tombamento;1;1;;;;;1
02/02/2021;16:14:00;312;ac02 - Acidente com Vítima;749;BR-262/MG;Leste;Colisão Lateral;1;2;1;;;;1
02/02/2021;20:10:00;427;ac03 - Acidente com Danos Materiais;109;BR-153/MG;Norte;Saida de Pista;1;1;;;;;1
03/02/2021;03:44:00;39;ac02 - Acidente com Vítima;703;BR-153/GO;Norte;Tombamento;1;3;1;;;;1
03/02/2021;08:33:00;130;ac03 - Acidente com Danos Materiais;39;BR-060/GO;Sul;Tombamento;1;3;;;;;1
03/02/2021;09:49:00;177;ac01 - Acidente com Vítima Fatal;7;BR-060/DF;Norte;Colisão Traseira;1;1;;;;1;3
03/02/2021;13:32:00;265;ac03 - Acidente com Danos Materiais;4;BR-060/GO;Norte;Choque - Defensa;1;1;;;;;1
03/02/2021;16:04:00;331;ac03 - Acidente com Danos Materiais;500,6;BR-153/GO;Sul;Colisão Traseira;1;3;;;;;1
03/02/2021;17:52:00;388;ac03 - Acidente com Danos Materiais;20;BR-060/GO;Norte;Saida de Pista;1;1;;;;;1
03/02/2021;19:12:00;420;ac03 - Acidente com Danos Materiais;507,2;BR-153/GO;Norte;Colisão Traseira;1;2;;;;;1
03/02/2021;19:21:00;426;ac03 - Acidente com Danos Materiais;627;BR-262/MG;Oeste;Colisão Traseira;2;2;;;;;1
03/02/2021;21:54:00;480;ac03 - Acidente com Danos Materiais;364;BR-262/MG;Oeste;Saida de Pista;1;1;;;;;1
04/02/2021;12:19:00;215;ac03 - Acidente com Danos Materiais;372,2;BR-262/MG;Oeste;Colisão Traseira;2;2;;;;;1
05/02/2021;00:10:00;4;ac03 - Acidente com Danos Materiais;2,888;BR-060/GO;Sul;Tombamento;1;2;;;;;1
05/02/2021;05:43:00;38;ac03 - Acidente com Danos Materiais;518,1;BR-262/MG;Leste;Choque - Arvore;1;1;;;;;1
05/02/2021;06:17:00;46;ac03 - Acidente com Danos Materiais;522,05;BR-262/MG;Oeste;Saida de Pista;2;2;;;;;1
05/02/2021;06:21:00;49;ac03 - Acidente com Danos Materiais;519,65;BR-262/MG;Oeste;Saida de Pista;1;1;;;;;1
05/02/2021;08:33:00;96;ac03 - Acidente com Danos Materiais;492;BR-262/MG;Leste;Colisão Lateral;1;2;;;;;1
06/02/2021;08:53:00;110;ac03 - Acidente com Danos Materiais;24;BR-060/DF;Norte;Saida de Pista;1;3;;;;;1
06/02/2021;12:12:00;188;ac03 - Acidente com Danos Materiais;553;BR-153/GO;Sul;Engavetamento;1;3;;;;;1
06/02/2021;12:40:00;200;ac03 - Acidente com Danos Materiais;2;BR-060/DF;Norte;Carreta deu L;1;1;;;;;1
06/02/2021;15:01:00;258;ac03 - Acidente com Danos Materiais;603;BR-262/MG;Leste;Tombamento;1;1;;;;;1
06/02/2021;20:32:00;383;ac03 - Acidente com Danos Materiais;513;BR-153/GO;Sul;Colisão Traseira;1;2;;;;;1
07/02/2021;08:00:00;86;ac03 - Acidente com Danos Materiais;27;BR-153/MG;Sul;;1;1;;;;;1
07/02/2021;08:29:00;95;ac03 - Acidente com Danos Materiais;219;BR-153/MG;Sul;Colisão Lateral;1;4;;;;;1
07/02/2021;21:47:00;367;ac02 - Acidente com Vítima;446,552;BR-262/MG;Leste;Engavetamento;1;3;;1;;;2
08/02/2021;18:07:00;437;ac03 - Acidente com Danos Materiais;34;BR-060/GO;Norte;Colisão Lateral;2;3;;;;;1
09/02/2021;07:16:00;93;ac03 - Acidente com Danos Materiais;500,317;BR-153/GO;Norte;Colisão Lateral;1;2;;;;;1
09/02/2021;13:36:00;388;ac03 - Acidente com Danos Materiais;738;BR-262/MG;Leste;Colisão Traseira;1;3;;;;;1
09/02/2021;21:38:00;595;ac02 - Acidente com Vítima;604,73;BR-153/GO;Norte;Colisão Traseira;1;1;;1;;;2
11/02/2021;07:09:00;83;ac03 - Acidente com Danos Materiais;73,378;BR-060/GO;Norte;Colisão Traseira;2;2;;;;;1
11/02/2021;08:18:00;116;ac03 - Acidente com Danos Materiais;412;BR-262/MG;Oeste;Tombamento;1;2;;;;;1
11/02/2021;09:24:00;154;ac02 - Acidente com Vítima;549,7;BR-262/MG;Leste;Tombamento;1;0;1;;;;1
11/02/2021;17:55:00;367;ac03 - Acidente com Danos Materiais;4,2;BR-060/DF;Norte;Colisão Traseira;1;2;;;;;1
12/02/2021;00:44:00;12;ac03 - Acidente com Danos Materiais;685,096;BR-153/GO;Sul;Saida de Pista;1;1;;;;;1
12/02/2021;02:03:00;24;ac03 - Acidente com Danos Materiais;604;BR-153/GO;Norte;Tombamento;1;2;;;;;1
12/02/2021;02:24:00;31;ac03 - Acidente com Danos Materiais;552,5;BR-153/GO;Norte;Tombamento;1;2;;;;;1
12/02/2021;05:03:00;53;ac03 - Acidente com Danos Materiais;128;BR-060/GO;Sul;Tombamento;1;2;;;;;1
12/02/2021;10:37:00;171;ac03 - Acidente com Danos Materiais;101,726;BR-060/GO;Norte;Choque - Elemento de Drenagem;1;1;;;;;1
12/02/2021;13:32:00;251;ac03 - Acidente com Danos Materiais;119,975;BR-060/GO;Sul;Tombamento;1;2;;;;;1
12/02/2021;13:48:00;258;ac03 - Acidente com Danos Materiais;4;BR-060/GO;Sul;Carreta deu L;1;1;;;;;1
12/02/2021;14:47:00;290;ac02 - Acidente com Vítima;95,379;BR-060/GO;Sul;Capotamento;1;0;;2;;;2
12/02/2021;15:21:00;303;ac03 - Acidente com Danos Materiais;26,293;BR-060/DF;Norte;Colisão Traseira;1;2;;;;;1
12/02/2021;20:26:00;450;ac03 - Acidente com Danos Materiais;107;BR-060/GO;Norte;Colisão Lateral;1;2;;;;;1
13/02/2021;13:49:00;273;ac03 - Acidente com Danos Materiais;626,3;BR-262/MG;Oeste;Tombamento;1;2;;;;;1
13/02/2021;15:51:00;318;ac02 - Acidente com Vítima;172;BR-153/MG;Sul;Tombamento;1;0;1;;;;1
13/02/2021;17:08:00;350;ac03 - Acidente com Danos Materiais;604;BR-153/GO;Norte;Colisão Traseira;2;2;;;;;1
13/02/2021;18:35:00;378;ac03 - Acidente com Danos Materiais;197;BR-153/MG;Sul;Tombamento;1;1;;;;;1
13/02/2021;23:03:00;455;ac03 - Acidente com Danos Materiais;768;BR-262/MG;Leste;Saida de Pista;1;1;;;;;1
14/02/2021;10:04:00;146;ac03 - Acidente com Danos Materiais;701;BR-262/MG;Leste;Saida de Pista;1;4;;;;;1
14/02/2021;11:29:00;170;ac03 - Acidente com Danos Materiais;666;BR-153/GO;Norte;Saida de Pista;1;2;;;;;1
15/02/2021;01:30:00;21;ac03 - Acidente com Danos Materiais;691;BR-262/MG;Oeste;Tombamento;1;1;;;;;1
15/02/2021;09:55:00;196;ac02 - Acidente com Vítima;539,6;BR-262/MG;Oeste;Capotamento;1;0;;1;;;2
15/02/2021;16:18:00;338;ac03 - Acidente com Danos Materiais;553;BR-153/GO;Norte;Choque - Cancela de Pedagio;1;2;;;;;1
15/02/2021;18:12:00;389;ac03 - Acidente com Danos Materiais;57,8;BR-153/MG;Norte;Saida de Pista;1;1;;;;;1
16/02/2021;10:16:00;162;ac02 - Acidente com Vítima;665,378;BR-153/GO;Norte;Colisão Lateral;1;1;1;;;;1
16/02/2021;16:40:00;342;ac03 - Acidente com Danos Materiais;583,947;BR-153/GO;Norte;Choque - Elemento de Drenagem;1;1;;;;;1
16/02/2021;16:59:00;353;ac03 - Acidente com Danos Materiais;91,285;BR-153/MG;Sul;Saida de Pista;1;1;;;;;1
17/02/2021;05:18:00;28;ac03 - Acidente com Danos Materiais;414,13;BR-262/MG;Leste;Colisão Traseira;2;2;;;;;1
17/02/2021;10:59:00;195;ac03 - Acidente com Danos Materiais;498,3;BR-262/MG;Oeste;Colisão Traseira;1;2;;;;;1
17/02/2021;23:03:00;564;ac03 - Acidente com Danos Materiais;366,15;BR-262/MG;Leste;Colisão Traseira;2;2;;;;;1
18/02/2021;12:30:00;272;ac03 - Acidente com Danos Materiais;582;BR-262/MG;Leste;Colisão Traseira;1;3;;;;;1
18/02/2021;13:04:00;291;ac03 - Acidente com Danos Materiais;433;BR-262/MG;Leste;Saida de Pista;1;1;;;;;1
18/02/2021;13:25:00;304;ac03 - Acidente com Danos Materiais;45;BR-060/GO;Sul;Colisão Traseira;1;4;;;;;1
18/02/2021;15:33:00;366;ac03 - Acidente com Danos Materiais;589;BR-262/MG;Leste;Colisão Lateral;1;2;;;;;1
19/02/2021;05:09:00;82;ac02 - Acidente com Vítima;140;BR-153/MG;Sul;Colisão Lateral;2;2;1;;;;1
19/02/2021;10:01:00;201;ac03 - Acidente com Danos Materiais;97,404;BR-060/GO;Norte;Colisão Traseira;1;3;;;;;1
19/02/2021;15:15:00;358;ac03 - Acidente com Danos Materiais;575;BR-262/MG;Leste;Engavetamento;3;4;;;;;1
19/02/2021;15:58:00;388;ac03 - Acidente com Danos Materiais;496;BR-153/GO;Norte;Colisão Traseira;1;4;;;;;1
19/02/2021;19:56:00;521;ac03 - Acidente com Danos Materiais;626;BR-153/GO;Sul;Atropelamento de Animal;1;1;;;;;1
19/02/2021;20:35:00;538;ac03 - Acidente com Danos Materiais;566;BR-153/GO;Norte;Colisão Traseira;2;5;;;;;1
19/02/2021;20:47:00;547;ac03 - Acidente com Danos Materiais;745,8;BR-262/MG;Leste;Colisão Traseira;1;2;;;;;1
20/02/2021;07:22:00;103;ac03 - Acidente com Danos Materiais;126,461;BR-060/GO;Sul;Engavetamento;2;5;;;;;1
20/02/2021;08:30:00;136;ac03 - Acidente com Danos Materiais;505,382;BR-153/GO;Norte;Colisão Traseira;2;3;;;;;1
20/02/2021;09:46:00;223;ac03 - Acidente com Danos Materiais;388,15;BR-262/MG;Oeste;Colisão Traseira;1;4;;;;;1
20/02/2021;10:46:00;278;ac03 - Acidente com Danos Materiais;126,534;BR-060/GO;Sul;Colisão Traseira;1;3;;;;;1
20/02/2021;17:34:00;480;ac03 - Acidente com Danos Materiais;43,108;BR-060/GO;Sul;Colisão Lateral;1;2;;;;;1
20/02/2021;23:31:00;596;ac02 - Acidente com Vítima;539,4;BR-153/GO;Sul;Colisão Traseira;1;1;1;;;;1
21/02/2021;12:09:00;192;ac03 - Acidente com Danos Materiais;459,25;BR-262/MG;Leste;Colisão Traseira;1;3;;;;;1
21/02/2021;13:05:00;208;ac02 - Acidente com Vítima;586,1;BR-262/MG;Leste;Colisão Transversal;2;0;1;1;;;2
22/02/2021;01:35:00;11;ac03 - Acidente com Danos Materiais;479,5;BR-262/MG;Oeste;Saida de Pista;1;1;;;;;1
22/02/2021;07:32:00;71;ac03 - Acidente com Danos Materiais;3;BR-060/DF;Sul;Engavetamento;1;6;;;;;1
22/02/2021;12:54:00;275;ac03 - Acidente com Danos Materiais;73;BR-060/GO;Sul;Capotamento;1;1;;;;;1
22/02/2021;18:25:00;425;ac03 - Acidente com Danos Materiais;130;BR-153/MG;Norte;Colisão Traseira;2;2;;;;;1
22/02/2021;20:03:00;485;ac03 - Acidente com Danos Materiais;893;BR-262/MG;Oeste;Colisão Traseira;1;2;;;;;1
23/02/2021;06:26:00;85;ac03 - Acidente com Danos Materiais;27;BR-060/DF;Sul;Choque - Outros;1;1;;;;;1
23/02/2021;07:48:00;132;ac03 - Acidente com Danos Materiais;502;BR-153/GO;Norte;Choque - Barreira;1;2;;;;;1
23/02/2021;08:54:00;186;ac03 - Acidente com Danos Materiais;467,5;BR-262/MG;Leste;Choque - Outros;2;2;;;;;1
23/02/2021;10:20:00;265;ac02 - Acidente com Vítima;621;BR-153/GO;Norte;Capotamento;1;2;1;;;;1
23/02/2021;12:09:00;343;ac03 - Acidente com Danos Materiais;628;BR-153/GO;Norte;Colisão Lateral;2;4;;;;;1
23/02/2021;19:42:00;587;ac03 - Acidente com Danos Materiais;501;BR-153/GO;Sul;Colisão Lateral;1;2;;;;;1
24/02/2021;05:45:00;78;ac03 - Acidente com Danos Materiais;542,2;BR-153/GO;Norte;Colisão Traseira;1;2;;;;;1
24/02/2021;10:19:00;245;ac03 - Acidente com Danos Materiais;598;BR-153/GO;Sul;Capotamento;1;1;;;;;1
24/02/2021;14:54:00;390;ac03 - Acidente com Danos Materiais;469,5;BR-262/MG;Leste;Engavetamento;1;3;;;;;1
24/02/2021;17:21:00;458;ac03 - Acidente com Danos Materiais;493;BR-153/GO;Sul;Engavetamento;1;4;;;;;1
24/02/2021;17:42:00;471;ac03 - Acidente com Danos Materiais;406,7;BR-262/MG;Oeste;Choque - Talude;1;1;;;;;1
25/02/2021;01:05:00;20;ac03 - Acidente com Danos Materiais;561,457;BR-262/MG;Leste;Saida de Pista;1;2;;;;;1
25/02/2021;06:32:00;57;ac02 - Acidente com Vítima;416,15;BR-262/MG;Leste;Colisão Transversal;1;1;;;1;;2
25/02/2021;06:33:00;58;ac03 - Acidente com Danos Materiais;15,243;BR-153/MG;Sul;Tombamento;1;1;;;;;1
25/02/2021;11:47:00;217;ac03 - Acidente com Danos Materiais;424,9;BR-262/MG;Oeste;Choque - Elemento de Drenagem;1;3;;;;;1
25/02/2021;14:07:00;263;ac02 - Acidente com Vítima;637,5;BR-262/MG;Oeste;Capotamento;1;0;;1;;;2
25/02/2021;15:00:00;283;ac03 - Acidente com Danos Materiais;17;BR-153/MG;Norte;Colisão Lateral;1;2;;;;;1
25/02/2021;18:56:00;378;ac03 - Acidente com Danos Materiais;107;BR-060/GO;Sul;Choque - Barreira;1;1;;;;;1
26/02/2021;05:57:00;47;ac02 - Acidente com Vítima;15;BR-060/GO;Sul;Colisão Lateral;1;1;1;;;;1
26/02/2021;06:52:00;60;ac03 - Acidente com Danos Materiais;703;BR-153/GO;Sul;Choque - Barreira;1;2;;;;;1
26/02/2021;09:29:00;153;ac03 - Acidente com Danos Materiais;614;BR-153/GO;Sul;Tombamento;1;1;;;;;1
26/02/2021;10:42:00;195;ac03 - Acidente com Danos Materiais;504,1;BR-153/GO;Sul;Colisão Lateral;1;2;;;;;1
26/02/2021;11:15:00;219;ac02 - Acidente com Vítima;372;BR-262/MG;Leste;Colisão Lateral;1;1;1;;;;1
26/02/2021;11:48:00;235;ac02 - Acidente com Vítima;505,2;BR-262/MG;Oeste;Colisão Traseira;1;6;1;;;;1
26/02/2021;12:45:00;255;ac03 - Acidente com Danos Materiais;138;BR-060/GO;Norte;Colisão Traseira;1;2;;;;;1
26/02/2021;15:26:00;328;ac03 - Acidente com Danos Materiais;568;BR-153/GO;Norte;Engavetamento;1;4;;;;;1
27/02/2021;01:03:00;22;ac03 - Acidente com Danos Materiais;587;BR-262/MG;Oeste;Saida de Pista;1;1;;;;;1
27/02/2021;04:14:00;48;ac03 - Acidente com Danos Materiais;629,135;BR-153/GO;Sul;Tombamento;1;1;;;;;1
27/02/2021;05:55:00;69;ac03 - Acidente com Danos Materiais;45;BR-153/MG;Norte;Saida de Pista;1;4;;;;;1
27/02/2021;06:27:00;82;ac03 - Acidente com Danos Materiais;555;BR-262/MG;Leste;Saida de Pista;1;2;;;;;1
27/02/2021;07:36:00;121;ac03 - Acidente com Danos Materiais;381;BR-262/MG;Leste;Saida de Pista;1;2;;;;;1
27/02/2021;11:58:00;293;ac03 - Acidente com Danos Materiais;128,2;BR-153/MG;Sul;Choque - Outros;1;1;;;;;1
27/02/2021;12:35:00;305;ac03 - Acidente com Danos Materiais;576;BR-262/MG;Leste;Saida de Pista;1;1;;;;;1
27/02/2021;14:38:00;357;ac03 - Acidente com Danos Materiais;587;BR-262/MG;Leste;Saida de Pista;1;1;;;;;1
27/02/2021;16:15:00;396;ac02 - Acidente com Vítima;595,15;BR-262/MG;Leste;Colisão Traseira;2;1;;;1;;2
27/02/2021;16:19:00;399;ac03 - Acidente com Danos Materiais;594,35;BR-262/MG;Leste;Tombamento;1;1;;;;;1
27/02/2021;18:47:00;469;ac03 - Acidente com Danos Materiais;172;BR-153/MG;Norte;Saida de Pista;1;3;;;;;1
28/02/2021;00:48:00;15;ac03 - Acidente com Danos Materiais;594,35;BR-262/MG;Leste;Choque - Veiculo parado no acostamento;1;2;;;;;1
28/02/2021;09:59:00;139;ac03 - Acidente com Danos Materiais;803;BR-262/MG;Oeste;Choque - Defensa;1;1;;;;;1
28/02/2021;14:34:00;269;ac03 - Acidente com Danos Materiais;633,8;BR-262/MG;Leste;Colisão Traseira;1;2;;;;;1
28/02/2021;15:10:00;281;ac03 - Acidente com Danos Materiais;51,833;BR-153/MG;Norte;Colisão Lateral;2;2;;;;;1
28/02/2021;17:13:00;327;ac01 - Acidente com Vítima Fatal;702,447;BR-153/GO;Sul;Colisão Frontal;1;1;;;;1;3
28/02/2021;22:27:00;420;ac02 - Acidente com Vítima;112;BR-060/GO;Sul;Colisão Traseira;1;3;;1;;;2
01/03/2021;03:37:00;43;ac03 - Acidente com Danos Materiais;8,954;BR-153/MG;Sul;Tombamento;1;1;;;;;1
01/03/2021;10:13:00;204;ac03 - Acidente com Danos Materiais;435;BR-262/MG;Oeste;Tombamento;1;2;;;;;1
01/03/2021;16:08:00;388;ac03 - Acidente com Danos Materiais;1;BR-060/DF;Sul;Colisão Lateral;1;3;;;;;1
02/03/2021;04:02:00;41;ac03 - Acidente com Danos Materiais;410,79;BR-262/MG;Leste;Atropelamento de Animal;1;2;;;;;1
02/03/2021;09:12:00;124;ac03 - Acidente com Danos Materiais;587;BR-262/MG;Leste;Colisão Traseira;1;2;;;;;1
02/03/2021;09:27:00;130;ac02 - Acidente com Vítima;369,217;BR-262/MG;Leste;Tombamento;1;0;1;;;;1
02/03/2021;10:27:00;157;ac02 - Acidente com Vítima;118;BR-060/GO;Norte;Colisão Lateral;1;1;;1;;;2
02/03/2021;11:05:00;182;ac02 - Acidente com Vítima;589,475;BR-153/GO;Norte;Saida de Pista;1;3;3;;;;1
03/03/2021;08:04:00;124;ac03 - Acidente com Danos Materiais;627;BR-153/GO;Norte;Tombamento;1;2;;;;;1
03/03/2021;09:00:00;160;ac03 - Acidente com Danos Materiais;4;BR-060/DF;Sul;Colisão Lateral;1;2;;;;;1
03/03/2021;11:43:00;239;ac03 - Acidente com Danos Materiais;687;BR-262/MG;Leste;Colisão Traseira;1;2;;;;;1
03/03/2021;23:05:00;513;ac03 - Acidente com Danos Materiais;138;BR-060/GO;Norte;Atropelamento de Animal;1;1;;;;;1
04/03/2021;07:55:00;108;ac03 - Acidente com Danos Materiais;449,8;BR-262/MG;Leste;Colisão Traseira;2;3;;;;;1
04/03/2021;11:29:00;247;ac03 - Acidente com Danos Materiais;136,3;BR-153/MG;Sul;Colisão Traseira;1;2;;;;;1
04/03/2021;14:14:00;313;ac03 - Acidente com Danos Materiais;517;BR-153/GO;Sul;Saida de Pista;1;1;;;;;1
04/03/2021;15:08:00;336;ac03 - Acidente com Danos Materiais;398,15;BR-262/MG;Oeste;Colisão Traseira;1;2;;;;;1
04/03/2021;22:49:00;520;ac03 - Acidente com Danos Materiais;516,64;BR-262/MG;Oeste;Colisão Traseira;2;2;;;;;1
05/03/2021;10:17:00;228;ac03 - Acidente com Danos Materiais;508,674;BR-153/GO;Norte;Engavetamento;1;4;;;;;1
05/03/2021;19:13:00;470;ac03 - Acidente com Danos Materiais;738;BR-262/MG;Oeste;Tombamento;1;1;;;;;1
05/03/2021;20:45:00;506;ac03 - Acidente com Danos Materiais;792;BR-262/MG;Leste;Tombamento;1;1;;;;;1
06/03/2021;13:27:00;240;ac03 - Acidente com Danos Materiais;547;BR-262/MG;Leste;Saida de Pista;1;2;;;;;1
06/03/2021;14:21:00;265;ac03 - Acidente com Danos Materiais;590;BR-153/GO;Sul;Saida de Pista;1;2;;;;;1
06/03/2021;16:45:00;305;ac03 - Acidente com Danos Materiais;564;BR-153/GO;Sul;Capotamento;1;4;;;;;1
06/03/2021;21:05:00;410;ac03 - Acidente com Danos Materiais;537;BR-153/GO;Sul;Choque - Elemento de Drenagem;1;1;;;;;1
07/03/2021;13:32:00;204;ac03 - Acidente com Danos Materiais;549;BR-262/MG;Oeste;Tombamento;1;2;;;;;1
07/03/2021;17:25:00;286;ac02 - Acidente com Vítima;98;BR-060/GO;Sul;Colisão Lateral;1;1;1;;;;1
08/03/2021;07:08:00;76;ac03 - Acidente com Danos Materiais;630;BR-153/GO;Sul;Choque - Elemento de Drenagem;1;1;;;;;1
08/03/2021;10:24:00;175;ac03 - Acidente com Danos Materiais;92;BR-060/GO;Norte;Choque - Defensa;1;1;;;;;1
09/03/2021;04:46:00;35;ac02 - Acidente com Vítima;549;BR-262/MG;Oeste;Colisão Transversal;1;1;;;1;;2
09/03/2021;05:17:00;38;ac03 - Acidente com Danos Materiais;625,15;BR-262/MG;Oeste;Colisão Traseira;2;2;;;;;1
09/03/2021;07:17:00;78;ac03 - Acidente com Danos Materiais;123;BR-060/GO;Norte;Saida de Pista;1;1;;;;;1
09/03/2021;08:44:00;126;ac03 - Acidente com Danos Materiais;542,648;BR-153/GO;Sul;Colisão Lateral;2;2;;;;;1
09/03/2021;12:15:00;221;ac03 - Acidente com Danos Materiais;382,35;BR-262/MG;Oeste;Colisão Traseira;1;2;;;;;1
09/03/2021;14:18:00;263;ac03 - Acidente com Danos Materiais;549,5;BR-262/MG;Leste;Saida de Pista;1;1;;;;;1
09/03/2021;14:28:00;271;ac03 - Acidente com Danos Materiais;537,85;BR-262/MG;Leste;Colisão Traseira;2;2;;;;;1
09/03/2021;19:09:00;381;ac03 - Acidente com Danos Materiais;17,3;BR-153/MG;Sul;Tombamento;2;4;;;;;1
09/03/2021;19:35:00;391;ac02 - Acidente com Vítima;506,74;BR-153/GO;Sul;Colisão Traseira;1;1;1;;;;1
09/03/2021;23:41:00;448;ac03 - Acidente com Danos Materiais;698,5;BR-153/GO;Norte;Colisão Lateral;2;2;;;;;1
10/03/2021;04:03:00;34;ac03 - Acidente com Danos Materiais;414;BR-262/MG;Leste;Saida de Pista;1;1;;;;;1
10/03/2021;14:53:00;296;ac03 - Acidente com Danos Materiais;515;BR-153/GO;Norte;Colisão Traseira;2;2;;;;;1
10/03/2021;15:06:00;303;ac03 - Acidente com Danos Materiais;236;BR-153/MG;Norte;Tombamento;1;1;;;;;1
11/03/2021;01:40:00;27;ac03 - Acidente com Danos Materiais;8;BR-153/MG;Sul;Saida de Pista;1;2;;;;;1
11/03/2021;06:37:00;72;ac03 - Acidente com Danos Materiais;41,736;BR-153/MG;Norte;Tombamento;1;1;;;;;1
11/03/2021;08:08:00;100;ac03 - Acidente com Danos Materiais;71;BR-153/MG;Norte;Saida de Pista;1;1;;;;;1
11/03/2021;14:58:00;318;ac03 - Acidente com Danos Materiais;506;BR-153/GO;Norte;Carreta deu L;1;1;;;;;1
11/03/2021;15:05:00;320;ac02 - Acidente com Vítima;490;BR-262/MG;Leste;Engavetamento;2;2;1;;;;1
12/03/2021;07:41:00;101;ac03 - Acidente com Danos Materiais;519,127;BR-153/GO;Norte;Tombamento;1;1;;;;;1
12/03/2021;08:09:00;123;ac03 - Acidente com Danos Materiais;744,3;BR-262/MG;Oeste;Saida de Pista;1;1;;;;;1
13/03/2021;07:36:00;93;ac02 - Acidente com Vítima;390,1;BR-262/MG;Oeste;Tombamento;1;0;1;;;;1
13/03/2021;12:29:00;248;ac03 - Acidente com Danos Materiais;1,274;BR-060/GO;Norte;Saida de Pista;1;1;;;;;1
13/03/2021;17:00:00;352;ac02 - Acidente com Vítima;894,5;BR-262/MG;Leste;Tombamento;1;0;1;;;;1
13/03/2021;23:05:00;459;ac02 - Acidente com Vítima;633,5;BR-262/MG;Leste;Colisão Traseira;2;0;3;1;;;2
14/03/2021;10:39:00;164;ac02 - Acidente com Vítima;502;BR-262/MG;Leste;Capotamento;1;1;1;;;;1
14/03/2021;15:36:00;277;ac02 - Acidente com Vítima;802,158;BR-262/MG;Oeste;Saida de Pista;1;0;1;;;;1
14/03/2021;16:05:00;292;ac03 - Acidente com Danos Materiais;75,5;BR-153/MG;Norte;Colisão Traseira;2;2;;;;;1
15/03/2021;08:53:00;132;ac03 - Acidente com Danos Materiais;88;BR-060/GO;Sul;Choque - Defensa;1;1;;;;;1
15/03/2021;16:01:00;319;ac03 - Acidente com Danos Materiais;508;BR-153/GO;Sul;Colisão Traseira;1;2;;;;;1
16/03/2021;14:00:00;355;ac02 - Acidente com Vítima;552,45;BR-262/MG;Leste;Tombamento;1;0;1;;;;1
16/03/2021;20:38:00;519;ac02 - Acidente com Vítima;12,937;BR-060/GO;Norte;Colisão Traseira;2;1;;1;;;2
16/03/2021;20:49:00;521;ac03 - Acidente com Danos Materiais;607;BR-153/GO;Norte;Saida de Pista;1;1;;;;;1
18/03/2021;05:11:00;37;ac02 - Acidente com Vítima;583;BR-153/GO;Norte;Saida de Pista;1;0;1;;;;1
18/03/2021;05:57:00;52;ac02 - Acidente com Vítima;608,24;BR-153/GO;Sul;Colisão Traseira;1;3;1;;;;1
18/03/2021;12:37:00;259;ac03 - Acidente com Danos Materiais;140;BR-153/MG;Norte;Colisão Traseira;1;2;;;;;1
19/03/2021;06:48:00;76;ac02 - Acidente com Vítima;7;BR-060/DF;Sul;Colisão Traseira;1;8;;1;;;2
19/03/2021;09:58:00;194;ac03 - Acidente com Danos Materiais;506;BR-153/GO;Norte;Colisão Traseira;1;2;;;;;1
19/03/2021;14:39:00;361;ac03 - Acidente com Danos Materiais;473;BR-262/MG;Leste;Tombamento;1;1;;;;;1
19/03/2021;18:55:00;491;ac03 - Acidente com Danos Materiais;370;BR-262/MG;Leste;Colisão Traseira;1;3;;;;;1
20/03/2021;08:38:00;120;ac02 - Acidente com Vítima;24,684;BR-153/MG;Sul;Colisão Traseira;1;2;;;1;;2
21/03/2021;10:31:00;512;ac03 - Acidente com Danos Materiais;95;BR-060/GO;Sul;Colisão Lateral;1;3;;;;;1
21/03/2021;12:37:00;635;ac03 - Acidente com Danos Materiais;687,2;BR-262/MG;Leste;Tombamento;1;1;;;;;1
21/03/2021;14:42:00;729;ac03 - Acidente com Danos Materiais;357,3;BR-262/MG;Oeste;Saida de Pista;1;2;;;;;1
22/03/2021;16:37:00;477;ac03 - Acidente com Danos Materiais;743;BR-262/MG;Oeste;Colisão Traseira;2;2;;;;;1
23/03/2021;02:24:00;34;ac03 - Acidente com Danos Materiais;61;BR-060/GO;Sul;Colisão Traseira;2;2;;;;;1
23/03/2021;04:28:00;52;ac03 - Acidente com Danos Materiais;411;BR-262/MG;Leste;Tombamento;1;1;;;;;1