data;horario;n_da_ocorrencia;tipo_de_ocorrencia;km;trecho;sentido;tipo_de_acidente;caminhao;ilesos;levemente_feridos;moderadamente_feridos;gravemente_feridos;mortos;3
23/03/2021;05:44:00;59;ac03 - Acidente com Danos Materiais;42;BR-153/MG;Norte;Tombamento;1;1;;;;;1
23/03/2021;14:04:00;326;ac03 - Acidente com Danos Materiais;504,8;BR-153/GO;Sul;Colisão Lateral;1;2;;;;;1
24/03/2021;06:52:00;90;ac03 - Acidente com Danos Materiais;27;BR-060/GO;Sul;Colisão Traseira;2;2;;;;;1
24/03/2021;08:07:00;129;ac03 - Acidente com Danos Materiais;501,5;BR-153/GO;Sul;Engavetamento;1;3;;;;;1
24/03/2021;17:15:00;462;ac02 - Acidente com Vítima;492,1;BR-262/MG;Leste;Colisão Transversal;1;1;;1;1;;2
25/03/2021;08:51:00;194;ac03 - Acidente com Danos Materiais;661,25;BR-262/MG;Leste;Tombamento;1;1;;;;;1
25/03/2021;09:38:00;228;ac03 - Acidente com Danos Materiais;789,55;BR-262/MG;Oeste;Engavetamento;2;4;;;;;1
25/03/2021;13:05:00;372;ac03 - Acidente com Danos Materiais;44,5;BR-153/MG;Sul;Colisão Traseira;2;2;;;;;1
25/03/2021;14:52:00;420;ac03 - Acidente com Danos Materiais;464,35;BR-262/MG;Leste;Engavetamento;2;8;;;;;1
25/03/2021;15:26:00;433;ac03 - Acidente com Danos Materiais;108;BR-060/GO;Sul;Tombamento;1;1;;;;;1
25/03/2021;16:35:00;468;ac02 - Acidente com Vítima;76,832;BR-153/MG;Sul;Colisão Transversal;3;4;1;;1;;2
26/03/2021;02:17:00;20;ac03 - Acidente com Danos Materiais;888;BR-262/MG;Oeste;Saida de Pista;1;1;;;;;1
26/03/2021;11:20:00;190;ac03 - Acidente com Danos Materiais;606;BR-153/GO;Norte;Tombamento;1;1;;;;;1
27/03/2021;11:00:00;226;ac03 - Acidente com Danos Materiais;152,588;BR-153/MG;Sul;Colisão Traseira;1;4;;;;;1
27/03/2021;11:20:00;238;ac03 - Acidente com Danos Materiais;535;BR-153/GO;Norte;Colisão Traseira;1;3;;;;;1
27/03/2021;13:27:00;305;ac03 - Acidente com Danos Materiais;500,3;BR-153/GO;Norte;Colisão Lateral;1;3;;;;;1
27/03/2021;14:36:00;336;ac03 - Acidente com Danos Materiais;14;BR-060/GO;Sul;Colisão Traseira;1;5;;;;;1
28/03/2021;22:20:00;446;ac03 - Acidente com Danos Materiais;654;BR-262/MG;Oeste;Saida de Pista;1;1;;;;;1
29/03/2021;01:33:00;16;ac03 - Acidente com Danos Materiais;107;BR-060/GO;Sul;Colisão Traseira;1;2;;;;;1
29/03/2021;13:56:00;294;ac03 - Acidente com Danos Materiais;417,35;BR-262/MG;Leste;Colisão Lateral;1;3;;;;;1
29/03/2021;18:13:00;412;ac03 - Acidente com Danos Materiais;107;BR-060/GO;Sul;Colisão Traseira;1;5;;;;;1
30/03/2021;06:34:00;86;ac02 - Acidente com Vítima;4;BR-060/GO;Norte;Colisão Traseira;1;1;;1;;;2
30/03/2021;07:34:00;122;ac03 - Acidente com Danos Materiais;495;BR-153/GO;Sul;Colisão Lateral;1;2;;;;;1
30/03/2021;15:22:00;384;ac02 - Acidente com Vítima;457;BR-262/MG;Oeste;Colisão Lateral;1;1;1;;;;1
30/03/2021;17:31:00;444;ac01 - Acidente com Vítima Fatal;469,5;BR-262/MG;Oeste;Choque - Arvore;1;0;;;;1;3
30/03/2021;18:35:00;468;ac02 - Acidente com Vítima;594;BR-262/MG;Leste;Colisão Frontal;2;1;1;1;;;2
30/03/2021;19:02:00;480;ac03 - Acidente com Danos Materiais;106;BR-060/GO;Sul;Colisão Traseira;2;3;;;;;1
31/03/2021;00:56:00;50;ac03 - Acidente com Danos Materiais;681;BR-262/MG;Leste;Saida de Pista;1;1;;;;;1
31/03/2021;16:44:00;455;ac03 - Acidente com Danos Materiais;379;BR-262/MG;Leste;Saida de Pista;1;1;;;;;1
31/03/2021;19:04:00;514;ac03 - Acidente com Danos Materiais;551;BR-262/MG;Leste;Tombamento;1;2;;;;;1
01/04/2021;04:26:00;53;ac03 - Acidente com Danos Materiais;363;BR-262/MG;Leste;Colisão Traseira;1;2;;;;;1
01/04/2021;11:14:00;241;ac03 - Acidente com Danos Materiais;688,55;BR-262/MG;Oeste;Colisão Lateral;2;2;;;;;1
01/04/2021;14:35:00;340;ac03 - Acidente com Danos Materiais;479;BR-262/MG;Oeste;Engavetamento;2;4;;;;;1
01/04/2021;15:07:00;354;ac03 - Acidente com Danos Materiais;676;BR-153/GO;Sul;Engavetamento;3;3;;;;;1
01/04/2021;15:33:00;367;ac03 - Acidente com Danos Materiais;533,9;BR-262/MG;Leste;Carreta deu L;1;1;;;;;1
01/04/2021;21:25:00;522;ac02 - Acidente com Vítima;501,5;BR-153/GO;Sul;Choque - Veiculo parado na pista;1;1;;1;;;2
02/04/2021;04:07:00;54;ac03 - Acidente com Danos Materiais;840;BR-262/MG;Oeste;Choque - Defensa;1;1;;;;;1
02/04/2021;07:27:00;90;ac03 - Acidente com Danos Materiais;759;BR-262/MG;Oeste;Colisão Lateral;1;2;;;;;1
02/04/2021;09:37:00;163;ac03 - Acidente com Danos Materiais;362;BR-262/MG;Oeste;Colisão Traseira;1;3;;;;;1
03/04/2021;12:44:00;267;ac03 - Acidente com Danos Materiais;683;BR-153/GO;Norte;Saida de Pista;1;1;;;;;1
03/04/2021;15:37:00;323;ac03 - Acidente com Danos Materiais;416;BR-262/MG;Leste;Saida de Pista;1;1;;;;;1
03/04/2021;19:43:00;435;ac03 - Acidente com Danos Materiais;411;BR-262/MG;Oeste;Atropelamento de Animal;1;1;;;;;1
04/04/2021;00:28:00;8;ac03 - Acidente com Danos Materiais;552;BR-262/MG;Leste;Saida de Pista;1;3;;;;;1
04/04/2021;17:34:00;393;ac03 - Acidente com Danos Materiais;743;BR-262/MG;Oeste;Saida de Pista;1;2;;;;;1
05/04/2021;00:58:00;15;ac03 - Acidente com Danos Materiais;22;BR-153/MG;Sul;Tombamento;1;3;;;;;1
05/04/2021;10:36:00;214;ac03 - Acidente com Danos Materiais;95;BR-060/GO;Sul;Colisão Lateral;2;2;;;;;1
05/04/2021;14:27:00;353;ac03 - Acidente com Danos Materiais;564;BR-153/GO;Norte;Saida de Pista;2;2;;;;;1
06/04/2021;12:44:00;329;ac03 - Acidente com Danos Materiais;121;BR-060/GO;Norte;Saida de Pista;1;1;;;;;1
06/04/2021;15:52:00;414;ac03 - Acidente com Danos Materiais;518;BR-153/GO;Norte;Colisão Traseira;2;2;;;;;1
06/04/2021;16:19:00;426;ac02 - Acidente com Vítima;587,6;BR-262/MG;Oeste;Colisão Transversal;1;2;4;;;;1
06/04/2021;21:35:00;539;ac03 - Acidente com Danos Materiais;549,2;BR-262/MG;Leste;Saida de Pista;1;1;;;;;1
06/04/2021;22:27:00;550;ac02 - Acidente com Vítima;601,8;BR-153/GO;Sul;Colisão Traseira;2;3;1;;;;1
07/04/2021;12:29:00;362;ac02 - Acidente com Vítima;240,559;BR-153/MG;Sul;Capotamento;1;1;1;;;;1
07/04/2021;18:19:00;578;ac03 - Acidente com Danos Materiais;511;BR-262/MG;Leste;Saida de Pista;1;1;;;;;1
08/04/2021;11:49:00;336;ac03 - Acidente com Danos Materiais;369;BR-262/MG;Leste;Capotamento;1;1;;;;;1
08/04/2021;12:27:00;352;ac03 - Acidente com Danos Materiais;713;BR-262/MG;Leste;Colisão Traseira;1;2;;;;;1
08/04/2021;17:27:00;509;ac01 - Acidente com Vítima Fatal;698,5;BR-262/MG;Leste;Colisão Frontal;1;0;;;1;1;3
08/04/2021;23:38:00;669;ac03 - Acidente com Danos Materiais;167,5;BR-153/MG;Sul;Tombamento;1;2;;;;;1
09/04/2021;06:26:00;77;ac03 - Acidente com Danos Materiais;368;BR-262/MG;Leste;Colisão Traseira;2;7;;;;;1
09/04/2021;19:30:00;699;ac03 - Acidente com Danos Materiais;694;BR-262/MG;Oeste;;2;2;;;;;1
10/04/2021;14:39:00;435;ac03 - Acidente com Danos Materiais;123,5;BR-060/GO;Norte;Saida de Pista;1;2;;;;;1
10/04/2021;15:27:00;459;ac03 - Acidente com Danos Materiais;443;BR-262/MG;Leste;Colisão Lateral;1;2;;;;;1
10/04/2021;16:55:00;542;ac02 - Acidente com Vítima;127;BR-153/MG;Norte;Colisão Traseira;2;2;1;;;;1
11/04/2021;16:07:00;323;ac02 - Acidente com Vítima;671,677;BR-153/GO;Sul;Tombamento;1;0;1;;;;1
11/04/2021;22:57:00;518;ac02 - Acidente com Vítima;517;BR-262/MG;Oeste;Colisão Transversal;1;4;1;1;;;2
12/04/2021;02:14:00;26;ac03 - Acidente com Danos Materiais;416;BR-262/MG;Oeste;Tombamento;1;1;;;;;1
12/04/2021;10:37:00;271;ac03 - Acidente com Danos Materiais;0,1;BR-153/MG;Norte;Saida de Pista;1;2;;;;;1
12/04/2021;11:37:00;311;ac03 - Acidente com Danos Materiais;771;BR-262/MG;Leste;Colisão Traseira;2;2;;;;;1
12/04/2021;12:27:00;342;ac03 - Acidente com Danos Materiais;663,655;BR-262/MG;Leste;Capotamento;1;2;;;;;1
12/04/2021;16:00:00;441;ac02 - Acidente com Vítima;27;BR-153/MG;Norte;Colisão Lateral;1;1;;;1;;2
12/04/2021;17:23:00;494;ac03 - Acidente com Danos Materiais;74;BR-060/GO;Sul;Carreta deu L;1;1;;;;;1
13/04/2021;00:58:00;16;ac01 - Acidente com Vítima Fatal;383;BR-262/MG;Oeste;Atropelamento - Andarilho;1;1;;;;1;3
13/04/2021;08:23:00;137;ac02 - Acidente com Vítima;472,982;BR-262/MG;Oeste;Choque - Barreira;2;2;;1;;;2
13/04/2021;09:42:00;179;ac02 - Acidente com Vítima;575,2;BR-262/MG;Oeste;Tombamento;1;0;1;;;;1
13/04/2021;09:58:00;200;ac03 - Acidente com Danos Materiais;694;BR-262/MG;Oeste;Colisão Traseira;2;2;;;;;1
13/04/2021;17:39:00;418;ac03 - Acidente com Danos Materiais;501;BR-153/GO;Norte;Colisão Traseira;2;2;;;;;1
13/04/2021;18:59:00;456;ac03 - Acidente com Danos Materiais;685;BR-153/GO;Sul;Colisão Traseira;1;8;;;;;1
14/04/2021;05:15:00;34;ac03 - Acidente com Danos Materiais;355,9;BR-262/MG;Leste;Capotamento;1;1;;;;;1
14/04/2021;06:43:00;48;ac03 - Acidente com Danos Materiais;96;BR-060/GO;Sul;Colisão Lateral;1;2;;;;;1
14/04/2021;07:53:00;80;ac03 - Acidente com Danos Materiais;508,4;BR-262/MG;Leste;Colisão Traseira;2;2;;;;;1
14/04/2021;09:14:00;168;ac02 - Acidente com Vítima;461;BR-262/MG;Leste;Colisão Lateral;1;1;1;;;;1
14/04/2021;10:52:00;224;ac03 - Acidente com Danos Materiais;360;BR-262/MG;Leste;Colisão Traseira;1;2;;;;;1
14/04/2021;15:26:00;371;ac02 - Acidente com Vítima;755;BR-262/MG;Oeste;Colisão Transversal;2;2;;1;;;2
14/04/2021;15:38:00;378;ac03 - Acidente com Danos Materiais;10,9;BR-153/MG;Sul;Colisão Traseira;1;2;;;;;1
14/04/2021;19:35:00;483;ac03 - Acidente com Danos Materiais;687,5;BR-262/MG;Oeste;Saida de Pista;1;2;;;;;1
14/04/2021;21:41:00;533;ac03 - Acidente com Danos Materiais;534,9;BR-153/GO;Sul;Saida de Pista;1;3;;;;;1
15/04/2021;03:18:00;28;ac02 - Acidente com Vítima;190;BR-153/MG;Sul;Saida de Pista;1;1;1;;;;1
15/04/2021;17:45:00;410;ac03 - Acidente com Danos Materiais;12;BR-060/GO;Sul;Colisão Lateral;1;2;;;;;1
15/04/2021;19:49:00;494;ac03 - Acidente com Danos Materiais;544;BR-153/GO;Sul;Tombamento;1;1;;;;;1
16/04/2021;00:05:00;5;ac03 - Acidente com Danos Materiais;532;BR-153/GO;Sul;Colisão Frontal;1;2;;;;;1
16/04/2021;07:44:00;123;ac03 - Acidente com Danos Materiais;509;BR-153/GO;Norte;Engavetamento;1;7;;;;;1
16/04/2021;09:13:00;168;ac03 - Acidente com Danos Materiais;789;BR-262/MG;Leste;Colisão Lateral;2;3;;;;;1
16/04/2021;11:45:00;263;ac02 - Acidente com Vítima;789,7;BR-262/MG;Oeste;Tombamento;1;0;1;;;;1
16/04/2021;13:06:00;300;ac02 - Acidente com Vítima;630,8;BR-262/MG;Leste;Colisão Frontal;2;1;1;1;1;;2
16/04/2021;14:26:00;323;ac03 - Acidente com Danos Materiais;501,3;BR-262/MG;Leste;Saida de Pista;2;2;;;;;1
16/04/2021;18:45:00;451;ac02 - Acidente com Vítima;235;BR-153/MG;Norte;Tombamento;1;0;1;;;;1
16/04/2021;21:23:00;531;ac03 - Acidente com Danos Materiais;147;BR-153/MG;Sul;Saida de Pista;1;1;;;;;1
16/04/2021;21:25:00;535;ac03 - Acidente com Danos Materiais;479;BR-262/MG;Oeste;Atropelamento de Animal;1;1;;;;;1
17/04/2021;08:27:00;106;ac03 - Acidente com Danos Materiais;0,2;BR-153/MG;Norte;Choque - Defensa;1;1;;;;;1
17/04/2021;11:44:00;208;ac03 - Acidente com Danos Materiais;102;BR-060/GO;Norte;Colisão Traseira;1;2;;;;;1
17/04/2021;14:25:00;269;ac02 - Acidente com Vítima;226;BR-153/MG;Sul;Tombamento;1;0;1;;;;1
18/04/2021;04:39:00;24;ac02 - Acidente com Vítima;494,809;BR-153/GO;Norte;Colisão Frontal;1;1;;;1;;2
18/04/2021;08:49:00;88;ac02 - Acidente com Vítima;411;BR-262/MG;Oeste;Queda de Moto;1;1;1;;;;1
18/04/2021;16:41:00;292;ac02 - Acidente com Vítima;576,2;BR-262/MG;Leste;Tombamento;1;1;;1;;;2
18/04/2021;18:46:00;348;ac02 - Acidente com Vítima;436;BR-262/MG;Leste;Colisão Traseira;1;1;;1;;;2
18/04/2021;19:28:00;366;ac02 - Acidente com Vítima;99,093;BR-060/GO;Sul;Tombamento;1;0;;;1;;2
19/04/2021;06:37:00;47;ac03 - Acidente com Danos Materiais;144;BR-153/MG;Norte;Saida de Pista;1;1;;;;;1
19/04/2021;14:39:00;349;ac03 - Acidente com Danos Materiais;738;BR-262/MG;Leste;Colisão Traseira;2;3;;;;;1
19/04/2021;16:50:00;403;ac03 - Acidente com Danos Materiais;587;BR-262/MG;Leste;Saida de Pista;1;2;;;;;1
19/04/2021;19:14:00;476;ac03 - Acidente com Danos Materiais;95;BR-060/GO;Norte;Saida de Pista;1;3;;;;;1
19/04/2021;19:32:00;483;ac02 - Acidente com Vítima;820;BR-262/MG;Oeste;Colisão Transversal;1;1;1;;;;1
20/04/2021;02:05:00;46;ac03 - Acidente com Danos Materiais;614;BR-262/MG;Oeste;Colisão Transversal;2;3;;;;;1
20/04/2021;04:51:00;77;ac03 - Acidente com Danos Materiais;575;BR-153/GO;Norte;Tombamento;1;1;;;;;1
20/04/2021;11:10:00;328;ac03 - Acidente com Danos Materiais;700;BR-262/MG;Oeste;Colisão Traseira;2;2;;;;;1
20/04/2021;22:09:00;696;ac03 - Acidente com Danos Materiais;529;BR-153/GO;Norte;Tombamento;1;1;;;;;1
21/04/2021;06:59:00;91;ac03 - Acidente com Danos Materiais;778;BR-262/MG;Oeste;Saida de Pista;1;3;;;;;1
21/04/2021;10:34:00;207;ac02 - Acidente com Vítima;492;BR-262/MG;Oeste;Colisão Transversal;1;1;1;2;;;2
21/04/2021;10:38:00;210;ac03 - Acidente com Danos Materiais;138;BR-060/GO;Sul;Colisão Lateral;1;2;;;;;1
21/04/2021;10:46:00;214;ac03 - Acidente com Danos Materiais;188;BR-153/MG;Norte;Saida de Pista;2;2;;;;;1
21/04/2021;20:22:00;481;ac03 - Acidente com Danos Materiais;506,403;BR-153/GO;Sul;Colisão Traseira;1;2;;;;;1
22/04/2021;09:38:00;207;ac03 - Acidente com Danos Materiais;95;BR-060/GO;Sul;Colisão Transversal;2;2;;;;;1
23/04/2021;04:59:00;70;ac03 - Acidente com Danos Materiais;76,5;BR-060/GO;Norte;Colisão Traseira;2;2;;;;;1
23/04/2021;08:05:00;141;ac03 - Acidente com Danos Materiais;789;BR-262/MG;Oeste;Colisão Lateral;2;2;;;;;1
23/04/2021;14:30:00;387;ac03 - Acidente com Danos Materiais;734;BR-262/MG;Oeste;Saida de Pista;1;1;;;;;1
23/04/2021;15:33:00;427;ac03 - Acidente com Danos Materiais;500,2;BR-153/GO;Sul;Colisão Traseira;1;2;;;;;1
24/04/2021;05:20:00;45;ac01 - Acidente com Vítima Fatal;44;BR-153/MG;Norte;Atropelamento - Andarilho;1;1;;;;1;3
24/04/2021;06:30:00;57;ac03 - Acidente com Danos Materiais;516;BR-262/MG;Oeste;Colisão Traseira;2;2;;;;;1
24/04/2021;08:31:00;142;ac03 - Acidente com Danos Materiais;44;BR-153/MG;Norte;Colisão Traseira;1;5;;;;;1
24/04/2021;08:46:00;151;ac03 - Acidente com Danos Materiais;86;BR-153/MG;Sul;Tombamento;1;3;;;;;1
24/04/2021;10:00:00;206;ac03 - Acidente com Danos Materiais;647;BR-262/MG;Oeste;Tombamento;1;1;;;;;1
24/04/2021;10:22:00;223;ac03 - Acidente com Danos Materiais;647,5;BR-262/MG;Oeste;Engavetamento;3;4;;;;;1
24/04/2021;14:49:00;353;ac03 - Acidente com Danos Materiais;18;BR-060/GO;Sul;Colisão Traseira;2;3;;;;;1
25/04/2021;03:20:00;29;ac03 - Acidente com Danos Materiais;17;BR-153/MG;Sul;Tombamento;1;1;;;;;1
25/04/2021;07:56:00;102;ac02 - Acidente com Vítima;422,35;BR-262/MG;Leste;Colisão Transversal;1;1;;;1;;2
25/04/2021;09:18:00;135;ac03 - Acidente com Danos Materiais;514,12;BR-262/MG;Leste;Saida de Pista;2;2;;;;;1
25/04/2021;09:31:00;138;ac01 - Acidente com Vítima Fatal;454,03;BR-262/MG;Leste;Colisão Traseira;1;0;;;1;1;3
25/04/2021;12:46:00;267;ac03 - Acidente com Danos Materiais;611;BR-262/MG;Leste;Objeto lançado contra veículo;1;2;;;;;1
25/04/2021;13:55:00;290;ac03 - Acidente com Danos Materiais;145;BR-153/MG;Sul;Tombamento;1;1;;;;;1
25/04/2021;17:06:00;342;ac03 - Acidente com Danos Materiais;789;BR-262/MG;Leste;Colisão Traseira;1;5;;;;;1
26/04/2021;00:52:00;16;ac02 - Acidente com Vítima;130;BR-060/GO;Sul;Colisão Traseira;2;1;1;;;;1
26/04/2021;09:47:00;213;ac03 - Acidente com Danos Materiais;368,3;BR-262/MG;Leste;Choque - Elemento de Drenagem;1;2;;;;;1
26/04/2021;15:53:00;386;ac03 - Acidente com Danos Materiais;99;BR-060/GO;Norte;Colisão Traseira;2;3;;;;;1
27/04/2021;03:20:00;27;ac03 - Acidente com Danos Materiais;63;BR-153/MG;Norte;Colisão Traseira;2;2;;;;;1
27/04/2021;07:38:00;81;ac03 - Acidente com Danos Materiais;405;BR-262/MG;Oeste;Colisão Traseira;1;22;;;;;1
28/04/2021;00:16:00;3;ac02 - Acidente com Vítima;368;BR-262/MG;Oeste;Saida de Pista;1;0;;1;;;2
28/04/2021;05:26:00;41;ac03 - Acidente com Danos Materiais;53;BR-060/GO;Sul;Tombamento;1;1;;;;;1
28/04/2021;07:47:00;76;ac02 - Acidente com Vítima;495;BR-153/GO;Sul;Colisão Traseira;1;1;1;;;;1
28/04/2021;23:06:00;543;ac03 - Acidente com Danos Materiais;913;BR-262/MG;Oeste;Saida de Pista;1;2;;;;;1
29/04/2021;00:56:00;21;ac03 - Acidente com Danos Materiais;46;BR-060/GO;Sul;Colisão Traseira;2;2;;;;;1
29/04/2021;05:57:00;80;ac03 - Acidente com Danos Materiais;6,848;BR-060/GO;Norte;Atropelamento de Animal;2;3;;;;;1
29/04/2021;10:18:00;218;ac03 - Acidente com Danos Materiais;124;BR-153/MG;Norte;Saida de Pista;1;1;;;;;1
29/04/2021;13:39:00;341;ac03 - Acidente com Danos Materiais;505,6;BR-153/GO;Sul;Colisão Lateral;1;2;;;;;1
30/04/2021;00:56:00;18;ac03 - Acidente com Danos Materiais;46,1;BR-153/MG;Norte;Colisão Traseira;1;2;;;;;1
30/04/2021;07:32:00;96;ac02 - Acidente com Vítima;364,35;BR-262/MG;Leste;Colisão Traseira;1;1;;2;;;2
30/04/2021;08:06:00;112;ac03 - Acidente com Danos Materiais;677,4;BR-153/GO;Sul;Tombamento;1;1;;;;;1
30/04/2021;14:38:00;352;ac03 - Acidente com Danos Materiais;119;BR-060/GO;Sul;Carreta deu L;1;1;;;;;1
30/04/2021;15:46:00;394;ac03 - Acidente com Danos Materiais;113,5;BR-060/GO;Sul;Tombamento;1;2;;;;;1
30/04/2021;16:23:00;409;ac03 - Acidente com Danos Materiais;508;BR-153/GO;Sul;Colisão Traseira;1;2;;;;;1
30/04/2021;17:49:00;443;ac03 - Acidente com Danos Materiais;101;BR-060/GO;Norte;Colisão Lateral;1;2;;;;;1
30/04/2021;19:57:00;511;ac03 - Acidente com Danos Materiais;371;BR-262/MG;Leste;Tombamento;1;1;;;;;1
01/05/2021;05:31:00;50;ac02 - Acidente com Vítima;893;BR-262/MG;Leste;Colisão Traseira;1;1;1;;;;1
01/05/2021;08:53:00;118;ac03 - Acidente com Danos Materiais;364;BR-262/MG;Leste;Carreta deu L;1;1;;;;;1
01/05/2021;19:50:00;445;ac03 - Acidente com Danos Materiais;94;BR-060/GO;Norte;Queda de Ciclista;1;2;;;;;1
02/05/2021;12:17:00;310;ac02 - Acidente com Vítima;788;BR-262/MG;Oeste;Saida de Pista;1;1;2;;;;1
02/05/2021;17:47:00;468;ac03 - Acidente com Danos Materiais;366;BR-262/MG;Oeste;Saida de Pista;1;5;;;;;1
02/05/2021;20:31:00;551;ac03 - Acidente com Danos Materiais;401;BR-262/MG;Oeste;Saida de Pista;1;1;;;;;1
03/05/2021;12:39:00;288;ac03 - Acidente com Danos Materiais;3;BR-060/DF;Sul;Colisão Lateral;1;2;;;;;1
03/05/2021;14:25:00;335;ac03 - Acidente com Danos Materiais;670,169;BR-153/GO;Norte;Tombamento;1;2;;;;;1
03/05/2021;17:17:00;413;ac03 - Acidente com Danos Materiais;9,8;BR-153/MG;Sul;Colisão Traseira;2;2;;;;;1
03/05/2021;17:39:00;423;ac03 - Acidente com Danos Materiais;14;BR-153/MG;Sul;Tombamento;1;1;;;;;1
03/05/2021;19:22:00;453;ac03 - Acidente com Danos Materiais;97,8;BR-153/MG;Sul;Saida de Pista;1;1;;;;;1
04/05/2021;07:41:00;111;ac02 - Acidente com Vítima;501,8;BR-153/GO;Norte;Engavetamento;1;5;1;;;;1
04/05/2021;11:04:00;254;ac03 - Acidente com Danos Materiais;621;BR-153/GO;Sul;Capotamento;1;3;;;;;1
04/05/2021;17:22:00;464;ac03 - Acidente com Danos Materiais;503,126;BR-153/GO;Norte;Colisão Lateral;1;2;;;;;1
04/05/2021;17:22:00;465;ac03 - Acidente com Danos Materiais;360;BR-262/MG;Oeste;Colisão Traseira;2;2;;;;;1
05/05/2021;05:47:00;45;ac02 - Acidente com Vítima;199,1;BR-153/MG;Norte;Tombamento;1;0;1;;;;1
05/05/2021;08:11:00;96;ac02 - Acidente com Vítima;92;BR-153/MG;Sul;Colisão Traseira;1;0;2;;;;1
05/05/2021;12:51:00;250;ac03 - Acidente com Danos Materiais;508;BR-153/GO;Sul;Colisão Traseira;1;3;;;;;1
05/05/2021;18:56:00;450;ac03 - Acidente com Danos Materiais;685;BR-153/GO;Sul;Colisão Lateral;1;2;;;;;1
05/05/2021;19:09:00;463;ac03 - Acidente com Danos Materiais;499,553;BR-153/GO;Sul;Colisão Traseira;1;2;;;;;1
05/05/2021;19:13:00;465;ac02 - Acidente com Vítima;667;BR-153/GO;Norte;Colisão Traseira;2;1;1;;;;1
05/05/2021;21:39:00;546;ac02 - Acidente com Vítima;131,487;BR-060/GO;Sul;Colisão Traseira;2;2;;1;;;2
06/05/2021;06:04:00;76;ac03 - Acidente com Danos Materiais;480;BR-262/MG;Leste;Colisão Traseira;2;3;;;;;1
06/05/2021;08:26:00;194;ac02 - Acidente com Vítima;650;BR-153/GO;Norte;Capotamento;1;2;1;;;;1
06/05/2021;14:19:00;457;ac03 - Acidente com Danos Materiais;83,5;BR-060/GO;Sul;Tombamento;1;1;;;;;1
06/05/2021;15:33:00;505;ac03 - Acidente com Danos Materiais;147;BR-153/MG;Norte;Colisão Traseira;2;2;;;;;1
07/05/2021;13:21:00;297;ac03 - Acidente com Danos Materiais;500;BR-153/GO;Norte;Colisão Traseira;1;2;;;;;1
08/05/2021;08:28:00;124;ac03 - Acidente com Danos Materiais;111,955;BR-060/GO;Sul;Colisão Lateral;1;2;;;;;1
08/05/2021;16:57:00;363;ac02 - Acidente com Vítima;791;BR-262/MG;Leste;Capotamento;1;1;1;;;;1
08/05/2021;20:33:00;433;ac03 - Acidente com Danos Materiais;495;BR-153/GO;Sul;Choque - Veiculo parado na pista;1;2;;;;;1
09/05/2021;16:55:00;392;ac03 - Acidente com Danos Materiais;484,5;BR-262/MG;Oeste;Colisão Lateral;1;3;;;;;1
09/05/2021;20:23:00;503;ac03 - Acidente com Danos Materiais;511;BR-153/GO;Sul;Colisão Frontal;1;2;;;;;1
10/05/2021;10:02:00;173;ac03 - Acidente com Danos Materiais;389;BR-262/MG;Oeste;Colisão Traseira;1;2;;;;;1
10/05/2021;12:09:00;238;ac03 - Acidente com Danos Materiais;876;BR-262/MG;Leste;Colisão Traseira;1;2;;;;;1
10/05/2021;21:55:00;540;ac03 - Acidente com Danos Materiais;118;BR-060/GO;Sul;Choque - Veiculo parado no acostamento;2;2;;;;;1
11/05/2021;07:34:00;88;ac03 - Acidente com Danos Materiais;13,176;BR-153/MG;Sul;Saida de Pista;1;1;;;;;1
11/05/2021;08:35:00;116;ac03 - Acidente com Danos Materiais;513;BR-262/MG;Oeste;Colisão Traseira;2;3;;;;;1
12/05/2021;07:44:00;82;ac02 - Acidente com Vítima;743,193;BR-262/MG;Leste;Colisão Traseira;2;1;;1;;;2
12/05/2021;08:07:00;100;ac02 - Acidente com Vítima;507;BR-153/GO;Sul;Colisão Lateral;1;1;;;1;;2
12/05/2021;14:39:00;289;ac03 - Acidente com Danos Materiais;501,254;BR-262/MG;Oeste;Choque- Placa/Suporte Sinalização;1;1;;;;;1
12/05/2021;15:52:00;320;ac03 - Acidente com Danos Materiais;4,5;BR-060/GO;Norte;Colisão Lateral;2;2;;;;;1
13/05/2021;06:02:00;67;ac03 - Acidente com Danos Materiais;656;BR-262/MG;Oeste;Colisão Traseira;1;3;;;;;1
13/05/2021;09:44:00;190;ac03 - Acidente com Danos Materiais;690;BR-262/MG;Leste;Colisão Lateral;1;2;;;;;1
13/05/2021;10:08:00;204;ac03 - Acidente com Danos Materiais;109,25;BR-060/GO;Sul;Engavetamento;2;4;;;;;1