data;horario;n_da_ocorrencia;tipo_de_ocorrencia;km;trecho;sentido;tipo_de_acidente;caminhao;ilesos;levemente_feridos;moderadamente_feridos;gravemente_feridos;mortos;3
14/05/2021;02:40:00;41;ac02 - Acidente com Vítima;609,8;BR-262/MG;Leste;Saida de Pista;1;1;;1;;;2
14/05/2021;09:27:00;173;ac03 - Acidente com Danos Materiais;503;BR-153/GO;Norte;Colisão Lateral;1;2;;;;;1
14/05/2021;11:44:00;251;ac02 - Acidente com Vítima;101;BR-060/GO;Norte;Colisão Traseira;1;0;3;;;;1
14/05/2021;11:57:00;261;ac02 - Acidente com Vítima;501;BR-153/GO;Sul;Colisão Traseira;1;1;1;;;;1
14/05/2021;14:53:00;352;ac03 - Acidente com Danos Materiais;3;BR-060/GO;Norte;Colisão Traseira;1;7;;;;;1
14/05/2021;17:57:00;459;ac03 - Acidente com Danos Materiais;127;BR-060/GO;Sul;Saida de Pista;1;1;;;;;1
15/05/2021;15:23:00;328;ac03 - Acidente com Danos Materiais;578,5;BR-262/MG;Leste;Tombamento;1;1;;;;;1
16/05/2021;16:44:00;376;ac03 - Acidente com Danos Materiais;613;BR-262/MG;Oeste;;1;1;;;;;1
16/05/2021;20:15:00;453;ac02 - Acidente com Vítima;567,3;BR-262/MG;Oeste;Colisão Transversal;1;2;1;3;;;2
17/05/2021;06:13:00;62;ac03 - Acidente com Danos Materiais;199;BR-153/MG;Norte;Colisão Lateral;2;2;;;;;1
17/05/2021;08:01:00;102;ac03 - Acidente com Danos Materiais;418;BR-262/MG;Oeste;Colisão Lateral;1;2;;;;;1
17/05/2021;12:18:00;318;ac02 - Acidente com Vítima;417;BR-262/MG;Leste;Colisão Traseira;1;1;;2;2;;2
17/05/2021;14:14:00;400;ac03 - Acidente com Danos Materiais;503;BR-153/GO;Sul;Colisão Traseira;1;2;;;;;1
17/05/2021;14:27:00;408;ac01 - Acidente com Vítima Fatal;640,682;BR-262/MG;Leste;Engavetamento;2;1;5;2;;3;3
17/05/2021;16:20:00;462;ac03 - Acidente com Danos Materiais;136,2;BR-060/GO;Sul;Choque - Defensa;1;1;;;;;1
17/05/2021;22:15:00;615;ac03 - Acidente com Danos Materiais;681;BR-153/GO;Sul;Tombamento;1;44;;;;;1
18/05/2021;05:34:00;55;ac01 - Acidente com Vítima Fatal;527,25;BR-153/GO;Norte;Colisão Traseira;1;1;;1;3;1;3
18/05/2021;10:27:00;256;ac03 - Acidente com Danos Materiais;143;BR-153/MG;Norte;Colisão Traseira;3;3;;;;;1
18/05/2021;14:06:00;368;ac02 - Acidente com Vítima;521;BR-153/GO;Norte;Colisão Traseira;1;2;2;;;;1
18/05/2021;14:14:00;372;ac03 - Acidente com Danos Materiais;899,5;BR-262/MG;Oeste;Tombamento;1;1;;;;;1
18/05/2021;18:56:00;517;ac03 - Acidente com Danos Materiais;495;BR-153/GO;Sul;Colisão Lateral;1;2;;;;;1
19/05/2021;12:25:00;316;ac03 - Acidente com Danos Materiais;199,122;BR-153/MG;Norte;Colisão Transversal;2;3;;;;;1
19/05/2021;14:11:00;366;ac02 - Acidente com Vítima;193,849;BR-153/MG;Sul;Engavetamento;3;5;1;;;;1
19/05/2021;16:59:00;439;ac02 - Acidente com Vítima;90,2;BR-153/MG;Norte;Tombamento;1;0;;1;;;2
19/05/2021;18:08:00;467;ac03 - Acidente com Danos Materiais;111,346;BR-153/MG;Norte;Engavetamento;3;5;;;;;1
19/05/2021;18:22:00;475;ac03 - Acidente com Danos Materiais;97,3;BR-060/GO;Sul;Colisão Lateral;1;3;;;;;1
19/05/2021;19:17:00;500;ac02 - Acidente com Vítima;811;BR-262/MG;Oeste;Colisão Traseira;1;1;;;1;;2
19/05/2021;20:18:00;525;ac03 - Acidente com Danos Materiais;611;BR-262/MG;Leste;Tombamento;1;3;;;;;1
19/05/2021;20:45:00;536;ac03 - Acidente com Danos Materiais;442;BR-262/MG;Oeste;Atropelamento de Animal;1;2;;;;;1
20/05/2021;08:30:00;142;ac03 - Acidente com Danos Materiais;671;BR-262/MG;Leste;Colisão Traseira;1;2;;;;;1
20/05/2021;10:52:00;234;ac03 - Acidente com Danos Materiais;402,6;BR-262/MG;Oeste;Colisão Traseira;1;2;;;;;1
20/05/2021;11:46:00;280;ac02 - Acidente com Vítima;105,556;BR-060/GO;Norte;Colisão Traseira;1;1;;2;;;2
21/05/2021;16:12:00;412;ac03 - Acidente com Danos Materiais;378,5;BR-262/MG;Leste;Colisão Traseira;3;3;;;;;1
21/05/2021;18:30:00;489;ac03 - Acidente com Danos Materiais;524;BR-262/MG;Oeste;Colisão Lateral;1;3;;;;;1
21/05/2021;22:30:00;605;ac03 - Acidente com Danos Materiais;537,8;BR-262/MG;Leste;Atropelamento de Animal;1;1;;;;;1
22/05/2021;04:02:00;66;ac02 - Acidente com Vítima;575;BR-262/MG;Oeste;Tombamento;1;0;1;;;;1
22/05/2021;06:22:00;98;ac03 - Acidente com Danos Materiais;11,2;BR-153/MG;Sul;Saida de Pista;1;1;;;;;1
22/05/2021;13:51:00;353;ac03 - Acidente com Danos Materiais;32;BR-060/GO;Sul;Saida de Pista;1;2;;;;;1
22/05/2021;14:37:00;383;ac01 - Acidente com Vítima Fatal;193;BR-153/MG;Sul;Colisão Frontal;4;4;;;1;1;3
22/05/2021;23:32:00;611;ac03 - Acidente com Danos Materiais;590;BR-153/GO;Sul;Choque- Poste/Equipamento;1;1;;;;;1
23/05/2021;20:15:00;444;ac03 - Acidente com Danos Materiais;379;BR-262/MG;Leste;Colisão Lateral;1;3;;;;;1
24/05/2021;09:53:00;178;ac03 - Acidente com Danos Materiais;44;BR-060/GO;Norte;Colisão Lateral;2;2;;;;;1
24/05/2021;10:53:00;216;ac02 - Acidente com Vítima;407;BR-262/MG;Oeste;Colisão Lateral;1;2;1;;;;1
24/05/2021;17:44:00;428;ac03 - Acidente com Danos Materiais;43,5;BR-060/GO;Norte;Tombamento;1;1;;;;;1
25/05/2021;09:15:00;143;ac03 - Acidente com Danos Materiais;481;BR-262/MG;Oeste;Colisão Traseira;1;2;;;;;1
25/05/2021;10:16:00;178;ac03 - Acidente com Danos Materiais;496;BR-153/GO;Sul;Colisão Traseira;1;2;;;;;1
25/05/2021;17:22:00;409;ac03 - Acidente com Danos Materiais;373;BR-262/MG;Oeste;Colisão Traseira;1;2;;;;;1
25/05/2021;19:21:00;473;ac03 - Acidente com Danos Materiais;245,8;BR-153/MG;Norte;Colisão Traseira;1;2;;;;;1
27/05/2021;06:05:00;92;ac03 - Acidente com Danos Materiais;900,458;BR-262/MG;Oeste;Colisão Traseira;1;3;;;;;1
27/05/2021;07:10:00;108;ac02 - Acidente com Vítima;190,446;BR-153/MG;Norte;Tombamento;1;0;1;;;;1
27/05/2021;07:30:00;116;ac03 - Acidente com Danos Materiais;670;BR-153/GO;Sul;Carreta deu L;1;1;;;;;1
27/05/2021;12:47:00;300;ac02 - Acidente com Vítima;93;BR-060/GO;Sul;Queda de Moto;1;1;1;;;;1
27/05/2021;14:45:00;352;ac02 - Acidente com Vítima;463;BR-262/MG;Leste;Engavetamento;3;3;1;;;;1
27/05/2021;21:57:00;534;ac02 - Acidente com Vítima;16,173;BR-060/GO;Norte;Colisão Traseira;1;1;1;1;;;2
28/05/2021;06:07:00;81;ac03 - Acidente com Danos Materiais;54;BR-060/GO;Norte;Colisão Traseira;1;2;;;;;1
28/05/2021;22:10:00;569;ac01 - Acidente com Vítima Fatal;650;BR-262/MG;Oeste;Colisão Frontal;1;1;;;;1;3
29/05/2021;05:55:00;57;ac01 - Acidente com Vítima Fatal;84,65;BR-153/MG;Sul;Colisão Traseira;1;1;2;1;2;2;3
29/05/2021;07:02:00;78;ac03 - Acidente com Danos Materiais;147;BR-153/MG;Norte;Saida de Pista;1;2;;;;;1
29/05/2021;10:06:00;160;ac03 - Acidente com Danos Materiais;95;BR-060/GO;Norte;Colisão Traseira;1;3;;;;;1
29/05/2021;11:35:00;213;ac03 - Acidente com Danos Materiais;685;BR-153/GO;Norte;Saida de Pista;1;1;;;;;1
29/05/2021;15:37:00;312;ac03 - Acidente com Danos Materiais;493;BR-153/GO;Norte;Colisão Traseira;2;2;;;;;1
29/05/2021;16:11:00;327;ac03 - Acidente com Danos Materiais;493,25;BR-153/GO;Sul;Colisão Traseira;2;2;;;;;1
29/05/2021;17:07:00;351;ac02 - Acidente com Vítima;91,3;BR-153/MG;Norte;Colisão Lateral;2;4;1;;;;1
30/05/2021;00:13:00;2;ac02 - Acidente com Vítima;745;BR-262/MG;Oeste;Colisão Traseira;2;1;1;;;;1
30/05/2021;14:17:00;203;ac03 - Acidente com Danos Materiais;694;BR-262/MG;Oeste;Colisão Traseira;1;2;;;;;1
31/05/2021;01:06:00;10;ac03 - Acidente com Danos Materiais;608;BR-262/MG;Oeste;Tombamento;1;1;;;;;1
31/05/2021;11:29:00;201;ac03 - Acidente com Danos Materiais;107;BR-060/GO;Sul;Colisão Traseira;2;2;;;;;1
31/05/2021;14:18:00;267;ac03 - Acidente com Danos Materiais;129,9;BR-060/GO;Sul;Colisão Lateral;2;3;;;;;1
31/05/2021;16:11:00;310;ac03 - Acidente com Danos Materiais;642;BR-262/MG;Oeste;;1;1;;;;;1
31/05/2021;17:49:00;364;ac02 - Acidente com Vítima;83,634;BR-060/GO;Sul;Colisão Lateral;1;2;;1;;;2
31/05/2021;18:02:00;372;ac03 - Acidente com Danos Materiais;683;BR-153/GO;Norte;Colisão Lateral;2;2;;;;;1
31/05/2021;19:05:00;403;ac03 - Acidente com Danos Materiais;32,487;BR-060/GO;Sul;Colisão Transversal;1;2;;;;;1
31/05/2021;19:28:00;418;ac03 - Acidente com Danos Materiais;565;BR-262/MG;Oeste;Tombamento;1;1;;;;;1
31/05/2021;20:46:00;440;ac03 - Acidente com Danos Materiais;464;BR-262/MG;Oeste;Saida de Pista;1;1;;;;;1
01/06/2021;00:52:00;14;ac03 - Acidente com Danos Materiais;11,979;BR-060/GO;Norte;Colisão Traseira;2;2;;;;;1
01/06/2021;13:40:00;329;ac03 - Acidente com Danos Materiais;107;BR-060/GO;Sul;Colisão Traseira;1;5;;;;;1
01/06/2021;16:54:00;414;ac03 - Acidente com Danos Materiais;498;BR-153/GO;Sul;Colisão Traseira;1;4;;;;;1
01/06/2021;19:45:00;494;ac03 - Acidente com Danos Materiais;574,9;BR-262/MG;Leste;Colisão Lateral;3;4;;;;;1
01/06/2021;21:56:00;538;ac02 - Acidente com Vítima;149;BR-153/MG;Norte;Colisão Transversal;1;1;;1;;;2
02/06/2021;04:20:00;46;ac02 - Acidente com Vítima;405;BR-262/MG;Oeste;Tombamento;1;0;1;;;;1
02/06/2021;07:16:00;105;ac03 - Acidente com Danos Materiais;106,3;BR-060/GO;Sul;Engavetamento;3;3;;;;;1
02/06/2021;07:46:00;119;ac03 - Acidente com Danos Materiais;501;BR-153/GO;Norte;Colisão Traseira;1;2;;;;;1
02/06/2021;08:07:00;132;ac03 - Acidente com Danos Materiais;105;BR-060/GO;Sul;Engavetamento;3;3;;;;;1
02/06/2021;13:14:00;356;ac03 - Acidente com Danos Materiais;569;BR-262/MG;Oeste;Colisão Lateral;1;5;;;;;1
02/06/2021;14:37:00;408;ac03 - Acidente com Danos Materiais;492;BR-153/GO;Sul;Engavetamento;2;4;;;;;1
02/06/2021;16:20:00;457;ac03 - Acidente com Danos Materiais;379;BR-262/MG;Oeste;Saida de Pista;1;1;;;;;1
02/06/2021;23:53:00;697;ac03 - Acidente com Danos Materiais;147;BR-153/MG;Sul;Tombamento;1;2;;;;;1
03/06/2021;03:48:00;48;ac03 - Acidente com Danos Materiais;96,5;BR-060/GO;Norte;Colisão Traseira;1;6;;;;;1
03/06/2021;08:33:00;126;ac03 - Acidente com Danos Materiais;5;BR-153/MG;Sul;Saida de Pista;1;2;;;;;1
03/06/2021;13:33:00;334;ac03 - Acidente com Danos Materiais;362;BR-262/MG;Oeste;Colisão Lateral;1;2;;;;;1
03/06/2021;15:34:00;396;ac03 - Acidente com Danos Materiais;426;BR-262/MG;Leste;Colisão Traseira;1;3;;;;;1
03/06/2021;15:59:00;409;ac03 - Acidente com Danos Materiais;191;BR-153/MG;Norte;Colisão Lateral;1;6;;;;;1
03/06/2021;18:05:00;458;ac03 - Acidente com Danos Materiais;510;BR-153/GO;Norte;Colisão Lateral;1;4;;;;;1
03/06/2021;19:08:00;488;ac01 - Acidente com Vítima Fatal;739,8;BR-262/MG;Oeste;Colisão Traseira;2;1;1;1;;1;3
04/06/2021;09:10:00;147;ac03 - Acidente com Danos Materiais;58;BR-060/GO;Norte;Colisão Lateral;1;2;;;;;1
05/06/2021;07:52:00;102;ac03 - Acidente com Danos Materiais;192;BR-153/MG;Sul;Choque - Outros;1;7;;;;;1
07/06/2021;05:27:00;58;ac01 - Acidente com Vítima Fatal;376;BR-262/MG;Leste;Tombamento;3;2;;;1;1;3
07/06/2021;09:46:00;185;ac02 - Acidente com Vítima;471,5;BR-262/MG;Leste;Colisão Frontal;2;4;;1;;;2
07/06/2021;14:06:00;345;ac03 - Acidente com Danos Materiais;43;BR-060/GO;Norte;Colisão Traseira;1;2;;;;;1
07/06/2021;14:50:00;356;ac03 - Acidente com Danos Materiais;4;BR-153/MG;Norte;Tombamento;1;2;;;;;1
07/06/2021;15:14:00;363;ac03 - Acidente com Danos Materiais;44,3;BR-060/GO;Sul;Choque- Placa/Suporte Sinalização;1;4;;;;;1
07/06/2021;15:30:00;377;ac03 - Acidente com Danos Materiais;37;BR-153/MG;Sul;Colisão Traseira;2;4;;;;;1
07/06/2021;18:19:00;454;ac03 - Acidente com Danos Materiais;512;BR-153/GO;Sul;Engavetamento;1;3;;;;;1
08/06/2021;06:34:00;56;ac03 - Acidente com Danos Materiais;387;BR-262/MG;Leste;Colisão Lateral;1;1;;;;;1
08/06/2021;12:18:00;207;ac03 - Acidente com Danos Materiais;503,44;BR-153/GO;Sul;Colisão Traseira;2;2;;;;;1
08/06/2021;17:43:00;364;ac03 - Acidente com Danos Materiais;501;BR-153/GO;Sul;Engavetamento;1;3;;;;;1
08/06/2021;18:34:00;387;ac02 - Acidente com Vítima;567;BR-262/MG;Oeste;Colisão Transversal;1;1;1;;;;1
08/06/2021;19:12:00;405;ac03 - Acidente com Danos Materiais;366;BR-262/MG;Oeste;Saida de Pista;2;2;;;;;1
08/06/2021;21:42:00;453;ac03 - Acidente com Danos Materiais;518;BR-262/MG;Oeste;Saida de Pista;1;2;;;;;1
09/06/2021;02:33:00;50;ac03 - Acidente com Danos Materiais;702;BR-262/MG;Leste;Atropelamento de Animal;1;1;;;;;1
09/06/2021;04:36:00;59;ac03 - Acidente com Danos Materiais;22;BR-153/MG;Norte;Saida de Pista;1;3;;;;;1
09/06/2021;07:21:00;113;ac02 - Acidente com Vítima;494;BR-262/MG;Leste;Colisão Lateral;1;1;2;;;;1
09/06/2021;08:53:00;156;ac03 - Acidente com Danos Materiais;803;BR-262/MG;Oeste;Colisão Lateral;1;2;;;;;1
09/06/2021;15:24:00;385;ac02 - Acidente com Vítima;658;BR-153/GO;Sul;Colisão Traseira;2;1;;;1;;2
09/06/2021;22:44:00;580;ac02 - Acidente com Vítima;166,4;BR-153/MG;Norte;Colisão Frontal;1;1;1;;;;1
10/06/2021;05:18:00;61;ac03 - Acidente com Danos Materiais;552;BR-262/MG;Oeste;Colisão Traseira;2;3;;;;;1
10/06/2021;14:52:00;422;ac03 - Acidente com Danos Materiais;95;BR-060/GO;Sul;Colisão Traseira;1;7;;;;;1
10/06/2021;16:20:00;479;ac03 - Acidente com Danos Materiais;95;BR-060/GO;Sul;Colisão Traseira;1;2;;;;;1
10/06/2021;17:29:00;526;ac03 - Acidente com Danos Materiais;509;BR-153/GO;Norte;Engavetamento;1;6;;;;;1
10/06/2021;17:32:00;528;ac02 - Acidente com Vítima;193;BR-153/MG;Norte;Tombamento;1;0;;1;;;2
11/06/2021;11:25:00;232;ac03 - Acidente com Danos Materiais;597;BR-153/GO;Sul;Colisão Traseira;1;1;;;;;1
11/06/2021;14:31:00;335;ac03 - Acidente com Danos Materiais;603;BR-153/GO;Norte;Saida de Pista;1;1;;;;;1
11/06/2021;22:16:00;568;ac02 - Acidente com Vítima;492,5;BR-262/MG;Oeste;Atropelamento - Ciclista;1;1;;;1;;2
11/06/2021;22:23:00;572;ac02 - Acidente com Vítima;691;BR-262/MG;Oeste;Colisão Lateral;2;1;1;;;;1
12/06/2021;05:42:00;66;ac02 - Acidente com Vítima;450;BR-262/MG;Oeste;Colisão Lateral;1;3;;1;;;2
12/06/2021;10:00:00;163;ac03 - Acidente com Danos Materiais;418;BR-262/MG;Oeste;Colisão Traseira;2;2;;;;;1
12/06/2021;15:19:00;283;ac02 - Acidente com Vítima;105;BR-060/GO;Sul;Capotamento;1;1;1;;;;1
12/06/2021;18:42:00;356;ac03 - Acidente com Danos Materiais;575;BR-262/MG;Leste;Colisão Transversal;1;2;;;;;1
13/06/2021;12:51:00;201;ac03 - Acidente com Danos Materiais;502;BR-153/GO;Norte;Colisão Traseira;1;3;;;;;1
13/06/2021;13:50:00;225;ac02 - Acidente com Vítima;863,5;BR-262/MG;Oeste;Colisão Lateral;1;2;;1;;;2
14/06/2021;10:32:00;180;ac02 - Acidente com Vítima;134;BR-060/GO;Norte;Colisão Traseira;1;1;;1;;;2
14/06/2021;14:05:00;284;ac03 - Acidente com Danos Materiais;6;BR-060/GO;Sul;Saida de Pista;1;1;;;;;1
14/06/2021;15:53:00;349;ac03 - Acidente com Danos Materiais;111;BR-060/GO;Norte;Tombamento;1;2;;;;;1
14/06/2021;16:32:00;373;ac03 - Acidente com Danos Materiais;499;BR-153/GO;Norte;Engavetamento;3;4;;;;;1
14/06/2021;17:10:00;404;ac03 - Acidente com Danos Materiais;507;BR-153/GO;Sul;Choque - Defensa;1;1;;;;;1
14/06/2021;18:59:00;464;ac03 - Acidente com Danos Materiais;666,5;BR-262/MG;Leste;Tombamento;1;2;;;;;1
14/06/2021;21:15:00;514;ac03 - Acidente com Danos Materiais;554,9;BR-262/MG;Oeste;Saida de Pista;1;1;;;;;1
15/06/2021;08:58:00;284;ac03 - Acidente com Danos Materiais;521;BR-153/GO;Sul;Tombamento;1;1;;;;;1
15/06/2021;10:47:00;370;ac03 - Acidente com Danos Materiais;815;BR-262/MG;Oeste;Saida de Pista;1;6;;;;;1
15/06/2021;17:29:00;601;ac03 - Acidente com Danos Materiais;650;BR-262/MG;Leste;Objeto lançado contra veículo;1;2;;;;;1
15/06/2021;18:47:00;643;ac03 - Acidente com Danos Materiais;694;BR-153/GO;Sul;Atropelamento de Animal;1;1;;;;;1
16/06/2021;10:27:00;188;ac03 - Acidente com Danos Materiais;652;BR-262/MG;Leste;Engavetamento;5;5;;;;;1
16/06/2021;11:10:00;211;ac03 - Acidente com Danos Materiais;748;BR-262/MG;Leste;Colisão Traseira;2;2;;;;;1
16/06/2021;15:01:00;313;ac02 - Acidente com Vítima;575;BR-262/MG;Leste;Colisão Lateral;2;2;;;1;;2
17/06/2021;21:07:00;435;ac03 - Acidente com Danos Materiais;674,5;BR-153/GO;Sul;Colisão Traseira;2;2;;;;;1
17/06/2021;21:32:00;440;ac02 - Acidente com Vítima;141;BR-153/MG;Norte;Engavetamento;7;6;1;;;;1
18/06/2021;10:04:00;168;ac03 - Acidente com Danos Materiais;616,5;BR-153/GO;Norte;Colisão Lateral;1;3;;;;;1
18/06/2021;12:29:00;249;ac03 - Acidente com Danos Materiais;618;BR-153/GO;Sul;Saida de Pista;1;2;;;;;1
19/06/2021;06:30:00;58;ac03 - Acidente com Danos Materiais;51;BR-153/MG;Norte;;1;1;;;;;1
20/06/2021;03:11:00;22;ac03 - Acidente com Danos Materiais;388;BR-262/MG;Oeste;Tombamento;1;2;;;;;1
20/06/2021;08:16:00;91;ac03 - Acidente com Danos Materiais;546;BR-262/MG;Leste;Colisão Lateral;1;4;;;;;1
20/06/2021;19:02:00;338;ac03 - Acidente com Danos Materiais;679;BR-153/GO;Norte;Saida de Pista;1;3;;;;;1
21/06/2021;00:53:00;15;ac02 - Acidente com Vítima;135,599;BR-060/GO;Norte;Atropelamento de Animal;1;2;;1;;;2
21/06/2021;06:44:00;57;ac03 - Acidente com Danos Materiais;506;BR-262/MG;Oeste;Saida de Pista;1;2;;;;;1
21/06/2021;07:49:00;83;ac03 - Acidente com Danos Materiais;615,47;BR-262/MG;Leste;Tombamento;1;1;;;;;1
21/06/2021;08:14:00;99;ac03 - Acidente com Danos Materiais;423;BR-262/MG;Leste;Tombamento;2;4;;;;;1
21/06/2021;08:21:00;101;ac03 - Acidente com Danos Materiais;557,45;BR-153/GO;Norte;Choque - Outros;1;2;;;;;1
21/06/2021;08:35:00;108;ac03 - Acidente com Danos Materiais;364,214;BR-262/MG;Oeste;Choque - Defensa;1;1;;;;;1
21/06/2021;18:28:00;386;ac02 - Acidente com Vítima;747;BR-262/MG;Leste;Colisão Lateral;1;0;1;;1;;2
21/06/2021;19:28:00;414;ac02 - Acidente com Vítima;615;BR-262/MG;Leste;Colisão Traseira;1;1;;;1;;2
21/06/2021;20:37:00;438;ac02 - Acidente com Vítima;46;BR-153/MG;Sul;Tombamento;2;3;;;1;;2
21/06/2021;23:30:00;469;ac03 - Acidente com Danos Materiais;58;BR-153/MG;Sul;Colisão Traseira;2;2;;;;;1
22/06/2021;07:07:00;74;ac03 - Acidente com Danos Materiais;533,5;BR-262/MG;Leste;Colisão Lateral;1;7;;;;;1
22/06/2021;11:43:00;272;ac03 - Acidente com Danos Materiais;11,7;BR-153/MG;Norte;Capotamento;1;2;;;;;1
22/06/2021;17:28:00;457;ac03 - Acidente com Danos Materiais;447,5;BR-262/MG;Leste;Choque - Objeto sobre a pista;1;2;;;;;1
23/06/2021;07:32:00;98;ac03 - Acidente com Danos Materiais;598;BR-262/MG;Oeste;Colisão Transversal;2;2;;;;;1
23/06/2021;08:04:00;114;ac03 - Acidente com Danos Materiais;104;BR-060/GO;Sul;Colisão Traseira;2;3;;;;;1
23/06/2021;10:55:00;231;ac02 - Acidente com Vítima;726;BR-262/MG;Leste;Engavetamento;3;2;1;;;;1
23/06/2021;11:34:00;246;ac03 - Acidente com Danos Materiais;52;BR-153/MG;Norte;Tombamento;2;3;;;;;1
24/06/2021;02:38:00;57;ac03 - Acidente com Danos Materiais;519;BR-153/GO;Sul;Colisão Lateral;2;2;;;;;1
24/06/2021;10:32:00;230;ac03 - Acidente com Danos Materiais;70;BR-153/MG;Sul;Colisão Lateral;1;6;;;;;1
24/06/2021;15:02:00;367;ac03 - Acidente com Danos Materiais;877;BR-262/MG;Leste;Saida de Pista;1;1;;;;;1
24/06/2021;16:32:00;400;ac03 - Acidente com Danos Materiais;661,104;BR-153/GO;Sul;Colisão Lateral;2;2;;;;;1
24/06/2021;17:44:00;424;ac03 - Acidente com Danos Materiais;502,75;BR-153/GO;Norte;Colisão Traseira;1;2;;;;;1
24/06/2021;19:40:00;466;ac03 - Acidente com Danos Materiais;43,093;BR-060/GO;Sul;Choque - Veiculo parado na pista;1;2;;;;;1
25/06/2021;07:58:00;78;ac03 - Acidente com Danos Materiais;702,187;BR-262/MG;Leste;Colisão Lateral;1;2;;;;;1
25/06/2021;14:45:00;305;ac03 - Acidente com Danos Materiais;14,491;BR-060/GO;Norte;Tombamento;1;1;;;;;1
25/06/2021;14:46:00;306;ac03 - Acidente com Danos Materiais;419;BR-262/MG;Oeste;;1;1;;;;;1
25/06/2021;20:00:00;483;ac02 - Acidente com Vítima;465;BR-262/MG;Leste;Choque - Veiculo parado no acostamento;1;0;3;;;;1
26/06/2021;01:29:00;28;ac03 - Acidente com Danos Materiais;789,4;BR-262/MG;Leste;Colisão Traseira;1;2;;;;;1
26/06/2021;08:21:00;120;ac03 - Acidente com Danos Materiais;134;BR-153/MG;Norte;Saida de Pista;1;1;;;;;1
26/06/2021;14:06:00;288;ac03 - Acidente com Danos Materiais;3;BR-060/GO;Sul;Colisão Traseira;2;2;;;;;1
27/06/2021;15:33:00;347;ac03 - Acidente com Danos Materiais;1;BR-153/MG;Sul;Colisão Lateral;1;3;;;;;1
27/06/2021;15:41:00;353;ac03 - Acidente com Danos Materiais;450;BR-262/MG;Leste;Colisão Traseira;2;2;;;;;1
27/06/2021;22:18:00;573;ac03 - Acidente com Danos Materiais;40;BR-060/GO;Norte;Engavetamento;1;3;;;;;1
28/06/2021;09:54:00;172;ac03 - Acidente com Danos Materiais;363,6;BR-262/MG;Oeste;Colisão Lateral;1;2;;;;;1
29/06/2021;07:07:00;50;ac03 - Acidente com Danos Materiais;428;BR-262/MG;Leste;Colisão Traseira;2;3;;;;;1
29/06/2021;07:27:00;57;ac02 - Acidente com Vítima;512;BR-153/GO;Sul;Colisão Traseira;1;1;1;;;;1
29/06/2021;18:29:00;346;ac03 - Acidente com Danos Materiais;494;BR-153/GO;Sul;Colisão Traseira;1;4;;;;;1
30/06/2021;01:08:00;10;ac03 - Acidente com Danos Materiais;58;BR-153/MG;Sul;Carreta deu L;1;1;;;;;1
30/06/2021;07:13:00;48;ac03 - Acidente com Danos Materiais;3;BR-060/GO;Norte;Tombamento;1;2;;;;;1
30/06/2021;14:54:00;287;ac03 - Acidente com Danos Materiais;527;BR-153/GO;Sul;Colisão Traseira;2;2;;;;;1
30/06/2021;16:42:00;341;ac03 - Acidente com Danos Materiais;493;BR-153/GO;Sul;Colisão Traseira;1;3;;;;;1
30/06/2021;17:56:00;388;ac03 - Acidente com Danos Materiais;554;BR-262/MG;Leste;Saida de Pista;1;1;;;;;1
30/06/2021;18:38:00;403;ac03 - Acidente com Danos Materiais;659;BR-262/MG;Leste;Choque - Outros;2;2;;;;;1
30/06/2021;19:25:00;427;ac03 - Acidente com Danos Materiais;500,5;BR-153/GO;Sul;Colisão Transversal;1;2;;;;;1
01/07/2021;14:05:00;407;ac03 - Acidente com Danos Materiais;89;BR-060/GO;Norte;Colisão Lateral;1;2;;;;;1
02/07/2021;02:57:00;57;ac02 - Acidente com Vítima;137,65;BR-060/GO;Sul;Saida de Pista;1;2;1;;;;1
02/07/2021;06:35:00;97;ac03 - Acidente com Danos Materiais;143;BR-153/MG;Norte;Colisão Lateral;1;1;;;;;1
03/07/2021;10:42:00;262;ac03 - Acidente com Danos Materiais;596;BR-153/GO;Sul;Tombamento;1;1;;;;;1
04/07/2021;17:11:00;372;ac02 - Acidente com Vítima;519;BR-262/MG;Oeste;Tombamento;1;0;1;;;;1
04/07/2021;21:49:00;486;ac02 - Acidente com Vítima;29;BR-060/GO;Sul;Colisão Traseira;1;1;;1;;;2
05/07/2021;06:44:00;68;ac03 - Acidente com Danos Materiais;430;BR-262/MG;Oeste;Colisão Traseira;1;2;;;;;1
05/07/2021;14:28:00;402;ac03 - Acidente com Danos Materiais;10,8;BR-060/DF;Norte;Colisão Traseira;1;5;;;;;1
05/07/2021;16:11:00;434;ac03 - Acidente com Danos Materiais;633,5;BR-153/GO;Norte;Colisão Traseira;2;2;;;;;1