data;horario;n_da_ocorrencia;tipo_de_ocorrencia;km;trecho;sentido;tipo_de_acidente;caminhao;ilesos;levemente_feridos;moderadamente_feridos;gravemente_feridos;mortos;3
05/07/2021;20:34:00;570;ac02 - Acidente com Vítima;476;BR-262/MG;Oeste;Colisão Lateral;1;3;1;;;;1
07/07/2021;03:53:00;51;ac03 - Acidente com Danos Materiais;532;BR-262/MG;Oeste;Tombamento;1;1;;;;;1
07/07/2021;09:42:00;195;ac03 - Acidente com Danos Materiais;43;BR-060/GO;Norte;Colisão Traseira;1;2;;;;;1
07/07/2021;18:23:00;524;ac03 - Acidente com Danos Materiais;446;BR-262/MG;Leste;Colisão Transversal;1;2;;;;;1
08/07/2021;07:38:00;66;ac03 - Acidente com Danos Materiais;500;BR-153/GO;Sul;Colisão Lateral;1;2;;;;;1
09/07/2021;05:16:00;77;ac03 - Acidente com Danos Materiais;424;BR-262/MG;Leste;Colisão Traseira;2;2;;;;;1
09/07/2021;07:54:00;124;ac03 - Acidente com Danos Materiais;497;BR-153/GO;Norte;Colisão Traseira;1;2;;;;;1
09/07/2021;10:17:00;298;ac03 - Acidente com Danos Materiais;221;BR-153/MG;Sul;Colisão Traseira;2;3;;;;;1
09/07/2021;12:59:00;388;ac03 - Acidente com Danos Materiais;54,7;BR-153/MG;Sul;Tombamento;1;1;;;;;1
09/07/2021;15:17:00;453;ac03 - Acidente com Danos Materiais;28;BR-060/GO;Sul;Colisão Traseira;1;2;;;;;1
09/07/2021;15:24:00;457;ac03 - Acidente com Danos Materiais;27;BR-153/MG;Norte;Colisão Traseira;1;2;;;;;1
09/07/2021;15:25:00;458;ac03 - Acidente com Danos Materiais;395;BR-262/MG;Oeste;Colisão Traseira;1;5;;;;;1
09/07/2021;15:34:00;461;ac03 - Acidente com Danos Materiais;701;BR-153/GO;Sul;Colisão Traseira;1;2;;;;;1
09/07/2021;15:47:00;470;ac03 - Acidente com Danos Materiais;71;BR-153/MG;Norte;Colisão Traseira;2;2;;;;;1
09/07/2021;15:48:00;471;ac02 - Acidente com Vítima;40;BR-060/GO;Sul;Colisão Traseira;2;1;;1;;;2
10/07/2021;06:07:00;95;ac03 - Acidente com Danos Materiais;96;BR-060/GO;Sul;Colisão Traseira;1;2;;;;;1
10/07/2021;08:31:00;151;ac03 - Acidente com Danos Materiais;43;BR-060/GO;Sul;Colisão Lateral;1;2;;;;;1
10/07/2021;10:38:00;264;ac03 - Acidente com Danos Materiais;748;BR-262/MG;Oeste;Colisão Traseira;2;2;;;;;1
10/07/2021;16:40:00;523;ac02 - Acidente com Vítima;609,1;BR-153/GO;Sul;Choque - Arvore;1;0;1;1;;;2
10/07/2021;17:04:00;534;ac02 - Acidente com Vítima;135,2;BR-153/MG;Norte;Tombamento;1;0;1;;;;1
10/07/2021;18:33:00;574;ac03 - Acidente com Danos Materiais;7,8;BR-153/MG;Sul;Colisão Traseira;1;2;;;;;1
10/07/2021;19:11:00;592;ac03 - Acidente com Danos Materiais;6,5;BR-153/MG;Sul;Colisão Traseira;2;2;;;;;1
11/07/2021;06:09:00;65;ac02 - Acidente com Vítima;410,884;BR-262/MG;Leste;Tombamento;1;0;;1;;;2
11/07/2021;19:35:00;406;ac02 - Acidente com Vítima;233;BR-153/MG;Sul;Colisão Lateral;1;2;4;2;;;2
12/07/2021;06:24:00;59;ac03 - Acidente com Danos Materiais;96;BR-060/GO;Sul;Colisão Traseira;1;2;;;;;1
12/07/2021;13:18:00;442;ac03 - Acidente com Danos Materiais;463;BR-262/MG;Leste;Colisão Traseira;2;3;;;;;1
12/07/2021;14:59:00;485;ac03 - Acidente com Danos Materiais;455;BR-262/MG;Oeste;Capotamento;1;4;;;;;1
13/07/2021;01:45:00;21;ac03 - Acidente com Danos Materiais;38,9;BR-060/GO;Sul;Tombamento;1;3;;;;;1
13/07/2021;08:56:00;215;ac03 - Acidente com Danos Materiais;631;BR-262/MG;Leste;Colisão Traseira;2;2;;;;;1
13/07/2021;17:28:00;627;ac02 - Acidente com Vítima;493;BR-153/GO;Sul;Colisão Lateral;2;2;1;1;;;2
13/07/2021;18:50:00;680;ac03 - Acidente com Danos Materiais;94,199;BR-153/MG;Sul;Choque - Barreira;1;2;;;;;1
14/07/2021;09:57:00;308;ac03 - Acidente com Danos Materiais;11,9;BR-153/MG;Norte;Colisão Traseira;1;2;;;;;1
14/07/2021;12:04:00;449;ac03 - Acidente com Danos Materiais;55,6;BR-153/MG;Norte;Colisão Traseira;1;2;;;;;1
15/07/2021;07:46:00;83;ac03 - Acidente com Danos Materiais;7;BR-060/DF;Sul;Colisão Traseira;1;3;;;;;1
15/07/2021;11:20:00;276;ac03 - Acidente com Danos Materiais;389;BR-262/MG;Oeste;Colisão Traseira;1;2;;;;;1
15/07/2021;13:49:00;391;ac03 - Acidente com Danos Materiais;692,7;BR-153/GO;Sul;Saida de Pista;1;1;;;;;1
16/07/2021;13:47:00;291;ac03 - Acidente com Danos Materiais;462;BR-262/MG;Leste;Colisão Traseira;1;6;;;;;1
16/07/2021;14:07:00;301;ac02 - Acidente com Vítima;0;BR-153/MG;Norte;Saida de Pista;1;1;1;;;;1
16/07/2021;15:43:00;355;ac03 - Acidente com Danos Materiais;506;BR-153/GO;Norte;Colisão Traseira;1;2;;;;;1
16/07/2021;17:00:00;425;ac03 - Acidente com Danos Materiais;372;BR-262/MG;Oeste;Colisão Traseira;2;2;;;;;1
17/07/2021;02:25:00;46;ac03 - Acidente com Danos Materiais;21,4;BR-153/MG;Sul;Tombamento;1;1;;;;;1
17/07/2021;06:02:00;114;ac01 - Acidente com Vítima Fatal;473;BR-262/MG;Leste;Colisão Frontal;1;1;;1;;1;3
17/07/2021;10:52:00;275;ac03 - Acidente com Danos Materiais;590;BR-153/GO;Sul;Colisão Traseira;1;3;;;;;1
17/07/2021;14:36:00;385;ac03 - Acidente com Danos Materiais;356;BR-262/MG;Oeste;Colisão Traseira;1;2;;;;;1
18/07/2021;18:59:00;376;ac03 - Acidente com Danos Materiais;384,5;BR-262/MG;Leste;Colisão Traseira;1;5;;;;;1
19/07/2021;17:21:00;319;ac02 - Acidente com Vítima;594;BR-262/MG;Oeste;Choque - Elemento de Drenagem;1;0;;1;;;2
19/07/2021;20:01:00;391;ac03 - Acidente com Danos Materiais;517;BR-262/MG;Leste;Colisão Traseira;1;2;;;;;1
19/07/2021;21:14:00;409;ac03 - Acidente com Danos Materiais;631;BR-262/MG;Leste;Colisão Traseira;1;3;;;;;1
20/07/2021;04:24:00;28;ac02 - Acidente com Vítima;570;BR-262/MG;Oeste;Capotamento;1;0;;1;;;2
20/07/2021;06:36:00;54;ac03 - Acidente com Danos Materiais;43;BR-060/GO;Sul;Colisão Lateral;1;2;;;;;1
20/07/2021;07:41:00;79;ac02 - Acidente com Vítima;102;BR-060/GO;Norte;Colisão Traseira;1;1;1;;;;1
20/07/2021;12:59:00;301;ac03 - Acidente com Danos Materiais;34;BR-153/MG;Sul;Tombamento;1;1;;;;;1
20/07/2021;20:45:00;589;ac03 - Acidente com Danos Materiais;125;BR-060/GO;Norte;Carreta deu L;1;1;;;;;1
21/07/2021;04:41:00;66;ac03 - Acidente com Danos Materiais;81,3;BR-060/GO;Norte;Choque - Veiculo parado no acostamento;2;2;;;;;1
21/07/2021;14:41:00;341;ac01 - Acidente com Vítima Fatal;687,5;BR-262/MG;Oeste;Atropelamento - Usuário;1;4;;;;2;3
21/07/2021;16:30:00;402;ac03 - Acidente com Danos Materiais;526;BR-153/GO;Sul;Saida de Pista;1;3;;;;;1
21/07/2021;20:47:00;516;ac02 - Acidente com Vítima;97,4;BR-060/GO;Sul;Colisão Traseira;1;2;2;;;;1
21/07/2021;21:24:00;531;ac02 - Acidente com Vítima;364;BR-262/MG;Leste;Colisão Traseira;1;1;;1;1;;2
21/07/2021;22:43:00;555;ac03 - Acidente com Danos Materiais;554;BR-262/MG;Leste;Colisão Traseira;2;2;;;;;1
22/07/2021;14:28:00;356;ac01 - Acidente com Vítima Fatal;606,2;BR-153/GO;Sul;Colisão Traseira;2;1;;;;1;3
22/07/2021;14:39:00;358;ac03 - Acidente com Danos Materiais;625;BR-262/MG;Leste;Saida de Pista;1;1;;;;;1
22/07/2021;17:08:00;470;ac03 - Acidente com Danos Materiais;552;BR-262/MG;Oeste;Colisão Traseira;2;2;;;;;1
22/07/2021;17:09:00;472;ac03 - Acidente com Danos Materiais;420;BR-262/MG;Oeste;Colisão Traseira;1;2;;;;;1
22/07/2021;17:32:00;480;ac03 - Acidente com Danos Materiais;89;BR-060/GO;Sul;Colisão Lateral;1;2;;;;;1
22/07/2021;17:44:00;484;ac03 - Acidente com Danos Materiais;496;BR-153/GO;Norte;Engavetamento;2;3;;;;;1
22/07/2021;21:47:00;564;ac02 - Acidente com Vítima;606,2;BR-153/GO;Sul;Colisão Traseira;1;1;1;;;;1
23/07/2021;00:30:00;10;ac02 - Acidente com Vítima;897;BR-262/MG;Leste;Colisão Lateral;1;1;1;;;;1
23/07/2021;08:55:00;136;ac03 - Acidente com Danos Materiais;587;BR-153/GO;Sul;Colisão Traseira;1;2;;;;;1
23/07/2021;12:45:00;276;ac03 - Acidente com Danos Materiais;555,8;BR-262/MG;Oeste;Colisão Traseira;1;2;;;;;1
24/07/2021;05:34:00;40;ac02 - Acidente com Vítima;148;BR-153/MG;Sul;Colisão Lateral;2;1;2;1;;;2
24/07/2021;07:44:00;75;ac03 - Acidente com Danos Materiais;38,5;BR-060/GO;Sul;Tombamento;1;3;;;;;1
24/07/2021;10:24:00;155;ac03 - Acidente com Danos Materiais;134;BR-153/MG;Norte;Colisão Transversal;2;3;;;;;1
24/07/2021;13:21:00;219;ac02 - Acidente com Vítima;414,368;BR-262/MG;Oeste;Colisão Lateral;1;1;1;;;;1
25/07/2021;17:32:00;570;ac03 - Acidente com Danos Materiais;906,631;BR-262/MG;Leste;Colisão Lateral;1;4;;;;;1
26/07/2021;02:35:00;52;ac01 - Acidente com Vítima Fatal;585,094;BR-262/MG;Oeste;Saida de Pista;1;0;;;;1;3
26/07/2021;05:50:00;102;ac02 - Acidente com Vítima;385;BR-262/MG;Leste;Colisão Traseira;1;0;6;;;;1
26/07/2021;08:54:00;158;ac03 - Acidente com Danos Materiais;10;BR-153/MG;Sul;Tombamento;1;1;;;;;1
26/07/2021;12:18:00;260;ac03 - Acidente com Danos Materiais;586;BR-153/GO;Norte;Saida de Pista;1;1;;;;;1
26/07/2021;16:48:00;385;ac03 - Acidente com Danos Materiais;687,5;BR-262/MG;Oeste;Tombamento;1;1;;;;;1
26/07/2021;16:54:00;391;ac03 - Acidente com Danos Materiais;1,5;BR-153/MG;Norte;Colisão Traseira;1;4;;;;;1
27/07/2021;01:12:00;20;ac03 - Acidente com Danos Materiais;27;BR-060/GO;Sul;Carreta deu L;1;1;;;;;1
27/07/2021;03:01:00;48;ac03 - Acidente com Danos Materiais;580,1;BR-262/MG;Oeste;Saida de Pista;1;1;;;;;1
27/07/2021;09:57:00;200;ac03 - Acidente com Danos Materiais;107;BR-060/GO;Sul;Colisão Traseira;1;2;;;;;1
27/07/2021;10:09:00;207;ac03 - Acidente com Danos Materiais;3;BR-060/DF;Sul;Colisão Lateral;1;2;;;;;1
27/07/2021;18:58:00;495;ac03 - Acidente com Danos Materiais;801,9;BR-262/MG;Oeste;Atropelamento de Animal;1;1;;;;;1
27/07/2021;20:52:00;544;ac03 - Acidente com Danos Materiais;358;BR-262/MG;Oeste;Choque - Objeto sobre a pista;1;2;;;;;1
28/07/2021;00:17:00;2;ac03 - Acidente com Danos Materiais;601;BR-262/MG;Oeste;Saida de Pista;1;1;;;;;1
28/07/2021;06:59:00;80;ac02 - Acidente com Vítima;516,5;BR-262/MG;Leste;Engavetamento;2;0;5;;;;1
28/07/2021;13:06:00;354;ac03 - Acidente com Danos Materiais;506;BR-262/MG;Leste;Colisão Lateral;2;2;;;;;1
28/07/2021;14:17:00;399;ac03 - Acidente com Danos Materiais;227,9;BR-153/MG;Norte;Colisão Lateral;1;4;;;;;1
29/07/2021;03:45:00;65;ac03 - Acidente com Danos Materiais;148;BR-153/MG;Norte;Tombamento;1;2;;;;;1
29/07/2021;13:47:00;497;ac03 - Acidente com Danos Materiais;81;BR-060/GO;Norte;Colisão Lateral;1;2;;;;;1
30/07/2021;01:08:00;40;ac03 - Acidente com Danos Materiais;737;BR-262/MG;Oeste;Saida de Pista;1;1;;;;;1
30/07/2021;07:40:00;120;ac02 - Acidente com Vítima;575;BR-262/MG;Oeste;Colisão Lateral;2;0;1;1;;;2
30/07/2021;08:22:00;139;ac03 - Acidente com Danos Materiais;122;BR-060/GO;Norte;Colisão Lateral;1;2;;;;;1
30/07/2021;09:11:00;170;ac03 - Acidente com Danos Materiais;693;BR-262/MG;Oeste;Colisão Traseira;1;2;;;;;1
30/07/2021;21:21:00;617;ac01 - Acidente com Vítima Fatal;524;BR-262/MG;Leste;Colisão Transversal;2;1;;;;1;3
31/07/2021;07:46:00;96;ac02 - Acidente com Vítima;672,8;BR-262/MG;Leste;Colisão Traseira;1;1;4;;;;1
31/07/2021;09:51:00;236;ac03 - Acidente com Danos Materiais;29;BR-153/MG;Sul;Colisão Lateral;1;3;;;;;1
31/07/2021;17:03:00;520;ac03 - Acidente com Danos Materiais;863;BR-262/MG;Oeste;Choque- Poste/Equipamento;1;1;;;;;1
31/07/2021;19:16:00;587;ac03 - Acidente com Danos Materiais;245;BR-153/MG;Norte;Colisão Lateral;1;2;;;;;1
31/07/2021;22:34:00;651;ac01 - Acidente com Vítima Fatal;735;BR-262/MG;Leste;Capotamento;1;0;;;;1;3
01/08/2021;03:10:00;37;ac01 - Acidente com Vítima Fatal;24;BR-153/MG;Sul;Capotamento;1;0;1;1;;1;3
01/08/2021;08:36:00;107;ac03 - Acidente com Danos Materiais;107;BR-060/GO;Sul;Choque- Poste/Equipamento;1;1;;;;;1
01/08/2021;11:55:00;232;ac02 - Acidente com Vítima;577;BR-153/GO;Sul;Tombamento;1;0;3;;;;1
01/08/2021;16:37:00;438;ac03 - Acidente com Danos Materiais;46,999;BR-060/GO;Norte;Tombamento;1;1;;;;;1
02/08/2021;04:01:00;94;ac02 - Acidente com Vítima;405,752;BR-262/MG;Leste;Tombamento;1;0;1;;;;1
02/08/2021;08:21:00;192;ac03 - Acidente com Danos Materiais;685;BR-153/GO;Norte;Colisão Traseira;2;2;;;;;1
02/08/2021;14:45:00;483;ac02 - Acidente com Vítima;51;BR-060/GO;Norte;Colisão Traseira;1;0;5;;;;1
03/08/2021;19:18:00;526;ac01 - Acidente com Vítima Fatal;515;BR-153/GO;Sul;Colisão Traseira;1;1;;;;1;3
03/08/2021;19:56:00;546;ac01 - Acidente com Vítima Fatal;767;BR-262/MG;Leste;Saida de Pista;1;0;;;;1;3
04/08/2021;00:11:00;22;ac02 - Acidente com Vítima;547;BR-262/MG;Oeste;Colisão Frontal;2;1;;1;;;2
04/08/2021;01:29:00;70;ac03 - Acidente com Danos Materiais;547,2;BR-262/MG;Oeste;Colisão Lateral;1;2;;;;;1
04/08/2021;09:49:00;346;ac03 - Acidente com Danos Materiais;555;BR-262/MG;Oeste;Colisão Traseira;2;2;;;;;1
04/08/2021;12:06:00;480;ac03 - Acidente com Danos Materiais;460;BR-262/MG;Leste;Colisão Traseira;2;2;;;;;1
04/08/2021;23:22:00;908;ac03 - Acidente com Danos Materiais;96;BR-060/GO;Sul;Saida de Pista;1;2;;;;;1
05/08/2021;09:44:00;483;ac03 - Acidente com Danos Materiais;418;BR-262/MG;Leste;Colisão Traseira;1;2;;;;;1
05/08/2021;10:05:00;516;ac03 - Acidente com Danos Materiais;604;BR-262/MG;Leste;Colisão Traseira;1;2;;;;;1
05/08/2021;16:21:00;917;ac03 - Acidente com Danos Materiais;137,5;BR-060/GO;Sul;Colisão Traseira;1;2;;;;;1
06/08/2021;03:21:00;113;ac03 - Acidente com Danos Materiais;71;BR-153/MG;Norte;Tombamento;1;3;;;;;1
06/08/2021;04:34:00;134;ac03 - Acidente com Danos Materiais;613;BR-153/GO;Sul;Colisão Traseira;2;2;;;;;1
06/08/2021;08:20:00;254;ac03 - Acidente com Danos Materiais;665;BR-153/GO;Sul;Saida de Pista;1;1;;;;;1
06/08/2021;11:27:00;480;ac03 - Acidente com Danos Materiais;586;BR-262/MG;Leste;Colisão Lateral;2;2;;;;;1
06/08/2021;19:54:00;911;ac03 - Acidente com Danos Materiais;625;BR-262/MG;Oeste;Saida de Pista;1;1;;;;;1
07/08/2021;08:08:00;169;ac03 - Acidente com Danos Materiais;64,705;BR-153/MG;Sul;Tombamento;2;2;;;;;1
07/08/2021;14:21:00;358;ac03 - Acidente com Danos Materiais;437;BR-262/MG;Oeste;Colisão Lateral;1;2;;;;;1
07/08/2021;20:10:00;539;ac03 - Acidente com Danos Materiais;94;BR-060/GO;Sul;Saida de Pista;2;2;;;;;1
08/08/2021;08:53:00;169;ac03 - Acidente com Danos Materiais;521,189;BR-153/GO;Norte;Tombamento;1;1;;;;;1
08/08/2021;10:16:00;266;ac01 - Acidente com Vítima Fatal;628,3;BR-262/MG;Leste;Tombamento;1;0;;;1;1;3
08/08/2021;18:43:00;543;ac02 - Acidente com Vítima;743;BR-262/MG;Leste;Colisão Lateral;1;5;;1;;;2
08/08/2021;19:49:00;611;ac03 - Acidente com Danos Materiais;401;BR-262/MG;Leste;Colisão Traseira;1;5;;;;;1
08/08/2021;21:37:00;679;ac03 - Acidente com Danos Materiais;553;BR-153/GO;Norte;Colisão Transversal;1;2;;;;;1
09/08/2021;10:29:00;285;ac02 - Acidente com Vítima;494;BR-153/GO;Sul;Colisão Traseira;2;2;1;;;;1
09/08/2021;19:32:00;832;ac03 - Acidente com Danos Materiais;160,3;BR-153/MG;Sul;Tombamento;1;2;;;;;1
09/08/2021;23:33:00;907;ac03 - Acidente com Danos Materiais;6;BR-153/MG;Sul;Saida de Pista;1;1;;;;;1
10/08/2021;15:06:00;552;ac02 - Acidente com Vítima;76;BR-153/MG;Sul;Engavetamento;3;3;;;1;;2
10/08/2021;22:00:00;816;ac03 - Acidente com Danos Materiais;497;BR-153/GO;Norte;Colisão Traseira;1;2;;;;;1
11/08/2021;08:33:00;140;ac03 - Acidente com Danos Materiais;685;BR-262/MG;Leste;Colisão Traseira;1;5;;;;;1
11/08/2021;15:54:00;524;ac03 - Acidente com Danos Materiais;394;BR-262/MG;Leste;Colisão Traseira;1;4;;;;;1
11/08/2021;16:50:00;559;ac03 - Acidente com Danos Materiais;416;BR-262/MG;Leste;Saida de Pista;1;1;;;;;1
12/08/2021;07:06:00;77;ac03 - Acidente com Danos Materiais;617,543;BR-153/GO;Norte;Choque - Defensa;1;1;;;;;1
12/08/2021;13:41:00;469;ac02 - Acidente com Vítima;613,294;BR-153/GO;Sul;Tombamento;1;0;;1;;;2
12/08/2021;17:15:00;623;ac02 - Acidente com Vítima;371;BR-262/MG;Oeste;Colisão Traseira;1;1;;1;;;2
12/08/2021;21:13:00;754;ac03 - Acidente com Danos Materiais;96,5;BR-060/GO;Sul;Tombamento;1;2;;;;;1
12/08/2021;23:01:00;799;ac03 - Acidente com Danos Materiais;712;BR-262/MG;Oeste;Tombamento;1;1;;;;;1
13/08/2021;07:38:00;106;ac03 - Acidente com Danos Materiais;693,8;BR-262/MG;Oeste;Colisão Traseira;2;2;;;;;1
13/08/2021;09:25:00;252;ac03 - Acidente com Danos Materiais;503;BR-153/GO;Sul;Colisão Traseira;1;2;;;;;1
13/08/2021;13:23:00;444;ac02 - Acidente com Vítima;572;BR-153/GO;Sul;Saida de Pista;1;0;1;;;;1
13/08/2021;14:49:00;512;ac03 - Acidente com Danos Materiais;651;BR-262/MG;Leste;Colisão Traseira;2;2;;;;;1
13/08/2021;20:22:00;692;ac03 - Acidente com Danos Materiais;64;BR-060/GO;Sul;Colisão Lateral;1;2;;;;;1
14/08/2021;04:01:00;76;ac03 - Acidente com Danos Materiais;471,186;BR-262/MG;Oeste;Colisão Lateral;1;4;;;;;1
14/08/2021;05:34:00;90;ac02 - Acidente com Vítima;585,4;BR-153/GO;Sul;Tombamento;1;0;2;;;;1
14/08/2021;07:24:00;130;ac03 - Acidente com Danos Materiais;876,9;BR-262/MG;Leste;Colisão Lateral;1;3;;;;;1
14/08/2021;20:01:00;596;ac03 - Acidente com Danos Materiais;148,823;BR-153/MG;Norte;Tombamento;1;2;;;;;1
15/08/2021;12:35:00;276;ac03 - Acidente com Danos Materiais;691;BR-262/MG;Oeste;Tombamento;1;1;;;;;1
15/08/2021;23:52:00;581;ac03 - Acidente com Danos Materiais;0;BR-060/DF;Sul;Colisão Traseira;1;2;;;;;1
16/08/2021;12:26:00;374;ac03 - Acidente com Danos Materiais;412;BR-262/MG;Oeste;Saida de Pista;1;2;;;;;1
16/08/2021;13:10:00;403;ac03 - Acidente com Danos Materiais;24,4;BR-060/GO;Norte;Tombamento;1;1;;;;;1
16/08/2021;15:10:00;478;ac03 - Acidente com Danos Materiais;864;BR-262/MG;Oeste;Choque- Poste/Equipamento;1;1;;;;;1
17/08/2021;01:35:00;36;ac03 - Acidente com Danos Materiais;595;BR-262/MG;Leste;Colisão Traseira;2;2;;;;;1
17/08/2021;06:33:00;101;ac03 - Acidente com Danos Materiais;685;BR-153/GO;Sul;Choque - Cabine de Pedágio;1;2;;;;;1
17/08/2021;07:46:00;127;ac02 - Acidente com Vítima;502;BR-153/GO;Norte;Colisão Traseira;1;1;1;;;;1
17/08/2021;12:16:00;319;ac02 - Acidente com Vítima;606,5;BR-153/GO;Sul;Tombamento;1;0;1;;;;1
17/08/2021;17:04:00;447;ac01 - Acidente com Vítima Fatal;430;BR-262/MG;Oeste;Choque - Veiculo parado no acostamento;3;4;;;;1;3
17/08/2021;17:53:00;467;ac03 - Acidente com Danos Materiais;501,2;BR-153/GO;Sul;Colisão Traseira;1;2;;;;;1
17/08/2021;19:08:00;497;ac03 - Acidente com Danos Materiais;489;BR-262/MG;Leste;Colisão Lateral;4;4;;;;;1
17/08/2021;20:22:00;541;ac01 - Acidente com Vítima Fatal;35;BR-060/GO;Sul;Capotamento;1;2;;;2;2;3
18/08/2021;14:35:00;362;ac01 - Acidente com Vítima Fatal;699;BR-262/MG;Leste;Colisão Frontal;1;1;;;;1;3
18/08/2021;14:54:00;377;ac02 - Acidente com Vítima;406;BR-262/MG;Leste;Colisão Traseira;1;1;;1;;;2
19/08/2021;07:13:00;108;ac03 - Acidente com Danos Materiais;590;BR-153/GO;Sul;Saida de Pista;1;2;;;;;1
19/08/2021;11:20:00;244;ac02 - Acidente com Vítima;553;BR-262/MG;Leste;Tombamento;1;0;;;2;;2
19/08/2021;11:23:00;249;ac02 - Acidente com Vítima;517;BR-153/GO;Norte;Colisão Traseira;1;1;;;1;;2
19/08/2021;13:44:00;304;ac03 - Acidente com Danos Materiais;133,5;BR-153/MG;Norte;Colisão Traseira;2;4;;;;;1
19/08/2021;14:41:00;322;ac02 - Acidente com Vítima;618;BR-153/GO;Norte;Tombamento;1;3;1;;;;1
19/08/2021;19:15:00;412;ac01 - Acidente com Vítima Fatal;678;BR-153/GO;Sul;Colisão Traseira;2;0;1;;;1;3
19/08/2021;23:20:00;498;ac01 - Acidente com Vítima Fatal;827,497;BR-262/MG;Leste;Tombamento;1;0;;;;1;3
20/08/2021;07:55:00;85;ac03 - Acidente com Danos Materiais;512;BR-153/GO;Norte;Colisão Traseira;1;2;;;;;1
20/08/2021;11:52:00;198;ac03 - Acidente com Danos Materiais;702;BR-153/GO;Sul;Carreta deu L;1;2;;;;;1
20/08/2021;13:23:00;228;ac02 - Acidente com Vítima;633,5;BR-262/MG;Leste;Colisão Traseira;1;1;1;;;;1
20/08/2021;20:42:00;449;ac03 - Acidente com Danos Materiais;493;BR-153/GO;Norte;Colisão Traseira;1;2;;;;;1
21/08/2021;01:20:00;33;ac03 - Acidente com Danos Materiais;554;BR-262/MG;Leste;Choque - Talude;1;1;;;;;1
21/08/2021;05:38:00;94;ac03 - Acidente com Danos Materiais;368;BR-262/MG;Oeste;Colisão Traseira;1;2;;;;;1
21/08/2021;10:37:00;253;ac03 - Acidente com Danos Materiais;368,3;BR-262/MG;Oeste;Engavetamento;1;4;;;;;1
21/08/2021;17:07:00;432;ac02 - Acidente com Vítima;889,5;BR-262/MG;Leste;Saida de Pista;1;0;1;;;;1
21/08/2021;19:03:00;500;ac03 - Acidente com Danos Materiais;519;BR-262/MG;Leste;Colisão Traseira;1;2;;;;;1
21/08/2021;21:59:00;588;ac02 - Acidente com Vítima;513;BR-153/GO;Sul;Colisão Traseira;1;2;;;1;;2
22/08/2021;01:25:00;33;ac03 - Acidente com Danos Materiais;59;BR-153/MG;Norte;Colisão Traseira;2;2;;;;;1
22/08/2021;03:43:00;91;ac03 - Acidente com Danos Materiais;511,7;BR-153/GO;Sul;Colisão Traseira;1;2;;;;;1
22/08/2021;10:51:00;354;ac03 - Acidente com Danos Materiais;693;BR-153/GO;Sul;Colisão Lateral;1;2;;;;;1
22/08/2021;12:56:00;448;ac03 - Acidente com Danos Materiais;690;BR-153/GO;Sul;Tombamento;1;1;;;;;1
22/08/2021;12:59:00;450;ac02 - Acidente com Vítima;584,9;BR-262/MG;Leste;Tombamento;1;1;1;;;;1
22/08/2021;13:33:00;467;ac02 - Acidente com Vítima;113;BR-153/MG;Sul;Colisão Transversal;2;2;1;;;;1
22/08/2021;15:43:00;542;ac02 - Acidente com Vítima;113;BR-060/GO;Norte;Colisão Traseira;1;1;;1;;;2
22/08/2021;15:44:00;544;ac03 - Acidente com Danos Materiais;167;BR-153/MG;Norte;Colisão Transversal;2;3;;;;;1
22/08/2021;18:22:00;619;ac01 - Acidente com Vítima Fatal;134;BR-153/MG;Sul;Colisão Frontal;1;4;1;;;1;3
22/08/2021;18:27:00;622;ac03 - Acidente com Danos Materiais;702;BR-153/GO;Sul;Tombamento;1;1;;;;;1
23/08/2021;07:14:00;87;ac02 - Acidente com Vítima;405;BR-262/MG;Leste;Colisão Transversal;1;2;;1;;;2
23/08/2021;07:32:00;95;ac01 - Acidente com Vítima Fatal;66,1;BR-153/MG;Norte;Colisão Traseira;3;3;;;1;1;3
23/08/2021;14:14:00;287;ac03 - Acidente com Danos Materiais;559;BR-153/GO;Sul;Saida de Pista;1;3;;;;;1
23/08/2021;15:04:00;305;ac03 - Acidente com Danos Materiais;76;BR-060/GO;Sul;Colisão Lateral;1;4;;;;;1
23/08/2021;16:05:00;335;ac03 - Acidente com Danos Materiais;109;BR-153/MG;Sul;Colisão Traseira;2;2;;;;;1
24/08/2021;15:20:00;332;ac03 - Acidente com Danos Materiais;546,9;BR-262/MG;Leste;Tombamento;1;1;;;;;1
24/08/2021;16:33:00;363;ac03 - Acidente com Danos Materiais;525,5;BR-262/MG;Oeste;Colisão Traseira;1;2;;;;;1
24/08/2021;21:07:00;487;ac02 - Acidente com Vítima;367;BR-262/MG;Leste;Colisão Traseira;2;4;;1;;;2