data;horario;n_da_ocorrencia;tipo_de_ocorrencia;km;trecho;sentido;tipo_de_acidente;caminhao;ilesos;levemente_feridos;moderadamente_feridos;gravemente_feridos;mortos;3
24/08/2021;22:54:00;529;ac01 - Acidente com Vítima Fatal;759;BR-262/MG;Oeste;Colisão Transversal;2;1;;;;1;3
25/08/2021;00:30:00;10;ac03 - Acidente com Danos Materiais;365;BR-262/MG;Oeste;Atropelamento de Animal;1;1;;;;;1
25/08/2021;08:11:00;134;ac03 - Acidente com Danos Materiais;887;BR-262/MG;Oeste;Saida de Pista;1;1;;;;;1
25/08/2021;14:29:00;415;ac03 - Acidente com Danos Materiais;193;BR-153/MG;Sul;Colisão Traseira;1;2;;;;;1
25/08/2021;16:41:00;479;ac03 - Acidente com Danos Materiais;26;BR-060/GO;Norte;Saida de Pista;1;2;;;;;1
25/08/2021;18:45:00;552;ac03 - Acidente com Danos Materiais;553,8;BR-262/MG;Leste;Tombamento;1;1;;;;;1
25/08/2021;19:04:00;561;ac03 - Acidente com Danos Materiais;129;BR-060/GO;Norte;Saida de Pista;1;1;;;;;1
26/08/2021;04:24:00;45;ac03 - Acidente com Danos Materiais;415;BR-262/MG;Leste;Saida de Pista;1;1;;;;;1
26/08/2021;04:46:00;49;ac03 - Acidente com Danos Materiais;168;BR-153/MG;Sul;Colisão Lateral;2;3;;;;;1
26/08/2021;06:53:00;60;ac02 - Acidente com Vítima;625;BR-262/MG;Oeste;Engavetamento;4;5;1;;;;1
27/08/2021;06:11:00;84;ac02 - Acidente com Vítima;639,324;BR-153/GO;Norte;Colisão Traseira;1;2;2;;;;1
27/08/2021;06:35:00;88;ac02 - Acidente com Vítima;773;BR-262/MG;Leste;Tombamento;1;1;1;;;;1
27/08/2021;13:21:00;371;ac03 - Acidente com Danos Materiais;243;BR-153/MG;Sul;Colisão Lateral;1;2;;;;;1
27/08/2021;16:16:00;480;ac03 - Acidente com Danos Materiais;504,4;BR-153/GO;Norte;Engavetamento;2;4;;;;;1
27/08/2021;18:55:00;571;ac03 - Acidente com Danos Materiais;131;BR-060/GO;Norte;Colisão Traseira;1;2;;;;;1
28/08/2021;06:17:00;92;ac03 - Acidente com Danos Materiais;134,7;BR-153/MG;Norte;Colisão Traseira;2;2;;;;;1
28/08/2021;15:51:00;437;ac03 - Acidente com Danos Materiais;653;BR-153/GO;Norte;Colisão Traseira;2;2;;;;;1
28/08/2021;17:36:00;491;ac02 - Acidente com Vítima;513;BR-153/GO;Norte;Colisão Traseira;1;0;3;;;;1
29/08/2021;00:01:00;1;ac03 - Acidente com Danos Materiais;210;BR-153/MG;Sul;Colisão Lateral;1;2;;;;;1
29/08/2021;07:41:00;77;ac03 - Acidente com Danos Materiais;571;BR-153/GO;Sul;Tombamento;1;1;;;;;1
29/08/2021;09:16:00;151;ac02 - Acidente com Vítima;0;BR-153/MG;Norte;Colisão Lateral;1;9;1;;;;1
30/08/2021;15:48:00;434;ac03 - Acidente com Danos Materiais;491,292;BR-153/GO;Norte;Tombamento;1;1;;;;;1
30/08/2021;16:53:00;475;ac03 - Acidente com Danos Materiais;103,5;BR-060/GO;Sul;Colisão Lateral;1;2;;;;;1
30/08/2021;19:58:00;553;ac03 - Acidente com Danos Materiais;115;BR-060/GO;Sul;Saida de Pista;1;1;;;;;1
01/09/2021;12:28:00;279;ac03 - Acidente com Danos Materiais;618;BR-153/GO;Sul;Saida de Pista;1;2;;;;;1
01/09/2021;15:50:00;408;ac03 - Acidente com Danos Materiais;507;BR-153/GO;Sul;Engavetamento;2;7;;;;;1
01/09/2021;20:02:00;537;ac02 - Acidente com Vítima;431;BR-262/MG;Oeste;Tombamento;1;0;1;;;;1
02/09/2021;12:26:00;419;ac03 - Acidente com Danos Materiais;554;BR-262/MG;Leste;Colisão Traseira;2;2;;;;;1
02/09/2021;16:01:00;575;ac03 - Acidente com Danos Materiais;702;BR-153/GO;Sul;Colisão Traseira;2;2;;;;;1
03/09/2021;03:32:00;68;ac02 - Acidente com Vítima;709;BR-262/MG;Leste;Colisão Traseira;1;1;;;1;;2
03/09/2021;05:01:00;82;ac03 - Acidente com Danos Materiais;495,2;BR-153/GO;Sul;Colisão Traseira;2;2;;;;;1
03/09/2021;06:56:00;120;ac02 - Acidente com Vítima;494;BR-153/GO;Sul;Colisão Traseira;2;2;;;1;;2
03/09/2021;08:06:00;157;ac03 - Acidente com Danos Materiais;29;BR-153/MG;Sul;Colisão Traseira;2;2;;;;;1
03/09/2021;11:55:00;299;ac03 - Acidente com Danos Materiais;5;BR-060/DF;Sul;Colisão Traseira;1;7;;;;;1
04/09/2021;03:58:00;44;ac03 - Acidente com Danos Materiais;2;BR-060/GO;Norte;Choque- Placa/Suporte Sinalização;1;1;;;;;1
04/09/2021;07:28:00;93;ac03 - Acidente com Danos Materiais;223;BR-153/MG;Sul;Choque - Outros;1;1;;;;;1
04/09/2021;13:13:00;281;ac03 - Acidente com Danos Materiais;60,5;BR-060/GO;Sul;Colisão Transversal;1;2;;;;;1
05/09/2021;01:38:00;16;ac02 - Acidente com Vítima;8;BR-060/DF;Sul;Saida de Pista;1;1;;2;;;2
05/09/2021;17:27:00;416;ac03 - Acidente com Danos Materiais;377;BR-262/MG;Leste;Colisão Traseira;1;2;;;;;1
05/09/2021;22:13:00;564;ac03 - Acidente com Danos Materiais;646;BR-153/GO;Norte;Tombamento;1;1;;;;;1
06/09/2021;14:15:00;333;ac03 - Acidente com Danos Materiais;136,4;BR-060/GO;Sul;Tombamento;1;2;;;;;1
06/09/2021;18:12:00;497;ac03 - Acidente com Danos Materiais;382;BR-262/MG;Oeste;Saida de Pista;1;1;;;;;1
08/09/2021;05:59:00;81;ac03 - Acidente com Danos Materiais;777;BR-262/MG;Leste;Saida de Pista;1;1;;;;;1
08/09/2021;07:10:00;98;ac02 - Acidente com Vítima;631;BR-153/GO;Sul;Colisão Traseira;1;1;;1;;;2
09/09/2021;09:39:00;132;ac01 - Acidente com Vítima Fatal;82,411;BR-153/MG;Norte;Colisão Traseira;1;0;;;;2;3
09/09/2021;14:28:00;267;ac03 - Acidente com Danos Materiais;163;BR-153/MG;Norte;Colisão Traseira;2;2;;;;;1
09/09/2021;17:42:00;361;ac03 - Acidente com Danos Materiais;503;BR-153/GO;Sul;Colisão Traseira;1;2;;;;;1
09/09/2021;17:58:00;373;ac02 - Acidente com Vítima;488,9;BR-262/MG;Oeste;Saida de Pista;1;0;3;;;;1
09/09/2021;20:46:00;452;ac03 - Acidente com Danos Materiais;477;BR-262/MG;Oeste;Colisão Lateral;1;2;;;;;1
09/09/2021;21:43:00;465;ac03 - Acidente com Danos Materiais;524;BR-262/MG;Oeste;Colisão Lateral;1;2;;;;;1
10/09/2021;08:38:00;140;ac02 - Acidente com Vítima;2,3;BR-060/GO;Norte;Queda de Moto;1;1;;1;;;2
10/09/2021;11:00:00;229;ac03 - Acidente com Danos Materiais;107;BR-060/GO;Sul;Colisão Traseira;1;2;;;;;1
10/09/2021;19:00:00;452;ac03 - Acidente com Danos Materiais;74,8;BR-153/MG;Norte;Colisão Traseira;2;2;;;;;1
11/09/2021;06:29:00;67;ac03 - Acidente com Danos Materiais;52;BR-060/GO;Sul;Saida de Pista;1;1;;;;;1
11/09/2021;23:21:00;592;ac03 - Acidente com Danos Materiais;663;BR-153/GO;Sul;Colisão Lateral;1;2;;;;;1
12/09/2021;01:46:00;19;ac03 - Acidente com Danos Materiais;511,7;BR-153/GO;Sul;Colisão Traseira;1;3;;;;;1
12/09/2021;10:48:00;203;ac03 - Acidente com Danos Materiais;63;BR-153/MG;Norte;Tombamento;1;2;;;;;1
12/09/2021;18:42:00;384;ac03 - Acidente com Danos Materiais;460;BR-262/MG;Leste;Saida de Pista;2;3;;;;;1
13/09/2021;05:25:00;61;ac02 - Acidente com Vítima;15;BR-060/GO;Sul;Colisão Traseira;1;42;;;2;;2
13/09/2021;14:40:00;263;ac03 - Acidente com Danos Materiais;521;BR-153/GO;Norte;Tombamento;2;5;;;;;1
14/09/2021;04:14:00;34;ac03 - Acidente com Danos Materiais;138;BR-153/MG;Sul;Colisão Lateral;2;2;;;;;1
14/09/2021;07:42:00;95;ac03 - Acidente com Danos Materiais;493;BR-153/GO;Sul;Colisão Traseira;1;2;;;;;1
14/09/2021;12:51:00;286;ac02 - Acidente com Vítima;497;BR-153/GO;Sul;Colisão Traseira;2;1;1;;;;1
14/09/2021;22:18:00;560;ac03 - Acidente com Danos Materiais;526;BR-262/MG;Oeste;Colisão Traseira;2;3;;;;;1
15/09/2021;07:15:00;97;ac03 - Acidente com Danos Materiais;431;BR-262/MG;Oeste;Tombamento;1;1;;;;;1
15/09/2021;18:29:00;517;ac03 - Acidente com Danos Materiais;671;BR-262/MG;Oeste;Colisão Traseira;1;3;;;;;1
16/09/2021;07:39:00;129;ac03 - Acidente com Danos Materiais;563;BR-262/MG;Leste;Tombamento;1;2;;;;;1
17/09/2021;03:55:00;94;ac02 - Acidente com Vítima;625;BR-262/MG;Oeste;Colisão Traseira;2;1;1;;;;1
17/09/2021;04:08:00;96;ac03 - Acidente com Danos Materiais;413;BR-262/MG;Leste;Tombamento;1;1;;;;;1
17/09/2021;07:19:00;151;ac03 - Acidente com Danos Materiais;471,5;BR-262/MG;Oeste;Colisão Traseira;1;2;;;;;1
17/09/2021;10:43:00;353;ac03 - Acidente com Danos Materiais;571;BR-262/MG;Leste;Colisão Lateral;1;2;;;;;1
17/09/2021;22:25:00;646;ac02 - Acidente com Vítima;51,8;BR-153/MG;Sul;Colisão Traseira;2;1;1;;;;1
18/09/2021;16:10:00;486;ac03 - Acidente com Danos Materiais;94;BR-153/MG;Sul;Engavetamento;2;7;;;;;1
19/09/2021;15:55:00;439;ac01 - Acidente com Vítima Fatal;548;BR-262/MG;Oeste;Colisão Frontal;1;1;;;;1;3
19/09/2021;17:52:00;511;ac03 - Acidente com Danos Materiais;429;BR-262/MG;Leste;Tombamento;1;2;;;;;1
20/09/2021;03:17:00;44;ac03 - Acidente com Danos Materiais;678;BR-153/GO;Norte;Tombamento;1;1;;;;;1
20/09/2021;07:52:00;110;ac03 - Acidente com Danos Materiais;502;BR-153/GO;Norte;Colisão Traseira;1;2;;;;;1
20/09/2021;15:18:00;398;ac03 - Acidente com Danos Materiais;134;BR-153/MG;Sul;Engavetamento;2;4;;;;;1
20/09/2021;17:01:00;459;ac01 - Acidente com Vítima Fatal;517,1;BR-262/MG;Leste;Tombamento;1;2;;;;1;3
20/09/2021;19:16:00;500;ac03 - Acidente com Danos Materiais;0;BR-060/GO;Sul;Colisão Traseira;1;2;;;;;1
21/09/2021;10:15:00;231;ac02 - Acidente com Vítima;13;BR-060/GO;Sul;Capotamento;1;2;2;1;;;2
21/09/2021;11:01:00;274;ac01 - Acidente com Vítima Fatal;148;BR-153/MG;Sul;Colisão Lateral;1;1;;;;2;3
21/09/2021;12:53:00;312;ac02 - Acidente com Vítima;385,8;BR-262/MG;Oeste;Tombamento;1;0;;1;;;2
21/09/2021;18:01:00;391;ac02 - Acidente com Vítima;584,5;BR-262/MG;Oeste;Carreta deu L;1;0;1;;;;1
22/09/2021;03:10:00;46;ac03 - Acidente com Danos Materiais;512;BR-262/MG;Oeste;Atropelamento de Animal;1;1;;;;;1
22/09/2021;05:58:00;105;ac02 - Acidente com Vítima;47,5;BR-060/GO;Norte;Capotamento;1;0;;;1;;2
22/09/2021;06:02:00;108;ac02 - Acidente com Vítima;46,5;BR-060/GO;Norte;Engavetamento;3;2;;;1;;2
22/09/2021;08:04:00;163;ac03 - Acidente com Danos Materiais;612;BR-262/MG;Leste;Tombamento;1;1;;;;;1
22/09/2021;09:25:00;206;ac03 - Acidente com Danos Materiais;541,95;BR-153/GO;Sul;Tombamento;1;1;;;;;1
22/09/2021;11:37:00;287;ac03 - Acidente com Danos Materiais;507;BR-153/GO;Sul;Colisão Traseira;1;2;;;;;1
23/09/2021;07:17:00;117;ac03 - Acidente com Danos Materiais;101;BR-060/GO;Sul;Colisão Transversal;1;2;;;;;1
23/09/2021;08:09:00;150;ac03 - Acidente com Danos Materiais;503;BR-153/GO;Norte;Engavetamento;2;3;;;;;1
23/09/2021;09:50:00;248;ac03 - Acidente com Danos Materiais;23;BR-153/MG;Sul;Saida de Pista;1;11;;;;;1
23/09/2021;12:09:00;380;ac03 - Acidente com Danos Materiais;513;BR-153/GO;Norte;Queda de Ciclista;1;2;;;;;1
23/09/2021;17:37:00;550;ac03 - Acidente com Danos Materiais;674,4;BR-153/GO;Norte;Colisão Lateral;1;1;;;;;1
24/09/2021;16:36:00;416;ac03 - Acidente com Danos Materiais;607;BR-153/GO;Sul;Tombamento;1;1;;;;;1
24/09/2021;22:02:00;554;ac03 - Acidente com Danos Materiais;55;BR-153/MG;Sul;Tombamento;1;1;;;;;1
24/09/2021;23:15:00;576;ac02 - Acidente com Vítima;13;BR-153/MG;Sul;Tombamento;1;0;1;;;;1
25/09/2021;12:27:00;289;ac03 - Acidente com Danos Materiais;48,7;BR-060/GO;Norte;Saida de Pista;1;1;;;;;1
25/09/2021;14:11:00;326;ac02 - Acidente com Vítima;28,8;BR-153/MG;Sul;Capotamento;1;1;1;;;;1
25/09/2021;16:16:00;379;ac03 - Acidente com Danos Materiais;612;BR-262/MG;Oeste;Tombamento;1;1;;;;;1
25/09/2021;18:48:00;440;ac02 - Acidente com Vítima;479;BR-262/MG;Leste;Colisão Traseira;1;3;2;1;;;2
26/09/2021;00:46:00;7;ac02 - Acidente com Vítima;405;BR-262/MG;Leste;Tombamento;1;1;1;;;;1
26/09/2021;13:27:00;313;ac03 - Acidente com Danos Materiais;381;BR-262/MG;Oeste;Saida de Pista;1;2;;;;;1
26/09/2021;18:44:00;446;ac03 - Acidente com Danos Materiais;188;BR-153/MG;Sul;Carreta deu L;1;2;;;;;1
27/09/2021;08:11:00;126;ac02 - Acidente com Vítima;103,72;BR-060/GO;Norte;Capotamento;1;0;1;;;;1
27/09/2021;10:26:00;208;ac02 - Acidente com Vítima;77;BR-060/GO;Sul;Colisão Traseira;1;1;;;1;;2
27/09/2021;12:30:00;298;ac03 - Acidente com Danos Materiais;507;BR-153/GO;Norte;Colisão Lateral;2;2;;;;;1
27/09/2021;19:08:00;493;ac03 - Acidente com Danos Materiais;244;BR-153/MG;Norte;Colisão Traseira;1;2;;;;;1
27/09/2021;19:31:00;504;ac03 - Acidente com Danos Materiais;97;BR-060/GO;Sul;Colisão Traseira;1;2;;;;;1
27/09/2021;20:42:00;537;ac03 - Acidente com Danos Materiais;413;BR-262/MG;Leste;Carreta deu L;1;1;;;;;1
27/09/2021;21:20:00;543;ac03 - Acidente com Danos Materiais;100,198;BR-060/GO;Norte;Choque - Objeto sobre a pista;1;4;;;;;1
28/09/2021;05:59:00;66;ac03 - Acidente com Danos Materiais;441;BR-262/MG;Leste;Choque - Defensa;1;1;;;;;1
28/09/2021;06:32:00;80;ac03 - Acidente com Danos Materiais;443;BR-262/MG;Leste;Colisão Lateral;2;2;;;;;1
28/09/2021;06:38:00;83;ac03 - Acidente com Danos Materiais;101;BR-060/GO;Sul;Colisão Traseira;1;2;;;;;1
28/09/2021;16:41:00;438;ac03 - Acidente com Danos Materiais;478,23;BR-262/MG;Oeste;Tombamento;1;1;;;;;1
28/09/2021;17:09:00;447;ac02 - Acidente com Vítima;631;BR-153/GO;Sul;Colisão Traseira;1;1;1;;;;1
28/09/2021;17:48:00;462;ac03 - Acidente com Danos Materiais;127;BR-060/GO;Sul;Colisão Frontal;1;2;;;;;1
28/09/2021;22:11:00;559;ac02 - Acidente com Vítima;564;BR-262/MG;Leste;Tombamento;1;0;;1;;;2
29/09/2021;10:50:00;299;ac03 - Acidente com Danos Materiais;39;BR-060/GO;Sul;Carreta deu L;1;1;;;;;1
29/09/2021;14:53:00;423;ac03 - Acidente com Danos Materiais;547;BR-262/MG;Leste;Saida de Pista;1;1;;;;;1
29/09/2021;15:01:00;426;ac03 - Acidente com Danos Materiais;132;BR-060/GO;Sul;Saida de Pista;1;1;;;;;1
29/09/2021;15:47:00;448;ac03 - Acidente com Danos Materiais;520;BR-262/MG;Leste;Carreta deu L;1;1;;;;;1
29/09/2021;16:04:00;456;ac03 - Acidente com Danos Materiais;519,8;BR-262/MG;Leste;Tombamento;1;1;;;;;1
29/09/2021;18:57:00;520;ac03 - Acidente com Danos Materiais;500;BR-153/GO;Sul;Colisão Lateral;1;2;;;;;1
30/09/2021;08:52:00;148;ac03 - Acidente com Danos Materiais;9;BR-153/MG;Norte;Saida de Pista;1;1;;;;;1
30/09/2021;14:59:00;376;ac03 - Acidente com Danos Materiais;245;BR-153/MG;Sul;Colisão Lateral;1;3;;;;;1
30/09/2021;15:21:00;385;ac03 - Acidente com Danos Materiais;480,8;BR-262/MG;Oeste;Saida de Pista;1;1;;;;;1
30/09/2021;15:34:00;393;ac02 - Acidente com Vítima;685;BR-153/GO;Sul;Colisão Traseira;1;1;2;;;;1
30/09/2021;15:55:00;406;ac03 - Acidente com Danos Materiais;472;BR-262/MG;Oeste;Colisão Traseira;2;3;;;;;1
30/09/2021;21:03:00;559;ac03 - Acidente com Danos Materiais;680;BR-153/GO;Sul;Colisão Traseira;1;2;;;;;1
01/10/2021;01:39:00;18;ac02 - Acidente com Vítima;399,5;BR-262/MG;Leste;Colisão Frontal;1;1;1;;;;1
01/10/2021;11:29:00;318;ac02 - Acidente com Vítima;8,8;BR-153/MG;Sul;Engavetamento;3;2;1;;;;1
01/10/2021;14:22:00;415;ac03 - Acidente com Danos Materiais;73,5;BR-060/GO;Sul;Saida de Pista;1;1;;;;;1
01/10/2021;15:17:00;451;ac03 - Acidente com Danos Materiais;58;BR-060/GO;Norte;Colisão Lateral;1;2;;;;;1
01/10/2021;16:15:00;479;ac03 - Acidente com Danos Materiais;112;BR-060/GO;Norte;Saida de Pista;1;1;;;;;1
01/10/2021;16:51:00;505;ac03 - Acidente com Danos Materiais;79,2;BR-153/MG;Sul;Tombamento;1;1;;;;;1
01/10/2021;17:30:00;531;ac02 - Acidente com Vítima;8,3;BR-153/MG;Sul;Colisão Traseira;2;2;1;;;;1
01/10/2021;22:34:00;647;ac03 - Acidente com Danos Materiais;383;BR-262/MG;Leste;Colisão Traseira;2;2;;;;;1
02/10/2021;04:17:00;61;ac03 - Acidente com Danos Materiais;594;BR-262/MG;Leste;Tombamento;1;1;;;;;1
02/10/2021;11:50:00;228;ac03 - Acidente com Danos Materiais;197;BR-153/MG;Norte;Colisão Traseira;1;4;;;;;1
02/10/2021;21:04:00;394;ac03 - Acidente com Danos Materiais;128;BR-153/MG;Sul;Choque - Cancela de Pedagio;1;1;;;;;1
02/10/2021;21:25:00;399;ac02 - Acidente com Vítima;39,5;BR-060/GO;Norte;Queda de Moto;1;1;1;;;;1
03/10/2021;17:44:00;324;ac02 - Acidente com Vítima;588;BR-262/MG;Oeste;Colisão Frontal;1;1;;;1;;2
04/10/2021;00:33:00;16;ac02 - Acidente com Vítima;356;BR-262/MG;Leste;Saida de Pista;1;0;1;;;;1
04/10/2021;13:35:00;330;ac03 - Acidente com Danos Materiais;188;BR-153/MG;Sul;Tombamento;1;1;;;;;1
04/10/2021;14:40:00;365;ac03 - Acidente com Danos Materiais;579;BR-262/MG;Oeste;Saida de Pista;1;1;;;;;1
04/10/2021;17:27:00;440;ac03 - Acidente com Danos Materiais;618;BR-153/GO;Sul;Colisão Lateral;1;2;;;;;1
04/10/2021;21:33:00;544;ac02 - Acidente com Vítima;504;BR-153/GO;Sul;Choque - Veiculo parado na pista;2;1;;2;;;2
05/10/2021;17:18:00;412;ac03 - Acidente com Danos Materiais;851,5;BR-262/MG;Oeste;Colisão Lateral;2;12;;;;;1
05/10/2021;17:28:00;419;ac02 - Acidente com Vítima;681;BR-153/GO;Sul;Colisão Transversal;1;1;1;;1;;2
05/10/2021;19:36:00;460;ac02 - Acidente com Vítima;109,6;BR-153/MG;Sul;Choque - Arvore;1;0;1;;;;1
05/10/2021;22:41:00;537;ac03 - Acidente com Danos Materiais;549,458;BR-153/GO;Norte;Colisão Traseira;2;2;;;;;1
06/10/2021;00:24:00;1;ac03 - Acidente com Danos Materiais;547;BR-262/MG;Oeste;Colisão Traseira;2;3;;;;;1
06/10/2021;12:47:00;372;ac02 - Acidente com Vítima;575;BR-262/MG;Leste;Tombamento;1;0;1;;;;1
06/10/2021;16:17:00;534;ac03 - Acidente com Danos Materiais;472;BR-262/MG;Oeste;Saida de Pista;1;1;;;;;1
07/10/2021;04:44:00;166;ac03 - Acidente com Danos Materiais;8,7;BR-060/DF;Norte;Tombamento;1;2;;;;;1
07/10/2021;08:53:00;431;ac02 - Acidente com Vítima;760;BR-262/MG;Leste;Colisão Transversal;1;1;1;;;;1
07/10/2021;14:43:00;873;ac02 - Acidente com Vítima;579;BR-262/MG;Oeste;Colisão Transversal;1;1;;;1;;2
07/10/2021;20:19:00;1092;ac03 - Acidente com Danos Materiais;519,5;BR-262/MG;Oeste;Colisão Lateral;1;6;;;;;1
08/10/2021;15:24:00;651;ac03 - Acidente com Danos Materiais;507;BR-153/GO;Sul;Engavetamento;1;8;;;;;1
08/10/2021;18:46:00;855;ac02 - Acidente com Vítima;624;BR-262/MG;Oeste;Colisão Lateral;1;1;2;;;;1
08/10/2021;18:56:00;860;ac03 - Acidente com Danos Materiais;101;BR-060/GO;Sul;Colisão Traseira;1;2;;;;;1
08/10/2021;23:18:00;1002;ac03 - Acidente com Danos Materiais;497;BR-153/GO;Sul;Colisão Traseira;1;2;;;;;1
08/10/2021;23:40:00;1012;ac03 - Acidente com Danos Materiais;108;BR-153/MG;Sul;Colisão Transversal;1;2;;;;;1
09/10/2021;05:40:00;93;ac02 - Acidente com Vítima;368,5;BR-262/MG;Oeste;Tombamento;1;2;1;1;;;2
09/10/2021;15:33:00;763;ac03 - Acidente com Danos Materiais;375;BR-262/MG;Oeste;Capotamento;1;2;;;;;1
09/10/2021;16:04:00;786;ac03 - Acidente com Danos Materiais;586;BR-262/MG;Oeste;Tombamento;1;1;;;;;1
09/10/2021;16:39:00;809;ac03 - Acidente com Danos Materiais;595;BR-262/MG;Oeste;Tombamento;1;1;;;;;1
09/10/2021;17:55:00;846;ac02 - Acidente com Vítima;85;BR-153/MG;Norte;Saida de Pista;1;0;1;1;;;2
10/10/2021;13:36:00;279;ac02 - Acidente com Vítima;174;BR-153/MG;Norte;Tombamento;1;1;1;;;;1
10/10/2021;19:48:00;452;ac03 - Acidente com Danos Materiais;118;BR-060/GO;Sul;Colisão Lateral;1;2;;;;;1
11/10/2021;04:45:00;44;ac03 - Acidente com Danos Materiais;45,8;BR-153/MG;Sul;Carreta deu L;1;1;;;;;1
11/10/2021;07:35:00;77;ac02 - Acidente com Vítima;40;BR-060/GO;Sul;Colisão Traseira;2;1;;1;;;2
11/10/2021;07:57:00;111;ac03 - Acidente com Danos Materiais;195;BR-153/MG;Norte;Tombamento;1;1;;;;;1
11/10/2021;10:32:00;268;ac02 - Acidente com Vítima;746,5;BR-262/MG;Leste;Colisão Traseira;2;1;1;;;;1
11/10/2021;16:12:00;535;ac03 - Acidente com Danos Materiais;504;BR-153/GO;Sul;Colisão Lateral;1;2;;;;;1
11/10/2021;17:03:00;554;ac03 - Acidente com Danos Materiais;520;BR-262/MG;Leste;Colisão Lateral;1;2;;;;;1
12/10/2021;15:43:00;677;ac02 - Acidente com Vítima;47;BR-153/MG;Norte;Carreta deu L;4;4;;;1;;2
12/10/2021;15:45:00;678;ac03 - Acidente com Danos Materiais;40;BR-060/GO;Norte;Colisão Traseira;1;2;;;;;1
13/10/2021;17:21:00;846;ac03 - Acidente com Danos Materiais;71;BR-153/MG;Sul;Colisão Traseira;1;2;;;;;1
13/10/2021;17:28:00;858;ac03 - Acidente com Danos Materiais;68;BR-060/GO;Norte;Colisão Traseira;1;2;;;;;1
14/10/2021;01:34:00;27;ac01 - Acidente com Vítima Fatal;529,2;BR-153/GO;Sul;Colisão Frontal;1;3;;;;1;3
14/10/2021;07:52:00;128;ac03 - Acidente com Danos Materiais;501;BR-153/GO;Sul;Colisão Lateral;1;2;;;;;1
14/10/2021;08:11:00;150;ac02 - Acidente com Vítima;494;BR-153/GO;Sul;Engavetamento;1;2;1;;;;1
14/10/2021;10:26:00;238;ac03 - Acidente com Danos Materiais;553;BR-262/MG;Leste;Tombamento;1;1;;;;;1
14/10/2021;13:01:00;340;ac02 - Acidente com Vítima;187,2;BR-153/MG;Norte;Tombamento;1;0;1;;;;1
14/10/2021;15:29:00;405;ac03 - Acidente com Danos Materiais;61;BR-060/GO;Sul;Colisão Traseira;1;2;;;;;1
14/10/2021;21:13:00;556;ac03 - Acidente com Danos Materiais;26;BR-060/DF;Norte;Colisão Traseira;2;2;;;;;1
15/10/2021;07:22:00;111;ac03 - Acidente com Danos Materiais;774;BR-262/MG;Oeste;Colisão Traseira;2;5;;;;;1
15/10/2021;20:00:00;789;ac03 - Acidente com Danos Materiais;466;BR-262/MG;Leste;Colisão Traseira;1;3;;;;;1
15/10/2021;20:16:00;794;ac03 - Acidente com Danos Materiais;51;BR-153/MG;Norte;Colisão Frontal;2;3;;;;;1
15/10/2021;21:07:00;815;ac03 - Acidente com Danos Materiais;61;BR-153/MG;Norte;Colisão Traseira;2;2;;;;;1
16/10/2021;01:55:00;23;ac03 - Acidente com Danos Materiais;540,8;BR-153/GO;Norte;Colisão Traseira;2;2;;;;;1
16/10/2021;02:17:00;27;ac03 - Acidente com Danos Materiais;13;BR-060/GO;Norte;Tombamento;2;2;;;;;1
16/10/2021;08:14:00;147;ac03 - Acidente com Danos Materiais;480,5;BR-262/MG;Leste;Saida de Pista;1;1;;;;;1
16/10/2021;10:14:00;226;ac02 - Acidente com Vítima;748;BR-262/MG;Oeste;Tombamento;1;0;1;;;;1
17/10/2021;03:17:00;59;ac01 - Acidente com Vítima Fatal;215;BR-153/MG;Sul;Colisão Frontal;1;2;;1;;1;3
17/10/2021;08:32:00;243;ac02 - Acidente com Vítima;195,328;BR-153/MG;Sul;Colisão Traseira;2;2;2;;;;1
17/10/2021;17:00:00;703;ac03 - Acidente com Danos Materiais;645;BR-153/GO;Sul;Tombamento;1;1;;;;;1
17/10/2021;20:58:00;890;ac03 - Acidente com Danos Materiais;693;BR-153/GO;Norte;Choque - Outros;1;6;;;;;1
17/10/2021;22:22:00;913;ac03 - Acidente com Danos Materiais;111;BR-153/MG;Sul;Atropelamento de Animal;1;1;;;;;1
18/10/2021;06:01:00;70;ac03 - Acidente com Danos Materiais;119;BR-060/GO;Sul;Saida de Pista;1;1;;;;;1
18/10/2021;07:17:00;98;ac02 - Acidente com Vítima;508;BR-153/GO;Sul;Colisão Traseira;1;1;1;1;;;2
18/10/2021;19:45:00;485;ac03 - Acidente com Danos Materiais;388;BR-262/MG;Leste;Colisão Traseira;2;2;;;;;1
18/10/2021;19:54:00;493;ac03 - Acidente com Danos Materiais;16;BR-060/GO;Norte;Saida de Pista;2;2;;;;;1
19/10/2021;10:56:00;259;ac03 - Acidente com Danos Materiais;619,2;BR-153/GO;Norte;Tombamento;1;1;;;;;1
19/10/2021;12:58:00;419;ac01 - Acidente com Vítima Fatal;385;BR-262/MG;Oeste;Tombamento;1;0;;;;1;3