data;horario;n_da_ocorrencia;tipo_de_ocorrencia;km;trecho;sentido;tipo_de_acidente;caminhao;ilesos;levemente_feridos;moderadamente_feridos;gravemente_feridos;mortos;3
19/10/2021;14:45:00;481;ac03 - Acidente com Danos Materiais;664;BR-153/GO;Sul;Saida de Pista;1;2;;;;;1
20/10/2021;08:00:00;168;ac03 - Acidente com Danos Materiais;595;BR-262/MG;Leste;Saida de Pista;1;1;;;;;1
20/10/2021;14:26:00;648;ac03 - Acidente com Danos Materiais;607,9;BR-262/MG;Leste;Tombamento;3;4;;;;;1
20/10/2021;14:54:00;666;ac03 - Acidente com Danos Materiais;129;BR-060/GO;Norte;Saida de Pista;1;1;;;;;1
20/10/2021;15:39:00;725;ac03 - Acidente com Danos Materiais;607,3;BR-153/GO;Norte;Tombamento;1;1;;;;;1
20/10/2021;16:10:00;758;ac03 - Acidente com Danos Materiais;499;BR-153/GO;Norte;Colisão Traseira;2;2;;;;;1
20/10/2021;17:51:00;875;ac03 - Acidente com Danos Materiais;880;BR-262/MG;Leste;Colisão Traseira;3;3;;;;;1
21/10/2021;00:12:00;9;ac03 - Acidente com Danos Materiais;521;BR-153/GO;Norte;Colisão Traseira;2;2;;;;;1
21/10/2021;01:39:00;117;ac03 - Acidente com Danos Materiais;75,5;BR-153/MG;Norte;Tombamento;1;4;;;;;1
21/10/2021;02:42:00;148;ac03 - Acidente com Danos Materiais;363;BR-262/MG;Leste;Colisão Traseira;2;2;;;;;1
21/10/2021;06:10:00;227;ac03 - Acidente com Danos Materiais;527;BR-262/MG;Leste;Colisão Traseira;1;2;;;;;1
21/10/2021;16:22:00;915;ac03 - Acidente com Danos Materiais;515;BR-153/GO;Sul;Saida de Pista;1;2;;;;;1
21/10/2021;18:15:00;996;ac03 - Acidente com Danos Materiais;630,5;BR-153/GO;Sul;Saida de Pista;2;2;;;;;1
21/10/2021;20:16:00;1069;ac03 - Acidente com Danos Materiais;421;BR-262/MG;Leste;Colisão Traseira;2;2;;;;;1
21/10/2021;23:05:00;1167;ac02 - Acidente com Vítima;19;BR-060/DF;Norte;Colisão Traseira;1;1;1;;;;1
22/10/2021;11:03:00;409;ac02 - Acidente com Vítima;10,7;BR-153/MG;Sul;Colisão Traseira;2;1;1;;;;1
22/10/2021;13:41:00;583;ac03 - Acidente com Danos Materiais;98;BR-153/MG;Sul;Colisão Traseira;1;2;;;;;1
22/10/2021;17:02:00;754;ac03 - Acidente com Danos Materiais;554;BR-262/MG;Leste;Tombamento;1;1;;;;;1
22/10/2021;18:32:00;801;ac01 - Acidente com Vítima Fatal;705;BR-262/MG;Oeste;Queda de Ponte/Viaduto;1;0;;;;1;3
22/10/2021;19:30:00;833;ac03 - Acidente com Danos Materiais;73;BR-153/MG;Norte;Saida de Pista;1;1;;;;;1
23/10/2021;19:37:00;730;ac03 - Acidente com Danos Materiais;505;BR-153/GO;Norte;Colisão Traseira;1;4;;;;;1
24/10/2021;09:23:00;125;ac03 - Acidente com Danos Materiais;118;BR-153/MG;Sul;Colisão Lateral;1;2;;;;;1
24/10/2021;16:13:00;347;ac03 - Acidente com Danos Materiais;190;BR-153/MG;Norte;Engavetamento;3;5;;;;;1
25/10/2021;10:57:00;403;ac03 - Acidente com Danos Materiais;594;BR-153/GO;Sul;Colisão Traseira;2;2;;;;;1
25/10/2021;14:43:00;578;ac03 - Acidente com Danos Materiais;83;BR-153/MG;Sul;Tombamento;1;1;;;;;1
25/10/2021;15:59:00;630;ac03 - Acidente com Danos Materiais;406,5;BR-262/MG;Leste;Saida de Pista;1;1;;;;;1
25/10/2021;16:05:00;635;ac02 - Acidente com Vítima;557;BR-262/MG;Oeste;Tombamento;1;0;1;;;;1
25/10/2021;17:15:00;672;ac03 - Acidente com Danos Materiais;367;BR-262/MG;Oeste;Saida de Pista;1;1;;;;;1
25/10/2021;17:50:00;715;ac03 - Acidente com Danos Materiais;381;BR-262/MG;Leste;Saida de Pista;1;2;;;;;1
25/10/2021;21:05:00;789;ac03 - Acidente com Danos Materiais;113;BR-060/GO;Sul;Carreta deu L;1;1;;;;;1
25/10/2021;22:26:00;806;ac03 - Acidente com Danos Materiais;116;BR-060/GO;Sul;Saida de Pista;1;1;;;;;1
26/10/2021;04:40:00;29;ac03 - Acidente com Danos Materiais;599,5;BR-153/GO;Sul;Carreta deu L;1;1;;;;;1
26/10/2021;05:49:00;42;ac03 - Acidente com Danos Materiais;595;BR-262/MG;Leste;Saida de Pista;1;1;;;;;1
26/10/2021;08:07:00;90;ac03 - Acidente com Danos Materiais;79;BR-153/MG;Norte;Colisão Traseira;2;2;;;;;1
26/10/2021;08:59:00;107;ac03 - Acidente com Danos Materiais;585;BR-262/MG;Leste;Colisão Traseira;2;2;;;;;1
26/10/2021;09:53:00;127;ac02 - Acidente com Vítima;547;BR-262/MG;Oeste;Colisão Transversal;1;4;;;1;;2
26/10/2021;10:04:00;141;ac03 - Acidente com Danos Materiais;586,5;BR-262/MG;Leste;Tombamento;1;1;;;;;1
26/10/2021;10:21:00;153;ac03 - Acidente com Danos Materiais;379;BR-262/MG;Leste;Saida de Pista;1;1;;;;;1
26/10/2021;12:31:00;250;ac03 - Acidente com Danos Materiais;109,4;BR-060/GO;Norte;Colisão Traseira;2;2;;;;;1
26/10/2021;14:52:00;358;ac03 - Acidente com Danos Materiais;119,5;BR-060/GO;Sul;Capotamento;1;1;;;;;1
26/10/2021;16:06:00;432;ac03 - Acidente com Danos Materiais;542;BR-153/GO;Sul;Carreta deu L;1;1;;;;;1
26/10/2021;19:30:00;563;ac03 - Acidente com Danos Materiais;597;BR-153/GO;Sul;Choque - Talude;1;1;;;;;1
27/10/2021;06:04:00;66;ac01 - Acidente com Vítima Fatal;663,3;BR-262/MG;Leste;Colisão Frontal;1;1;;;;2;3
27/10/2021;06:17:00;70;ac02 - Acidente com Vítima;148,157;BR-153/MG;Norte;Colisão Lateral;4;3;1;;;;1
27/10/2021;06:56:00;82;ac03 - Acidente com Danos Materiais;591;BR-262/MG;Oeste;Tombamento;1;1;;;;;1
27/10/2021;12:12:00;292;ac03 - Acidente com Danos Materiais;40;BR-060/GO;Sul;Tombamento;1;1;;;;;1
27/10/2021;15:32:00;452;ac03 - Acidente com Danos Materiais;57,7;BR-153/MG;Sul;Colisão Traseira;2;2;;;;;1
27/10/2021;15:53:00;456;ac03 - Acidente com Danos Materiais;665;BR-262/MG;Oeste;Saida de Pista;1;1;;;;;1
27/10/2021;16:00:00;457;ac02 - Acidente com Vítima;77,768;BR-153/MG;Norte;Colisão Traseira;2;4;1;;;;1
27/10/2021;16:33:00;465;ac01 - Acidente com Vítima Fatal;773,378;BR-262/MG;Leste;Colisão Frontal;1;0;;;;2;3
27/10/2021;17:16:00;477;ac03 - Acidente com Danos Materiais;503;BR-153/GO;Sul;Colisão Traseira;2;2;;;;;1
28/10/2021;05:12:00;68;ac03 - Acidente com Danos Materiais;654;BR-153/GO;Norte;Colisão Traseira;2;2;;;;;1
28/10/2021;05:43:00;74;ac02 - Acidente com Vítima;58,2;BR-153/MG;Norte;Colisão Traseira;2;1;1;;;;1
28/10/2021;07:17:00;95;ac02 - Acidente com Vítima;433,6;BR-262/MG;Leste;Tombamento;1;0;;;1;;2
28/10/2021;09:11:00;148;ac03 - Acidente com Danos Materiais;679;BR-262/MG;Leste;Colisão Traseira;2;2;;;;;1
28/10/2021;13:25:00;288;ac03 - Acidente com Danos Materiais;757,5;BR-262/MG;Leste;Saida de Pista;1;1;;;;;1
28/10/2021;15:20:00;325;ac03 - Acidente com Danos Materiais;365;BR-262/MG;Oeste;Queda de Moto;1;2;;;;;1
30/10/2021;05:08:00;54;ac03 - Acidente com Danos Materiais;570;BR-153/GO;Norte;Tombamento;1;1;;;;;1
30/10/2021;05:28:00;56;ac03 - Acidente com Danos Materiais;560;BR-262/MG;Leste;Choque - Arvore;1;1;;;;;1
30/10/2021;06:58:00;83;ac02 - Acidente com Vítima;500;BR-262/MG;Leste;Colisão Lateral;1;1;1;1;;;2
30/10/2021;08:16:00;127;ac03 - Acidente com Danos Materiais;499,6;BR-153/GO;Norte;Saida de Pista;1;1;;;;;1
30/10/2021;08:45:00;144;ac03 - Acidente com Danos Materiais;398;BR-262/MG;Oeste;Colisão Lateral;1;2;;;;;1
30/10/2021;10:24:00;219;ac03 - Acidente com Danos Materiais;758;BR-262/MG;Leste;Colisão Transversal;1;2;;;;;1
30/10/2021;11:48:00;270;ac03 - Acidente com Danos Materiais;590;BR-153/GO;Sul;Colisão Traseira;2;2;;;;;1
30/10/2021;14:41:00;375;ac02 - Acidente com Vítima;594;BR-262/MG;Leste;Queda em Ribanceira;1;0;;1;;;2
31/10/2021;02:53:00;119;ac03 - Acidente com Danos Materiais;445,461;BR-262/MG;Leste;Choque- Poste/Equipamento;1;1;;;;;1
31/10/2021;14:31:00;364;ac03 - Acidente com Danos Materiais;23,3;BR-153/MG;Sul;Choque - Talude;1;1;;;;;1
31/10/2021;14:59:00;375;ac03 - Acidente com Danos Materiais;608;BR-262/MG;Oeste;Saida de Pista;1;2;;;;;1
31/10/2021;15:19:00;382;ac02 - Acidente com Vítima;587;BR-262/MG;Leste;Tombamento;1;1;1;;;;1
31/10/2021;15:48:00;390;ac03 - Acidente com Danos Materiais;535,559;BR-153/GO;Sul;Tombamento;1;3;;;;;1
31/10/2021;20:08:00;524;ac02 - Acidente com Vítima;605;BR-153/GO;Norte;Colisão Traseira;2;1;;1;;;2
01/11/2021;00:00:00;1;ac02 - Acidente com Vítima;482,3;BR-262/MG;Oeste;Colisão Traseira;1;1;1;;;;1
01/11/2021;14:04:00;587;ac02 - Acidente com Vítima;44,709;BR-060/GO;Norte;Colisão Lateral;1;2;2;;;;1
01/11/2021;14:36:00;641;ac03 - Acidente com Danos Materiais;107;BR-060/GO;Sul;Choque - Submarino;1;1;;;;;1
01/11/2021;21:45:00;867;ac01 - Acidente com Vítima Fatal;434;BR-262/MG;Leste;Colisão Transversal;2;2;;;2;3;3
03/11/2021;07:37:00;149;ac03 - Acidente com Danos Materiais;628;BR-153/GO;Norte;Carreta deu L;1;1;;;;;1
03/11/2021;13:03:00;331;ac01 - Acidente com Vítima Fatal;591;BR-153/GO;Sul;Tombamento;2;1;;;;1;3
03/11/2021;14:52:00;380;ac03 - Acidente com Danos Materiais;563;BR-153/GO;Sul;Carreta deu L;1;1;;;;;1
03/11/2021;19:14:00;579;ac02 - Acidente com Vítima;492;BR-153/GO;Sul;Choque - Veiculo parado no acostamento;1;0;1;1;;;2
04/11/2021;03:45:00;44;ac03 - Acidente com Danos Materiais;633;BR-153/GO;Norte;Saida de Pista;1;1;;;;;1
04/11/2021;06:17:00;65;ac03 - Acidente com Danos Materiais;0;BR-060/GO;Norte;Saida de Pista;1;1;;;;;1
04/11/2021;11:45:00;274;ac03 - Acidente com Danos Materiais;504;BR-262/MG;Oeste;Colisão Traseira;1;3;;;;;1
04/11/2021;12:45:00;301;ac03 - Acidente com Danos Materiais;434,9;BR-262/MG;Oeste;Choque - Defensa;1;1;;;;;1
04/11/2021;12:50:00;315;ac03 - Acidente com Danos Materiais;434,9;BR-262/MG;Leste;Colisão Traseira;1;3;;;;;1
04/11/2021;17:37:00;482;ac03 - Acidente com Danos Materiais;468;BR-262/MG;Oeste;Saida de Pista;1;1;;;;;1
05/11/2021;03:53:00;42;ac03 - Acidente com Danos Materiais;376;BR-262/MG;Leste;Tombamento;1;1;;;;;1
05/11/2021;10:18:00;218;ac02 - Acidente com Vítima;491;BR-153/GO;Norte;Colisão Traseira;1;2;1;;;;1
05/11/2021;12:11:00;257;ac03 - Acidente com Danos Materiais;97;BR-060/GO;Norte;Saida de Pista;1;1;;;;;1
05/11/2021;19:05:00;504;ac02 - Acidente com Vítima;800;BR-262/MG;Oeste;Colisão Traseira;1;2;1;;;;1
06/11/2021;08:05:00;155;ac03 - Acidente com Danos Materiais;77,5;BR-153/MG;Sul;Colisão Traseira;1;5;;;;;1
06/11/2021;14:58:00;474;ac02 - Acidente com Vítima;913;BR-262/MG;Oeste;Colisão Lateral;2;1;;1;;;2
06/11/2021;21:03:00;632;ac03 - Acidente com Danos Materiais;683;BR-153/GO;Sul;Colisão Lateral;1;2;;;;;1
07/11/2021;04:52:00;60;ac01 - Acidente com Vítima Fatal;98;BR-153/MG;Norte;Colisão Frontal;1;1;;;;1;3
07/11/2021;05:56:00;65;ac02 - Acidente com Vítima;79;BR-060/GO;Norte;Colisão Transversal;1;1;1;;;;1
07/11/2021;07:32:00;83;ac03 - Acidente com Danos Materiais;553;BR-262/MG;Leste;Tombamento;1;1;;;;;1
07/11/2021;10:20:00;131;ac03 - Acidente com Danos Materiais;478;BR-262/MG;Leste;Colisão Lateral;1;3;;;;;1
07/11/2021;14:43:00;198;ac03 - Acidente com Danos Materiais;683,9;BR-153/GO;Norte;Saida de Pista;1;1;;;;;1
07/11/2021;16:32:00;242;ac03 - Acidente com Danos Materiais;550;BR-153/GO;Sul;Tombamento;1;1;;;;;1
07/11/2021;17:52:00;298;ac03 - Acidente com Danos Materiais;530;BR-153/GO;Norte;Colisão Traseira;2;2;;;;;1
08/11/2021;01:06:00;15;ac03 - Acidente com Danos Materiais;509;BR-153/GO;Sul;Colisão Traseira;2;2;;;;;1
08/11/2021;12:34:00;227;ac01 - Acidente com Vítima Fatal;790;BR-262/MG;Leste;Colisão Lateral;1;1;;;;1;3
08/11/2021;15:13:00;283;ac03 - Acidente com Danos Materiais;516;BR-153/GO;Norte;Tombamento;1;1;;;;;1
08/11/2021;16:40:00;317;ac03 - Acidente com Danos Materiais;103;BR-060/GO;Sul;Saida de Pista;1;1;;;;;1
08/11/2021;23:31:00;494;ac02 - Acidente com Vítima;575;BR-153/GO;Sul;Saida de Pista;2;1;;1;;;2
09/11/2021;06:41:00;54;ac03 - Acidente com Danos Materiais;543,3;BR-153/GO;Sul;Choque - Talude;1;1;;;;;1
09/11/2021;12:32:00;249;ac03 - Acidente com Danos Materiais;479;BR-262/MG;Leste;Tombamento;1;1;;;;;1
09/11/2021;16:14:00;337;ac03 - Acidente com Danos Materiais;545;BR-262/MG;Leste;Tombamento;1;1;;;;;1
09/11/2021;19:56:00;464;ac03 - Acidente com Danos Materiais;504;BR-153/GO;Norte;Saida de Pista;1;3;;;;;1
09/11/2021;20:31:00;475;ac03 - Acidente com Danos Materiais;533;BR-153/GO;Sul;Saida de Pista;1;1;;;;;1
09/11/2021;22:27:00;522;ac03 - Acidente com Danos Materiais;39;BR-153/MG;Sul;Colisão Traseira;1;2;;;;;1
10/11/2021;00:02:00;2;ac03 - Acidente com Danos Materiais;606;BR-153/GO;Sul;Saida de Pista;1;1;;;;;1
10/11/2021;02:49:00;38;ac03 - Acidente com Danos Materiais;538;BR-262/MG;Leste;Saida de Pista;2;2;;;;;1
10/11/2021;06:25:00;75;ac02 - Acidente com Vítima;593;BR-262/MG;Leste;Colisão Frontal;2;5;;;1;;2
10/11/2021;12:08:00;245;ac03 - Acidente com Danos Materiais;737;BR-262/MG;Leste;Saida de Pista;1;1;;;;;1
10/11/2021;14:41:00;311;ac02 - Acidente com Vítima;45;BR-060/GO;Norte;Choque - Talude;1;0;1;;;;1
10/11/2021;15:05:00;320;ac03 - Acidente com Danos Materiais;220;BR-153/MG;Sul;Saida de Pista;1;2;;;;;1
10/11/2021;16:27:00;367;ac03 - Acidente com Danos Materiais;119,6;BR-060/GO;Norte;Colisão Traseira;1;4;;;;;1
10/11/2021;17:42:00;430;ac03 - Acidente com Danos Materiais;787;BR-262/MG;Oeste;Engavetamento;1;7;;;;;1
10/11/2021;22:28:00;533;ac02 - Acidente com Vítima;643,001;BR-153/GO;Norte;Colisão Frontal;1;1;2;;;;1
11/11/2021;01:20:00;17;ac03 - Acidente com Danos Materiais;508;BR-262/MG;Oeste;Saida de Pista;1;2;;;;;1
11/11/2021;02:26:00;28;ac03 - Acidente com Danos Materiais;174;BR-153/MG;Norte;Tombamento;1;1;;;;;1
11/11/2021;07:15:00;79;ac03 - Acidente com Danos Materiais;607;BR-262/MG;Leste;Colisão Lateral;1;2;;;;;1
11/11/2021;08:05:00;96;ac02 - Acidente com Vítima;720;BR-262/MG;Leste;Colisão Frontal;2;1;;1;;;2
11/11/2021;09:03:00;110;ac03 - Acidente com Danos Materiais;721;BR-262/MG;Leste;Tombamento;1;1;;;;;1
11/11/2021;10:44:00;141;ac03 - Acidente com Danos Materiais;532;BR-262/MG;Leste;Saida de Pista;1;1;;;;;1
11/11/2021;10:45:00;142;ac03 - Acidente com Danos Materiais;501,9;BR-153/GO;Sul;Colisão Lateral;1;2;;;;;1
11/11/2021;12:18:00;176;ac03 - Acidente com Danos Materiais;57;BR-153/MG;Norte;Colisão Traseira;1;4;;;;;1
11/11/2021;14:22:00;214;ac03 - Acidente com Danos Materiais;47;BR-060/GO;Norte;Tombamento;1;1;;;;;1
11/11/2021;17:14:00;260;ac03 - Acidente com Danos Materiais;95;BR-060/GO;Sul;Colisão Lateral;1;2;;;;;1
12/11/2021;10:20:00;188;ac03 - Acidente com Danos Materiais;71,6;BR-153/MG;Sul;Colisão Traseira;2;3;;;;;1
12/11/2021;13:51:00;313;ac03 - Acidente com Danos Materiais;402;BR-262/MG;Leste;Saida de Pista;2;2;;;;;1
12/11/2021;13:50:00;314;ac03 - Acidente com Danos Materiais;415;BR-262/MG;Leste;Saida de Pista;1;3;;;;;1
12/11/2021;22:41:00;599;ac03 - Acidente com Danos Materiais;661;BR-153/GO;Norte;Tombamento;2;2;;;;;1
13/11/2021;00:24:00;6;ac03 - Acidente com Danos Materiais;169;BR-153/MG;Norte;Tombamento;1;1;;;;;1
13/11/2021;02:38:00;41;ac03 - Acidente com Danos Materiais;551;BR-262/MG;Leste;Saida de Pista;1;1;;;;;1
13/11/2021;17:59:00;915;ac03 - Acidente com Danos Materiais;580;BR-153/GO;Sul;Choque - Talude;1;2;;;;;1
14/11/2021;05:25:00;149;ac02 - Acidente com Vítima;898;BR-262/MG;Leste;Saida de Pista;1;0;;1;;;2
14/11/2021;18:09:00;983;ac03 - Acidente com Danos Materiais;493;BR-153/GO;Sul;Saida de Pista;1;1;;;;;1
15/11/2021;16:43:00;533;ac03 - Acidente com Danos Materiais;551;BR-262/MG;Leste;Engavetamento;3;3;;;;;1
15/11/2021;19:50:00;668;ac03 - Acidente com Danos Materiais;548;BR-262/MG;Oeste;Tombamento;1;1;;;;;1
16/11/2021;09:25:00;193;ac03 - Acidente com Danos Materiais;101;BR-060/GO;Norte;Colisão Traseira;1;2;;;;;1
16/11/2021;10:17:00;217;ac03 - Acidente com Danos Materiais;495,5;BR-153/GO;Sul;Colisão Traseira;1;2;;;;;1
16/11/2021;12:34:00;310;ac03 - Acidente com Danos Materiais;53,5;BR-060/GO;Sul;Saida de Pista;1;1;;;;;1
17/11/2021;07:30:00;112;ac03 - Acidente com Danos Materiais;530,3;BR-153/GO;Norte;Tombamento;1;1;;;;;1
17/11/2021;14:14:00;371;ac03 - Acidente com Danos Materiais;128;BR-060/GO;Sul;Tombamento;1;1;;;;;1
17/11/2021;15:02:00;394;ac03 - Acidente com Danos Materiais;128;BR-060/GO;Norte;Engavetamento;2;6;;;;;1
18/11/2021;05:02:00;79;ac02 - Acidente com Vítima;505,332;BR-153/GO;Norte;Colisão Traseira;1;1;2;;;;1
18/11/2021;07:15:00;144;ac03 - Acidente com Danos Materiais;607;BR-153/GO;Sul;Colisão Traseira;1;5;;;;;1
18/11/2021;08:19:00;219;ac03 - Acidente com Danos Materiais;568;BR-262/MG;Leste;Colisão Traseira;1;4;;;;;1
18/11/2021;12:28:00;389;ac03 - Acidente com Danos Materiais;148;BR-153/MG;Sul;Colisão Traseira;2;2;;;;;1
18/11/2021;20:31:00;652;ac03 - Acidente com Danos Materiais;172,3;BR-153/MG;Norte;Saida de Pista;1;1;;;;;1
19/11/2021;05:23:00;32;ac02 - Acidente com Vítima;549;BR-262/MG;Leste;Colisão Traseira;1;0;1;;;;1
19/11/2021;06:31:00;47;ac03 - Acidente com Danos Materiais;374;BR-262/MG;Oeste;Saida de Pista;1;2;;;;;1
19/11/2021;15:57:00;478;ac03 - Acidente com Danos Materiais;139;BR-153/MG;Sul;Saida de Pista;1;2;;;;;1
19/11/2021;16:05:00;481;ac03 - Acidente com Danos Materiais;787;BR-262/MG;Leste;Carreta deu L;1;2;;;;;1
19/11/2021;17:38:00;532;ac02 - Acidente com Vítima;108;BR-153/MG;Sul;Colisão Lateral;1;1;1;;;;1
19/11/2021;22:18:00;647;ac02 - Acidente com Vítima;517;BR-262/MG;Oeste;Colisão Lateral;1;2;5;;;;1
20/11/2021;06:23:00;42;ac03 - Acidente com Danos Materiais;38,5;BR-153/MG;Sul;Saida de Pista;1;1;;;;;1
20/11/2021;10:11:00;160;ac03 - Acidente com Danos Materiais;109;BR-060/GO;Norte;Colisão Lateral;1;2;;;;;1
20/11/2021;12:07:00;301;ac03 - Acidente com Danos Materiais;822;BR-262/MG;Oeste;Tombamento;2;4;;;;;1
20/11/2021;15:43:00;407;ac03 - Acidente com Danos Materiais;30;BR-060/DF;Sul;Choque - Outros;1;2;;;;;1
20/11/2021;16:43:00;453;ac02 - Acidente com Vítima;505,1;BR-153/GO;Sul;Engavetamento;1;2;3;;;;1
20/11/2021;19:35:00;524;ac03 - Acidente com Danos Materiais;530,1;BR-262/MG;Oeste;Tombamento;1;1;;;;;1
20/11/2021;21:24:00;562;ac02 - Acidente com Vítima;550;BR-262/MG;Leste;Tombamento;1;0;1;;;;1
20/11/2021;22:39:00;575;ac03 - Acidente com Danos Materiais;639;BR-262/MG;Leste;Tombamento;1;1;;;;;1
21/11/2021;17:22:00;473;ac03 - Acidente com Danos Materiais;747;BR-262/MG;Leste;Colisão Lateral;1;2;;;;;1
22/11/2021;01:54:00;45;ac03 - Acidente com Danos Materiais;802;BR-262/MG;Leste;Colisão Traseira;1;2;;;;;1
22/11/2021;08:57:00;191;ac02 - Acidente com Vítima;791;BR-262/MG;Oeste;Saida de Pista;1;0;1;;;;1
22/11/2021;14:56:00;532;ac02 - Acidente com Vítima;529;BR-262/MG;Oeste;Engavetamento;1;11;1;;;;1
22/11/2021;18:18:00;658;ac03 - Acidente com Danos Materiais;580;BR-262/MG;Leste;Colisão Lateral;2;2;;;;;1
22/11/2021;21:18:00;750;ac03 - Acidente com Danos Materiais;823;BR-262/MG;Leste;Tombamento;1;1;;;;;1
23/11/2021;05:58:00;93;ac03 - Acidente com Danos Materiais;74;BR-153/MG;Norte;Colisão Lateral;1;5;;;;;1
23/11/2021;06:54:00;103;ac03 - Acidente com Danos Materiais;107;BR-060/GO;Norte;Colisão Traseira;1;2;;;;;1
23/11/2021;16:07:00;500;ac03 - Acidente com Danos Materiais;83;BR-060/GO;Sul;Colisão Traseira;1;2;;;;;1
24/11/2021;10:30:00;285;ac03 - Acidente com Danos Materiais;693;BR-262/MG;Oeste;Colisão Traseira;1;2;;;;;1
24/11/2021;11:51:00;336;ac03 - Acidente com Danos Materiais;14;BR-060/GO;Sul;Tombamento;1;1;;;;;1
24/11/2021;17:48:00;529;ac03 - Acidente com Danos Materiais;147;BR-153/MG;Sul;Engavetamento;3;5;;;;;1
24/11/2021;18:53:00;566;ac03 - Acidente com Danos Materiais;803;BR-262/MG;Oeste;Engavetamento;1;4;;;;;1
24/11/2021;21:34:00;632;ac03 - Acidente com Danos Materiais;508;BR-153/GO;Sul;Colisão Traseira;1;3;;;;;1
25/11/2021;05:32:00;51;ac03 - Acidente com Danos Materiais;39;BR-060/GO;Sul;Choque - Defensa;1;2;;;;;1
25/11/2021;10:02:00;198;ac03 - Acidente com Danos Materiais;463;BR-262/MG;Leste;Colisão Traseira;1;5;;;;;1
25/11/2021;18:25:00;485;ac03 - Acidente com Danos Materiais;96;BR-153/MG;Sul;Saida de Pista;1;1;;;;;1
26/11/2021;00:37:00;8;ac03 - Acidente com Danos Materiais;366;BR-262/MG;Oeste;Atropelamento de Animal;1;5;;;;;1
26/11/2021;04:34:00;43;ac03 - Acidente com Danos Materiais;513;BR-153/GO;Norte;Choque- Placa/Suporte Sinalização;1;1;;;;;1
26/11/2021;09:59:00;219;ac03 - Acidente com Danos Materiais;492;BR-153/GO;Norte;Choque - Defensa;1;1;;;;;1
26/11/2021;14:20:00;399;ac02 - Acidente com Vítima;38;BR-153/MG;Sul;Colisão Traseira;1;2;1;;;;1
27/11/2021;05:33:00;48;ac03 - Acidente com Danos Materiais;627;BR-153/GO;Sul;Saida de Pista;1;1;;;;;1
27/11/2021;06:24:00;62;ac03 - Acidente com Danos Materiais;785;BR-262/MG;Oeste;Saida de Pista;1;1;;;;;1
27/11/2021;09:47:00;195;ac03 - Acidente com Danos Materiais;679;BR-153/GO;Norte;Saida de Pista;1;1;;;;;1
27/11/2021;11:33:00;228;ac03 - Acidente com Danos Materiais;526,2;BR-153/GO;Norte;Saida de Pista;1;1;;;;;1
27/11/2021;18:25:00;479;ac03 - Acidente com Danos Materiais;549;BR-153/GO;Sul;Carreta deu L;1;1;;;;;1
27/11/2021;19:35:00;497;ac01 - Acidente com Vítima Fatal;553;BR-262/MG;Oeste;Tombamento;1;0;;;;1;3
28/11/2021;09:47:00;254;ac03 - Acidente com Danos Materiais;94;BR-153/MG;Sul;Colisão Lateral;2;3;;;;;1
29/11/2021;03:36:00;52;ac03 - Acidente com Danos Materiais;565;BR-262/MG;Oeste;Colisão Lateral;1;2;;;;;1
29/11/2021;12:50:00;532;ac03 - Acidente com Danos Materiais;369;BR-262/MG;Leste;Colisão Traseira;2;2;;;;;1
29/11/2021;22:09:00;954;ac03 - Acidente com Danos Materiais;244;BR-153/MG;Sul;Atropelamento de Animal;1;1;;;;;1
30/11/2021;02:12:00;33;ac03 - Acidente com Danos Materiais;117;BR-060/GO;Norte;Atropelamento de Animal;1;1;;;;;1
30/11/2021;05:29:00;59;ac01 - Acidente com Vítima Fatal;507;BR-262/MG;Leste;Colisão Frontal;2;1;1;;;1;3
30/11/2021;14:25:00;423;ac03 - Acidente com Danos Materiais;502;BR-262/MG;Leste;Saida de Pista;1;1;;;;;1
30/11/2021;14:36:00;426;ac03 - Acidente com Danos Materiais;363;BR-262/MG;Leste;Colisão Traseira;1;2;;;;;1
30/11/2021;14:49:00;433;ac02 - Acidente com Vítima;13;BR-060/GO;Norte;Colisão Traseira;1;1;;1;;;2
01/12/2021;04:21:00;41;ac03 - Acidente com Danos Materiais;360;BR-262/MG;Oeste;Saida de Pista;1;1;;;;;1
01/12/2021;05:10:00;46;ac02 - Acidente com Vítima;686;BR-262/MG;Leste;Colisão Traseira;2;1;;1;;;2
02/12/2021;11:28:00;267;ac03 - Acidente com Danos Materiais;499,278;BR-153/GO;Sul;Engavetamento;2;5;;;;;1
02/12/2021;23:53:00;600;ac03 - Acidente com Danos Materiais;658;BR-153/GO;Sul;Colisão Traseira;1;2;;;;;1