data;horario;n_da_ocorrencia;tipo_de_ocorrencia;km;trecho;sentido;tipo_de_acidente;caminhao;ilesos;levemente_feridos;moderadamente_feridos;gravemente_feridos;mortos;3
18/01/2022;07:17:00;83;ac03 - Acidente com Danos Materiais;605,2;BR-262/MG;Leste;Saida de Pista;1;1;0;0;0;0;1
18/01/2022;13:18:00;312;ac03 - Acidente com Danos Materiais;50,5;BR-153/MG;Norte;Saida de Pista;1;1;0;0;0;0;1
18/01/2022;17:09:00;420;ac03 - Acidente com Danos Materiais;173,8;BR-153/MG;Norte;Saida de Pista;1;1;0;0;0;0;1
19/01/2022;09:09:00;150;ac02 - Acidente com Vítima;678;BR-153/GO;Sul;Tombamento;1;1;1;0;0;0;1
19/01/2022;10:02:00;230;ac03 - Acidente com Danos Materiais;12;BR-153/MG;Norte;Tombamento;1;1;0;0;0;0;1
19/01/2022;16:02:00;447;ac03 - Acidente com Danos Materiais;793;BR-262/MG;Oeste;Engavetamento;1;6;0;0;0;0;1
19/01/2022;23:39:00;694;ac03 - Acidente com Danos Materiais;591;BR-262/MG;Leste;Carreta deu L;1;1;0;0;0;0;1
20/01/2022;03:44:00;79;ac03 - Acidente com Danos Materiais;374,5;BR-262/MG;Oeste;Saida de Pista;1;1;0;0;0;0;1
20/01/2022;07:57:00;121;ac03 - Acidente com Danos Materiais;101;BR-060/GO;Sul;Colisão Traseira;1;3;0;0;0;0;1
21/01/2022;06:28:00;87;ac02 - Acidente com Vítima;517,95;BR-262/MG;Oeste;Tombamento;1;4;1;0;0;0;1
21/01/2022;14:12:00;563;ac03 - Acidente com Danos Materiais;11;BR-060/GO;Norte;Tombamento;1;1;0;0;0;0;1
21/01/2022;15:58:00;609;ac03 - Acidente com Danos Materiais;54;BR-153/MG;Norte;Saida de Pista;1;1;0;0;0;0;1
21/01/2022;17:18:00;663;ac02 - Acidente com Vítima;113;BR-060/GO;Sul;Saida de Pista;1;0;1;0;0;0;1
21/01/2022;17:56:00;686;ac02 - Acidente com Vítima;803,9;BR-262/MG;Leste;Colisão Lateral;1;0;4;0;0;0;1
21/01/2022;20:43:00;818;ac02 - Acidente com Vítima;552;BR-153/GO;Sul;Colisão Traseira;1;4;1;0;0;0;1
22/01/2022;09:23:00;179;ac02 - Acidente com Vítima;129;BR-060/GO;Sul;Colisão Traseira;1;1;0;1;0;0;2
22/01/2022;14:45:00;332;ac02 - Acidente com Vítima;129;BR-153/MG;Sul;Colisão Traseira;2;0;1;1;0;0;2
22/01/2022;15:06:00;343;ac03 - Acidente com Danos Materiais;102;BR-060/GO;Norte;Colisão Lateral;1;3;0;0;0;0;1
22/01/2022;18:06:00;426;ac02 - Acidente com Vítima;64;BR-153/MG;Norte;Tombamento;1;0;1;0;0;0;1
23/01/2022;05:11:00;117;ac03 - Acidente com Danos Materiais;467;BR-262/MG;Leste;Tombamento;1;1;0;0;0;0;1
23/01/2022;15:46:00;358;ac03 - Acidente com Danos Materiais;900;BR-262/MG;Oeste;Saida de Pista;1;1;0;0;0;0;1
23/01/2022;18:26:00;456;ac03 - Acidente com Danos Materiais;66;BR-153/MG;Norte;Tombamento;1;1;0;0;0;0;1
24/01/2022;00:52:00;7;ac03 - Acidente com Danos Materiais;15,5;BR-153/MG;Sul;Tombamento;1;1;0;0;0;0;1
24/01/2022;12:34:00;363;ac03 - Acidente com Danos Materiais;501;BR-153/GO;Sul;Colisão Lateral;2;2;0;0;0;0;1
24/01/2022;13:02:00;373;ac03 - Acidente com Danos Materiais;502,9;BR-153/GO;Norte;Colisão Traseira;1;2;0;0;0;0;1
24/01/2022;13:45:00;387;ac03 - Acidente com Danos Materiais;133;BR-060/GO;Norte;Colisão Traseira;2;2;0;0;0;0;1
25/01/2022;04:32:00;42;ac02 - Acidente com Vítima;557;BR-262/MG;Oeste;Tombamento;1;0;1;0;0;0;1
25/01/2022;05:56:00;54;ac02 - Acidente com Vítima;768;BR-262/MG;Oeste;Tombamento;1;1;1;0;0;0;1
27/01/2022;10:08:00;163;ac03 - Acidente com Danos Materiais;605,15;BR-262/MG;Leste;Saida de Pista;1;1;0;0;0;0;1
27/01/2022;19:41:00;395;ac03 - Acidente com Danos Materiais;354;BR-262/MG;Oeste;Objeto lançado contra veículo;1;2;0;0;0;0;1
28/01/2022;03:10:00;24;ac02 - Acidente com Vítima;365;BR-262/MG;Oeste;Tombamento;1;1;1;0;0;0;1
28/01/2022;06:30:00;43;ac03 - Acidente com Danos Materiais;113;BR-153/MG;Norte;Colisão Traseira;2;3;0;0;0;0;1
28/01/2022;11:41:00;231;ac03 - Acidente com Danos Materiais;610,2;BR-262/MG;Oeste;Carreta deu L;1;1;0;0;0;0;1
28/01/2022;14:50:00;395;ac03 - Acidente com Danos Materiais;47,3;BR-153/MG;Sul;Colisão Lateral;1;6;0;0;0;0;1
28/01/2022;17:43:00;503;ac02 - Acidente com Vítima;508;BR-153/GO;Sul;Colisão Lateral;1;1;0;1;0;0;2
28/01/2022;23:32:00;620;ac03 - Acidente com Danos Materiais;409;BR-262/MG;Leste;Saida de Pista;1;3;0;0;0;0;1
29/01/2022;05:39:00;40;ac03 - Acidente com Danos Materiais;541;BR-262/MG;Leste;Saida de Pista;1;1;0;0;0;0;1
29/01/2022;07:35:00;70;ac03 - Acidente com Danos Materiais;509,625;BR-153/GO;Norte;Choque - Barreira;1;1;0;0;0;0;1
29/01/2022;08:30:00;107;ac03 - Acidente com Danos Materiais;570;BR-262/MG;Leste;Colisão Lateral;1;2;0;0;0;0;1
29/01/2022;11:57:00;395;ac03 - Acidente com Danos Materiais;4;BR-153/MG;Sul;Colisão Traseira;1;3;0;0;0;0;1
29/01/2022;13:30:00;432;ac02 - Acidente com Vítima;491,9;BR-262/MG;Leste;Capotamento;1;1;2;0;0;0;1
29/01/2022;13:50:00;442;ac03 - Acidente com Danos Materiais;243;BR-153/MG;Norte;Saida de Pista;1;2;0;0;0;0;1
29/01/2022;19:52:00;640;ac01 - Acidente com Vítima Fatal;18;BR-060/GO;Sul;Colisão Traseira;1;1;0;0;0;1;3
30/01/2022;05:42:00;48;ac03 - Acidente com Danos Materiais;479,5;BR-262/MG;Oeste;Choque - Talude;1;1;0;0;0;0;1
30/01/2022;14:38:00;302;ac03 - Acidente com Danos Materiais;234;BR-153/MG;Norte;Saida de Pista;1;1;0;0;0;0;1
30/01/2022;23:18:00;451;ac03 - Acidente com Danos Materiais;148;BR-153/MG;Norte;Tombamento;1;1;0;0;0;0;1
31/01/2022;05:49:00;30;ac02 - Acidente com Vítima;72,4;BR-153/MG;Sul;Tombamento;1;0;0;1;0;0;2
31/01/2022;07:49:00;66;ac03 - Acidente com Danos Materiais;235;BR-153/MG;Sul;Saida de Pista;1;1;0;0;0;0;1
31/01/2022;11:19:00;161;ac02 - Acidente com Vítima;448,15;BR-262/MG;Leste;Colisão Traseira;2;2;1;0;0;0;1
31/01/2022;12:15:00;242;ac03 - Acidente com Danos Materiais;30;BR-060/DF;Sul;Colisão Traseira;1;2;0;0;0;0;1
31/01/2022;13:47:00;278;ac03 - Acidente com Danos Materiais;611,3;BR-262/MG;Oeste;Choque - Talude;1;1;0;0;0;0;1
31/01/2022;14:02:00;281;ac03 - Acidente com Danos Materiais;577;BR-262/MG;Leste;Saida de Pista;1;2;0;0;0;0;1
31/01/2022;14:07:00;284;ac03 - Acidente com Danos Materiais;171,9;BR-153/MG;Norte;Colisão Traseira;1;3;0;0;0;0;1
31/01/2022;15:00:00;300;ac01 - Acidente com Vítima Fatal;168,7;BR-153/MG;Norte;Colisão Lateral;2;1;0;0;0;1;3
31/01/2022;16:21:00;341;ac03 - Acidente com Danos Materiais;582;BR-262/MG;Oeste;Choque - Elemento de Drenagem;1;1;0;0;0;0;1
31/01/2022;16:42:00;356;ac03 - Acidente com Danos Materiais;508;BR-153/GO;Norte;Engavetamento;2;3;0;0;0;0;1
01/02/2022;13:44:00;333;Acidente com Danos Materiais;508;BR-153/GO;Norte;Colisão Traseira;1;2;0;0;0;0;1
01/02/2022;22:37:00;555;Acidente com Danos Materiais;21,575;BR-153/MG;Sul;Tombamento;1;1;0;0;0;0;1
02/02/2022;00:20:00;5;Acidente com Danos Materiais;494,8;BR-262/MG;Leste;Saida de Pista;1;1;0;0;0;0;1
02/02/2022;04:45:00;51;ac01 - Acidente com Vítima Fatal;462;BR-262/MG;Oeste;Colisão Transversal;1;2;0;2;1;1;3
02/02/2022;05:59:00;65;Acidente com Danos Materiais;137;BR-060/GO;Norte;Colisão Traseira;2;2;0;0;0;0;1
02/02/2022;06:15:00;68;Acidente com Danos Materiais;597;BR-262/MG;Oeste;Tombamento;1;1;0;0;0;0;1
02/02/2022;17:55:00;406;Acidente com Danos Materiais;551;BR-262/MG;Oeste;Carreta deu L;1;1;0;0;0;0;1
02/02/2022;18:48:00;425;ac02 - Acidente com Vítima;86;BR-153/MG;Norte;Colisão Transversal;4;5;0;1;0;0;2
03/02/2022;01:22:00;26;Acidente com Danos Materiais;138;BR-060/GO;Sul;Saida de Pista;1;1;0;0;0;0;1
03/02/2022;07:29:00;122;Acidente com Danos Materiais;748,15;BR-262/MG;Oeste;Colisão Traseira;2;2;0;0;0;0;1
03/02/2022;08:57:00;203;Acidente com Danos Materiais;22,5;BR-060/DF;Sul;Saida de Pista;1;2;0;0;0;0;1
03/02/2022;09:14:00;206;ac02 - Acidente com Vítima;47;BR-060/GO;Sul;Saida de Pista;1;0;0;1;0;0;2
03/02/2022;11:24:00;278;Acidente com Danos Materiais;588,9;BR-262/MG;Leste;Colisão Traseira;2;5;0;0;0;0;1
03/02/2022;13:14:00;335;ac02 - Acidente com Vítima;458,15;BR-262/MG;Leste;Colisão Lateral;1;3;0;0;0;0;1
03/02/2022;15:00:00;367;Acidente com Danos Materiais;46;BR-060/GO;Sul;Colisão Traseira;2;2;0;0;0;0;1
03/02/2022;15:32:00;379;Acidente com Danos Materiais;48;BR-060/GO;Norte;Choque - Talude;1;1;0;0;0;0;1
03/02/2022;19:45:00;473;ac01 - Acidente com Vítima Fatal;22;BR-060/GO;Sul;Colisão Traseira;1;2;0;0;0;1;3
04/02/2022;13:31:00;500;Acidente com Danos Materiais;188;BR-153/MG;Norte;Saida de Pista;1;1;0;0;0;0;1
04/02/2022;14:15:00;521;Acidente com Danos Materiais;190,5;BR-153/MG;Sul;Colisão Traseira;1;2;0;0;0;0;1
04/02/2022;23:22:00;750;ac01 - Acidente com Vítima Fatal;116;BR-153/MG;Norte;Colisão Transversal;1;2;0;0;0;1;3
05/02/2022;08:12:00;121;ac01 - Acidente com Vítima Fatal;79,8;BR-153/MG;Norte;Tombamento;1;2;0;0;0;1;3
05/02/2022;12:32:00;237;ac01 - Acidente com Vítima Fatal;568;BR-262/MG;Oeste;Colisão Frontal;1;1;0;1;0;3;3
05/02/2022;14:21:00;263;Acidente com Danos Materiais;368,1;BR-262/MG;Leste;Colisão Lateral;2;2;0;0;0;0;1
06/02/2022;05:33:00;50;ac02 - Acidente com Vítima;640;BR-153/GO;Norte;Tombamento;1;0;0;1;0;0;2
07/02/2022;07:27:00;62;ac02 - Acidente com Vítima;516;BR-153/GO;Norte;Colisão Lateral;1;4;0;1;1;0;2
07/02/2022;10:48:00;187;ac02 - Acidente com Vítima;153,8;BR-153/MG;Sul;Tombamento;1;0;0;1;0;0;2
07/02/2022;12:56:00;229;Acidente com Danos Materiais;670;BR-153/GO;Sul;Colisão Traseira;2;2;0;0;0;0;1
07/02/2022;15:45:00;288;Acidente com Danos Materiais;50;BR-060/GO;Sul;Colisão Traseira;2;2;0;0;0;0;1
08/02/2022;04:39:00;38;Acidente com Danos Materiais;2;BR-060/GO;Sul;Choque - Defensa;1;2;0;0;0;0;1
08/02/2022;05:49:00;46;ac02 - Acidente com Vítima;110;BR-153/MG;Sul;Tombamento;1;3;0;0;0;0;1
08/02/2022;11:04:00;160;Acidente com Danos Materiais;62;BR-060/GO;Sul;Tombamento;1;1;0;0;0;0;1
08/02/2022;17:44:00;293;Acidente com Danos Materiais;0,3;BR-153/MG;Sul;Tombamento;1;2;0;0;0;0;1
08/02/2022;19:01:00;317;Acidente com Danos Materiais;597;BR-262/MG;Oeste;Colisão Lateral;2;4;0;0;0;0;1
08/02/2022;23:36:00;404;Acidente com Danos Materiais;55;BR-060/GO;Sul;Colisão Traseira;2;2;0;0;0;0;1
09/02/2022;01:41:00;16;Acidente com Danos Materiais;668,708;BR-153/GO;Sul;Tombamento;1;3;0;0;0;0;1
09/02/2022;05:20:00;48;Acidente com Danos Materiais;132,4;BR-060/GO;Norte;Colisão Traseira;2;2;0;0;0;0;1
09/02/2022;13:36:00;257;Acidente com Danos Materiais;403,1;BR-262/MG;Leste;Colisão Lateral;1;2;0;0;0;0;1
09/02/2022;14:32:00;283;Acidente com Danos Materiais;184,495;BR-153/MG;Sul;Colisão Traseira;2;2;0;0;0;0;1
09/02/2022;17:03:00;368;Acidente com Danos Materiais;580;BR-262/MG;Leste;Saida de Pista;1;1;0;0;0;0;1
09/02/2022;19:42:00;536;ac02 - Acidente com Vítima;23,9;BR-153/MG;Sul;Saida de Pista;1;2;0;0;0;0;1
10/02/2022;07:27:00;132;Acidente com Danos Materiais;133;BR-153/MG;Sul;Colisão Traseira;2;2;0;0;0;0;1
10/02/2022;15:10:00;471;ac02 - Acidente com Vítima;497;BR-262/MG;Oeste;Colisão Transversal;1;2;0;1;0;0;2
10/02/2022;16:09:00;526;Acidente com Danos Materiais;2;BR-060/GO;Norte;Choque- Placa/Suporte Sinalização;1;1;0;0;0;0;1
10/02/2022;19:16:00;596;Acidente com Danos Materiais;631;BR-153/GO;Sul;Colisão Traseira;2;2;0;0;0;0;1
10/02/2022;23:41:00;722;ac02 - Acidente com Vítima;113;BR-060/GO;Norte;Colisão Traseira;2;1;0;2;0;0;2
11/02/2022;00:27:00;2;ac02 - Acidente com Vítima;519,7;BR-262/MG;Leste;Tombamento;1;2;0;0;0;0;1
11/02/2022;07:36:00;106;Acidente com Danos Materiais;71;BR-060/GO;Norte;Colisão Lateral;1;2;0;0;0;0;1
11/02/2022;08:03:00;122;Acidente com Danos Materiais;625,7;BR-262/MG;Oeste;Tombamento;1;1;0;0;0;0;1
11/02/2022;08:11:00;125;Acidente com Danos Materiais;506;BR-153/GO;Norte;Engavetamento;1;3;0;0;0;0;1
11/02/2022;12:51:00;315;Acidente com Danos Materiais;611,2;BR-262/MG;Leste;Engavetamento;1;3;0;0;0;0;1
11/02/2022;13:54:00;335;Acidente com Danos Materiais;127;BR-060/GO;Sul;Carreta deu L;1;1;0;0;0;0;1
11/02/2022;16:46:00;417;Acidente com Danos Materiais;599;BR-153/GO;Norte;Tombamento;1;2;0;0;0;0;1
11/02/2022;17:26:00;436;Acidente com Danos Materiais;124;BR-060/GO;Norte;Engavetamento;1;3;0;0;0;0;1
11/02/2022;20:43:00;537;ac01 - Acidente com Vítima Fatal;495,5;BR-153/GO;Sul;Atropelamento - Morador;1;1;0;0;0;1;3
12/02/2022;15:06:00;413;Acidente com Danos Materiais;108;BR-153/MG;Norte;Colisão Traseira;1;2;0;0;0;0;1
12/02/2022;17:43:00;468;Acidente com Danos Materiais;486;BR-262/MG;Leste;Colisão Lateral;1;2;0;0;0;0;1
13/02/2022;10:55:00;225;ac02 - Acidente com Vítima;94;BR-153/MG;Norte;Capotamento;1;0;0;1;0;0;2
13/02/2022;13:19:00;288;Acidente com Danos Materiais;568;BR-262/MG;Oeste;Saida de Pista;1;1;0;0;0;0;1
13/02/2022;15:40:00;356;Acidente com Danos Materiais;46;BR-153/MG;Sul;Tombamento;1;1;0;0;0;0;1
14/02/2022;06:26:00;113;ac02 - Acidente com Vítima;631,9;BR-153/GO;Norte;Tombamento;1;1;0;0;0;0;1
14/02/2022;16:15:00;401;Acidente com Danos Materiais;509;BR-262/MG;Oeste;Saida de Pista;1;1;0;0;0;0;1
15/02/2022;06:20:00;74;Acidente com Danos Materiais;526;BR-153/GO;Norte;Colisão Traseira;1;4;0;0;0;0;1
15/02/2022;08:49:00;123;Acidente com Danos Materiais;399,3;BR-262/MG;Leste;Colisão Traseira;1;2;0;0;0;0;1
15/02/2022;14:03:00;250;Acidente com Danos Materiais;95;BR-060/GO;Sul;Engavetamento;2;7;0;0;0;0;1
15/02/2022;14:10:00;254;Acidente com Danos Materiais;137;BR-060/GO;Sul;Colisão Frontal;2;2;0;0;0;0;1
15/02/2022;17:57:00;325;Acidente com Danos Materiais;615,9;BR-262/MG;Leste;Tombamento;1;2;0;0;0;0;1
15/02/2022;18:32:00;338;Acidente com Danos Materiais;500,5;BR-153/GO;Sul;Colisão Traseira;1;2;0;0;0;0;1
15/02/2022;20:39:00;380;Acidente com Danos Materiais;23;BR-153/MG;Norte;Tombamento;1;1;0;0;0;0;1
15/02/2022;22:34:00;414;Acidente com Danos Materiais;44;BR-153/MG;Norte;Colisão Traseira;2;2;0;0;0;0;1
15/02/2022;23:22:00;429;Acidente com Danos Materiais;632;BR-262/MG;Oeste;Saida de Pista;1;1;0;0;0;0;1
16/02/2022;05:09:00;41;ac02 - Acidente com Vítima;84;BR-153/MG;Sul;Tombamento;1;3;0;0;0;0;1
16/02/2022;05:46:00;48;ac02 - Acidente com Vítima;23;BR-153/MG;Norte;Colisão Traseira;2;2;0;0;0;0;1
16/02/2022;06:50:00;67;Acidente com Danos Materiais;446,15;BR-262/MG;Oeste;Tombamento;1;1;0;0;0;0;1
16/02/2022;08:25:00;103;Acidente com Danos Materiais;512;BR-262/MG;Leste;Colisão Traseira;1;2;0;0;0;0;1
16/02/2022;14:38:00;239;Acidente com Danos Materiais;502,9;BR-153/GO;Sul;Colisão Lateral;1;2;0;0;0;0;1
16/02/2022;15:38:00;286;Acidente com Danos Materiais;755;BR-262/MG;Leste;Colisão Lateral;1;3;0;0;0;0;1
16/02/2022;17:52:00;366;Acidente com Danos Materiais;510;BR-153/GO;Norte;Colisão Traseira;1;3;0;0;0;0;1
16/02/2022;19:46:00;435;ac02 - Acidente com Vítima;784;BR-262/MG;Leste;Colisão Transversal;1;3;0;0;0;0;1
17/02/2022;05:53:00;64;Acidente com Danos Materiais;27;BR-153/MG;Norte;Tombamento;1;1;0;0;0;0;1
17/02/2022;06:14:00;66;ac02 - Acidente com Vítima;7;BR-060/DF;Sul;Capotamento;1;1;0;0;0;0;1
17/02/2022;12:02:00;227;Acidente com Danos Materiais;525;BR-262/MG;Leste;Colisão Traseira;2;2;0;0;0;0;1
17/02/2022;23:07:00;550;Acidente com Danos Materiais;901;BR-262/MG;Oeste;Carreta deu L;1;1;0;0;0;0;1
18/02/2022;04:07:00;51;Acidente com Danos Materiais;368;BR-262/MG;Leste;Choque - Talude;1;1;0;0;0;0;1
18/02/2022;08:12:00;122;Acidente com Danos Materiais;507;BR-153/GO;Sul;Colisão Lateral;1;2;0;0;0;0;1
18/02/2022;11:17:00;259;Acidente com Danos Materiais;183,5;BR-153/MG;Sul;Tombamento;1;4;0;0;0;0;1
18/02/2022;12:01:00;273;Acidente com Danos Materiais;124;BR-153/MG;Norte;Colisão Traseira;2;2;0;0;0;0;1
19/02/2022;04:14:00;31;Acidente com Danos Materiais;6,68;BR-153/MG;Sul;Tombamento;1;2;0;0;0;0;1
19/02/2022;09:50:00;137;Acidente com Danos Materiais;509;BR-153/GO;Norte;Tombamento;1;1;0;0;0;0;1
19/02/2022;10:37:00;156;ac02 - Acidente com Vítima;183,5;BR-153/MG;Sul;Colisão Transversal;3;2;0;1;0;0;2
19/02/2022;13:01:00;227;Acidente com Danos Materiais;684,8;BR-153/GO;Sul;Tombamento;1;1;0;0;0;0;1
19/02/2022;14:42:00;254;Acidente com Danos Materiais;494;BR-153/GO;Sul;Tombamento;1;1;0;0;0;0;1
19/02/2022;15:03:00;258;ac02 - Acidente com Vítima;446,7;BR-262/MG;Oeste;Colisão Traseira;1;2;0;0;1;0;2
20/02/2022;08:11:00;74;Acidente com Danos Materiais;610,2;BR-262/MG;Leste;Tombamento;1;1;0;0;0;0;1
20/02/2022;10:17:00;127;Acidente com Danos Materiais;190;BR-153/MG;Sul;Engavetamento;3;3;0;0;0;0;1
20/02/2022;10:40:00;160;Acidente com Danos Materiais;190;BR-153/MG;Sul;Tombamento;3;3;0;0;0;0;1
20/02/2022;11:35:00;201;Acidente com Danos Materiais;472,15;BR-262/MG;Oeste;Colisão Traseira;1;3;0;0;0;0;1
20/02/2022;15:55:00;265;Acidente com Danos Materiais;564;BR-153/GO;Norte;Tombamento;1;2;0;0;0;0;1
20/02/2022;20:59:00;372;ac01 - Acidente com Vítima Fatal;144;BR-153/MG;Sul;Colisão Traseira;1;1;0;0;0;1;3
21/02/2022;06:46:00;66;ac02 - Acidente com Vítima;28,8;BR-153/MG;Sul;Colisão Lateral;1;1;0;1;0;0;2
21/02/2022;13:23:00;236;Acidente com Danos Materiais;597;BR-262/MG;Oeste;Saida de Pista;1;1;0;0;0;0;1
21/02/2022;14:50:00;265;Acidente com Danos Materiais;133;BR-060/GO;Sul;Carreta deu L;1;1;0;0;0;0;1
21/02/2022;18:47:00;369;Acidente com Danos Materiais;519;BR-262/MG;Oeste;Saida de Pista;1;1;0;0;0;0;1
21/02/2022;20:37:00;412;Acidente com Danos Materiais;387;BR-262/MG;Leste;Saida de Pista;1;4;0;0;0;0;1
22/02/2022;06:53:00;80;ac02 - Acidente com Vítima;97;BR-060/GO;Sul;Colisão Lateral;1;2;0;0;0;0;1
22/02/2022;09:43:00;165;Acidente com Danos Materiais;495,8;BR-153/GO;Sul;Colisão Traseira;1;2;0;0;0;0;1
22/02/2022;11:39:00;293;Acidente com Danos Materiais;57;BR-153/MG;Sul;Saida de Pista;1;1;0;0;0;0;1
22/02/2022;15:34:00;402;Acidente com Danos Materiais;472;BR-262/MG;Oeste;Colisão Traseira;2;2;0;0;0;0;1
22/02/2022;15:39:00;405;Acidente com Danos Materiais;430;BR-262/MG;Leste;Colisão Lateral;1;3;0;0;0;0;1
22/02/2022;17:30:00;469;Acidente com Danos Materiais;111;BR-060/GO;Sul;Colisão Lateral;1;2;0;0;0;0;1
23/02/2022;03:47:48;48;Acidente com Danos Materiais;34;BR-060/GO;Norte;Colisão Traseira;2;2;0;0;0;0;1
23/02/2022;09:17:20;150;Acidente com Danos Materiais;645;BR-153/GO;Norte;Saida de Pista;1;2;0;0;0;0;1
23/02/2022;10:46:02;183;Acidente com Danos Materiais;636;BR-153/GO;Norte;Saida de Pista;1;1;0;0;0;0;1
23/02/2022;12:07:04;215;ac02 - Acidente com Vítima;4;BR-153/MG;Sul;Colisão Traseira;1;3;0;0;0;0;1
23/02/2022;15:00:23;262;Acidente com Danos Materiais;6;BR-153/MG;Norte;Colisão Traseira;1;2;0;0;0;0;1
24/02/2022;06:58:16;59;Acidente com Danos Materiais;89;BR-060/GO;Norte;Colisão Lateral;1;2;0;0;0;0;1
24/02/2022;13:39:34;198;Acidente com Danos Materiais;370,15;BR-262/MG;Leste;Colisão Traseira;2;2;0;0;0;0;1
24/02/2022;15:31:21;228;Acidente com Danos Materiais;136;BR-060/GO;Sul;Engavetamento;1;23;0;0;0;0;1
25/02/2022;07:01:25;69;Acidente com Danos Materiais;653;BR-262/MG;Leste;Saida de Pista;1;1;0;0;0;0;1
25/02/2022;18:19:18;302;Acidente com Danos Materiais;498;BR-153/GO;Norte;Colisão Traseira;1;2;0;0;0;0;1
26/02/2022;03:27:30;40;Acidente com Danos Materiais;558;BR-153/GO;Norte;Saida de Pista;1;1;0;0;0;0;1
26/02/2022;06:32:24;64;Acidente com Danos Materiais;560,25;BR-153/GO;Sul;Tombamento;1;5;0;0;0;0;1
26/02/2022;08:31:56;91;Acidente com Danos Materiais;680;BR-153/GO;Norte;Queda de Moto;1;2;0;0;0;0;1
26/02/2022;14:48:39;229;ac02 - Acidente com Vítima;690;BR-262/MG;Leste;Saida de Pista;1;0;0;0;0;0;1
26/02/2022;16:45:22;271;Acidente com Danos Materiais;756;BR-262/MG;Leste;Tombamento;1;1;0;0;0;0;1
27/02/2022;11:54:44;144;Acidente com Danos Materiais;117,5;BR-153/MG;Norte;Colisão Lateral;1;2;0;0;0;0;1
27/02/2022;14:48:32;195;Acidente com Danos Materiais;50,2;BR-153/MG;Norte;Choque - Defensa;1;1;0;0;0;0;1
28/02/2022;06:39:10;57;Acidente com Danos Materiais;9,9;BR-153/MG;Norte;Capotamento;1;1;0;0;0;0;1
28/02/2022;19:51:52;357;Acidente com Danos Materiais;707;BR-262/MG;Leste;Colisão Transversal;3;3;0;0;0;0;1
28/02/2022;20:14:00;366;Acidente com Danos Materiais;46,3;BR-153/MG;Norte;Tombamento;1;1;0;0;0;0;1
01/03/2022;06:57:45;49;Acidente com Danos Materiais;57;BR-153/MG;Sul;Colisão Traseira;1;2;0;0;0;0;1
01/03/2022;11:37:54;170;ac02 - Acidente com Vítima;675;BR-153/GO;Sul;Tombamento;1;0;0;0;0;0;1
01/03/2022;16:48:19;272;Acidente com Danos Materiais;562;BR-153/GO;Norte;Tombamento;1;5;0;0;0;0;1
02/03/2022;20:03:26;337;Acidente com Danos Materiais;507;BR-153/GO;Sul;Colisão Traseira;1;3;0;0;0;0;1
03/03/2022;04:22:07;30;ac02 - Acidente com Vítima;622;BR-262/MG;Oeste;Tombamento;1;0;0;0;0;0;1
03/03/2022;07:54:22;64;Acidente com Danos Materiais;35;BR-153/MG;Norte;Tombamento;1;1;0;0;0;0;1
03/03/2022;09:29:36;117;Acidente com Danos Materiais;507;BR-153/GO;Sul;Colisão Traseira;1;1;0;0;0;0;1
03/03/2022;14:24:35;232;Acidente com Danos Materiais;584,2;BR-153/GO;Sul;Carreta deu L;1;1;0;0;0;0;1
03/03/2022;14:37:01;235;ac02 - Acidente com Vítima;580,9;BR-153/GO;Sul;Choque - Talude;1;0;0;0;0;0;1
03/03/2022;21:15:20;372;Acidente com Danos Materiais;98,3;BR-153/MG;Sul;Colisão Traseira;2;1;0;0;0;0;1
04/03/2022;01:14:41;10;ac02 - Acidente com Vítima;507,5;BR-153/GO;Sul;Colisão Traseira;1;1;0;1;0;0;2
04/03/2022;02:00:58;15;Acidente com Danos Materiais;96;BR-153/MG;Norte;Colisão Traseira;1;11;0;0;0;0;1
04/03/2022;08:03:22;70;Acidente com Danos Materiais;100;BR-153/MG;Norte;Saida de Pista;1;1;0;0;0;0;1
04/03/2022;09:29:22;100;ac02 - Acidente com Vítima;28,7;BR-153/MG;Sul;Tombamento;1;0;0;0;0;0;1
04/03/2022;11:18:19;414;Acidente com Danos Materiais;492,6;BR-153/GO;Norte;Choque- Placa/Suporte Sinalização;1;1;0;0;0;0;1
04/03/2022;15:20:16;513;Acidente com Danos Materiais;111;BR-060/GO;Sul;Choque - Arvore;1;1;0;0;0;0;1
04/03/2022;19:19:11;594;Acidente com Danos Materiais;102;BR-060/GO;Norte;Colisão Traseira;1;2;0;0;0;0;1
05/03/2022;11:31:59;168;Acidente com Danos Materiais;618;BR-262/MG;Oeste;Colisão Traseira;2;2;0;0;0;0;1
07/03/2022;08:05:20;82;ac01 - Acidente com Vítima Fatal;677,2;BR-262/MG;Leste;Colisão Frontal;1;1;0;0;0;1;3
07/03/2022;08:17:24;86;ac02 - Acidente com Vítima;401;BR-262/MG;Leste;Colisão Traseira;1;0;0;0;0;0;1
07/03/2022;09:27:24;129;Acidente com Danos Materiais;688;BR-153/GO;Norte;Colisão Traseira;1;2;0;0;0;0;1
07/03/2022;12:47:14;202;ac02 - Acidente com Vítima;697,8;BR-262/MG;Oeste;Colisão Traseira;2;1;0;0;0;0;1