data;horario;n_da_ocorrencia;tipo_de_ocorrencia;km;trecho;sentido;tipo_de_acidente;caminhao;ilesos;levemente_feridos;moderadamente_feridos;gravemente_feridos;mortos;3
07/03/2022;13:42:25;235;Acidente com Danos Materiais;507;BR-153/GO;Sul;Colisão Traseira;1;2;0;0;0;0;1
07/03/2022;17:12:50;301;Acidente com Danos Materiais;554,1;BR-262/MG;Leste;Capotamento;3;3;0;0;0;0;1
07/03/2022;22:15:22;366;Acidente com Danos Materiais;408;BR-262/MG;Oeste;Saida de Pista;1;1;0;0;0;0;1
08/03/2022;01:39:33;7;ac02 - Acidente com Vítima;90,5;BR-153/MG;Sul;Tombamento;1;0;0;0;0;0;1
08/03/2022;06:50:35;42;Acidente com Danos Materiais;65;BR-060/GO;Sul;Tombamento;1;1;0;0;0;0;1
08/03/2022;07:07:27;46;ac02 - Acidente com Vítima;557;BR-153/GO;Norte;Colisão Traseira;1;2;0;0;0;0;1
08/03/2022;14:33:50;237;Acidente com Danos Materiais;509;BR-153/GO;Sul;Colisão Traseira;1;1;0;0;0;0;1
08/03/2022;17:53:33;325;Acidente com Danos Materiais;362;BR-262/MG;Oeste;Colisão Traseira;1;1;0;0;0;0;1
08/03/2022;18:57:54;335;Acidente com Danos Materiais;399;BR-262/MG;Leste;Colisão Traseira;2;2;0;0;0;0;1
09/03/2022;05:37:08;37;ac02 - Acidente com Vítima;558,1;BR-153/GO;Norte;Saida de Pista;1;0;0;0;0;0;1
09/03/2022;08:03:56;76;Acidente com Danos Materiais;503;BR-153/GO;Norte;Colisão Lateral;1;2;0;0;0;0;1
09/03/2022;17:48:58;369;ac01 - Acidente com Vítima Fatal;732;BR-262/MG;Leste;Colisão Frontal;2;2;0;0;0;1;3
09/03/2022;21:48:02;457;Acidente com Danos Materiais;109,1;BR-153/MG;Norte;Tombamento;1;1;0;0;0;0;1
10/03/2022;08:37:35;128;ac02 - Acidente com Vítima;91,717;BR-153/MG;Sul;Tombamento;1;0;0;0;0;0;1
10/03/2022;09:00:56;147;Acidente com Danos Materiais;132;BR-060/GO;Norte;Tombamento;1;1;0;0;0;0;1
10/03/2022;09:51:54;184;Acidente com Danos Materiais;369,1;BR-262/MG;Leste;Saida de Pista;1;1;0;0;0;0;1
10/03/2022;23:47:26;552;ac02 - Acidente com Vítima;862,001;BR-262/MG;Oeste;Colisão Traseira;1;1;0;0;0;0;1
11/03/2022;05:38:17;39;ac02 - Acidente com Vítima;715,5;BR-262/MG;Oeste;Capotamento;1;0;0;1;0;0;2
11/03/2022;08:32:36;100;Acidente com Danos Materiais;508;BR-153/GO;Sul;Tombamento;1;2;0;0;0;0;1
11/03/2022;15:45:16;284;Acidente com Danos Materiais;133;BR-060/GO;Norte;Tombamento;1;1;0;0;0;0;1
11/03/2022;16:43:15;311;Acidente com Danos Materiais;508;BR-153/GO;Sul;Colisão Traseira;1;2;0;0;0;0;1
12/03/2022;06:03:51;35;Acidente com Danos Materiais;95;BR-060/GO;Norte;Saida de Pista;1;1;0;0;0;0;1
12/03/2022;11:19:25;124;Acidente com Danos Materiais;77;BR-153/MG;Norte;Colisão Traseira;2;2;0;0;0;0;1
12/03/2022;14:34:02;183;Acidente com Danos Materiais;82,4;BR-153/MG;Sul;Tombamento;1;1;0;0;0;0;1
12/03/2022;15:34:02;203;Acidente com Danos Materiais;851,2;BR-262/MG;Oeste;Tombamento;1;3;0;0;0;0;1
13/03/2022;12:28:23;225;Acidente com Danos Materiais;621,1;BR-262/MG;Leste;Colisão Transversal;1;1;0;0;0;0;1
14/03/2022;08:54:27;124;ac02 - Acidente com Vítima;518;BR-153/GO;Sul;Colisão Traseira;1;0;0;0;0;0;1
14/03/2022;18:14:26;351;Acidente com Danos Materiais;29;BR-060/GO;Norte;Saida de Pista;1;1;0;0;0;0;1
14/03/2022;20:39:53;388;Acidente com Danos Materiais;14;BR-060/GO;Sul;Colisão Traseira;1;4;0;0;0;0;1
15/03/2022;03:08:01;20;ac02 - Acidente com Vítima;578;BR-153/GO;Sul;Tombamento;1;0;0;0;0;0;1
15/03/2022;09:52:12;137;Acidente com Danos Materiais;407,2;BR-262/MG;Leste;Tombamento;1;1;0;0;0;0;1
15/03/2022;12:42:49;204;Acidente com Danos Materiais;609;BR-153/GO;Norte;Capotamento;1;1;0;0;0;0;1
15/03/2022;12:47:17;206;Acidente com Danos Materiais;801,9;BR-262/MG;Oeste;Colisão Traseira;1;2;0;0;0;0;1
15/03/2022;12:50:36;208;Acidente com Danos Materiais;588,15;BR-262/MG;Oeste;Tombamento;1;1;0;0;0;0;1
15/03/2022;13:54:49;224;Acidente com Danos Materiais;611,2;BR-262/MG;Leste;Saida de Pista;1;1;0;0;0;0;1
15/03/2022;14:23:09;232;Acidente com Danos Materiais;688;BR-153/GO;Sul;Saida de Pista;1;1;0;0;0;0;1
15/03/2022;14:38:15;237;Acidente com Danos Materiais;608,15;BR-262/MG;Leste;Tombamento;1;1;0;0;0;0;1
15/03/2022;16:51:06;290;Acidente com Danos Materiais;507,8;BR-153/GO;Sul;Colisão Traseira;1;1;0;0;0;0;1
15/03/2022;19:11:28;338;Acidente com Danos Materiais;136;BR-060/GO;Sul;Colisão Traseira;1;2;0;0;0;0;1
15/03/2022;23:28:10;405;Acidente com Danos Materiais;133,5;BR-060/GO;Sul;Tombamento;1;1;0;0;0;0;1
15/03/2022;23:57:05;411;Acidente com Danos Materiais;132;BR-060/GO;Sul;Choque - Defensa;1;1;0;0;0;0;1
16/03/2022;04:57:40;22;Acidente com Danos Materiais;583,9;BR-153/GO;Norte;Tombamento;1;1;0;0;0;0;1
16/03/2022;16:17:37;226;Acidente com Danos Materiais;691;BR-262/MG;Leste;Engavetamento;3;3;0;0;0;0;1
17/03/2022;02:05:37;16;Acidente com Danos Materiais;528,2;BR-153/GO;Norte;Tombamento;1;1;0;0;0;0;1
17/03/2022;08:00:04;61;Acidente com Danos Materiais;502;BR-153/GO;Norte;Engavetamento;2;3;0;0;0;0;1
17/03/2022;13:12:31;202;Acidente com Danos Materiais;586;BR-153/GO;Sul;Saida de Pista;1;1;0;0;0;0;1
17/03/2022;13:23:39;206;Acidente com Danos Materiais;593,1;BR-262/MG;Oeste;Tombamento;1;1;0;0;0;0;1
17/03/2022;14:02:05;220;Acidente com Danos Materiais;76,6;BR-153/MG;Norte;Saida de Pista;1;1;0;0;0;0;1
17/03/2022;16:22:24;281;Acidente com Danos Materiais;113;BR-153/MG;Sul;Colisão Traseira;2;2;0;0;0;0;1
17/03/2022;18:42:52;349;Acidente com Danos Materiais;507;BR-153/GO;Norte;Colisão Lateral;1;2;0;0;0;0;1
17/03/2022;19:16:20;360;ac02 - Acidente com Vítima;183,1;BR-153/MG;Norte;Colisão Frontal;1;2;0;0;1;0;2
18/03/2022;01:39:08;11;Acidente com Danos Materiais;547,9;BR-262/MG;Oeste;Saida de Pista;1;2;0;0;0;0;1
18/03/2022;14:33:45;336;Acidente com Danos Materiais;567,1;BR-262/MG;Leste;Tombamento;1;1;0;0;0;0;1
18/03/2022;16:54:56;406;Acidente com Danos Materiais;371,1;BR-262/MG;Leste;Choque - Outros;1;2;0;0;0;0;1
19/03/2022;06:20:21;53;ac02 - Acidente com Vítima;443,15;BR-262/MG;Leste;Tombamento;1;0;0;1;0;0;2
19/03/2022;07:34:59;70;ac02 - Acidente com Vítima;479,15;BR-262/MG;Oeste;;1;1;0;1;0;0;2
19/03/2022;08:07:46;82;Acidente com Danos Materiais;460;BR-262/MG;Leste;Tombamento;1;1;0;0;0;0;1
19/03/2022;16:32:15;247;ac02 - Acidente com Vítima;900;BR-262/MG;Leste;Tombamento;1;0;0;0;0;0;1
19/03/2022;21:01:17;326;Acidente com Danos Materiais;614;BR-262/MG;Oeste;Choque - Outros;2;2;0;0;0;0;1
20/03/2022;10:17:32;104;Acidente com Danos Materiais;490;BR-153/GO;Sul;Colisão Traseira;1;1;0;0;0;0;1
20/03/2022;14:43:46;191;ac02 - Acidente com Vítima;402;BR-262/MG;Leste;Tombamento;1;2;0;0;0;0;1
20/03/2022;16:55:58;244;Acidente com Danos Materiais;197;BR-153/MG;Norte;Tombamento;1;1;0;0;0;0;1
20/03/2022;23:52:19;344;ac02 - Acidente com Vítima;640;BR-153/GO;Norte;Colisão Lateral;1;1;0;1;0;0;2
21/03/2022;18:35:52;392;Acidente com Danos Materiais;502;BR-153/GO;Sul;Engavetamento;1;2;0;0;0;0;1
22/03/2022;08:36:17;101;Acidente com Danos Materiais;834,01;BR-262/MG;Leste;Saida de Pista;1;1;0;0;0;0;1
23/03/2022;08:52:50;101;ac02 - Acidente com Vítima;501;BR-153/GO;Sul;Engavetamento;1;0;0;0;0;0;1
23/03/2022;17:24:11;312;Acidente com Danos Materiais;553,5;BR-262/MG;Leste;Choque - Talude;1;1;0;0;0;0;1
23/03/2022;20:20:00;359;ac02 - Acidente com Vítima;749,8;BR-262/MG;Oeste;Tombamento;1;0;0;0;0;0;1
24/03/2022;06:40:26;46;Acidente com Danos Materiais;700;BR-153/GO;Norte;Colisão Traseira;1;2;0;0;0;0;1
24/03/2022;08:01:33;64;Acidente com Danos Materiais;97;BR-060/GO;Norte;Tombamento;1;1;0;0;0;0;1
24/03/2022;17:56:18;251;Acidente com Danos Materiais;506;BR-153/GO;Norte;Engavetamento;2;3;0;0;0;0;1
25/03/2022;08:08:31;86;Acidente com Danos Materiais;142;BR-153/MG;Sul;Saida de Pista;1;1;0;0;0;0;1
25/03/2022;09:26:50;125;Acidente com Danos Materiais;632,15;BR-262/MG;Leste;Colisão Lateral;1;5;0;0;0;0;1
25/03/2022;17:30:57;348;ac01 - Acidente com Vítima Fatal;452,1;BR-262/MG;Leste;Colisão Lateral;1;1;0;0;1;1;3
26/03/2022;07:21:00;72;Acidente com Danos Materiais;105;BR-060/GO;Norte;Colisão Traseira;1;1;0;0;0;0;1
26/03/2022;10:06:44;189;ac02 - Acidente com Vítima;665,5;BR-153/GO;Norte;Atropelamento - Funcionário;1;1;0;0;0;0;1
26/03/2022;12:59:43;296;ac02 - Acidente com Vítima;506,7;BR-153/GO;Sul;Colisão Traseira;1;1;0;0;0;0;1
26/03/2022;16:02:51;371;Acidente com Danos Materiais;774,1;BR-262/MG;Leste;Colisão Traseira;1;37;0;0;0;0;1
26/03/2022;18:17:56;436;Acidente com Danos Materiais;74,1;BR-153/MG;Norte;Tombamento;1;1;0;0;0;0;1
27/03/2022;05:34:34;43;Acidente com Danos Materiais;568;BR-153/GO;Norte;Tombamento;1;1;0;0;0;0;1
27/03/2022;17:41:42;238;Acidente com Danos Materiais;624;BR-153/GO;Sul;Colisão Traseira;2;2;0;0;0;0;1
28/03/2022;03:01:46;12;ac02 - Acidente com Vítima;893,9;BR-262/MG;Oeste;Tombamento;1;2;0;0;0;0;1
28/03/2022;14:14:58;200;Acidente com Danos Materiais;213;BR-153/MG;Norte;Tombamento;1;1;0;0;0;0;1
28/03/2022;15:58:17;236;ac02 - Acidente com Vítima;75;BR-153/MG;Norte;Colisão Frontal;2;0;0;0;2;0;2
28/03/2022;18:53:54;274;Acidente com Danos Materiais;372;BR-262/MG;Leste;Colisão Traseira;1;3;0;0;0;0;1
28/03/2022;23:41:45;333;Acidente com Danos Materiais;12;BR-060/DF;Norte;Colisão Lateral;2;2;0;0;0;0;1
29/03/2022;07:37:26;60;Acidente com Danos Materiais;58;BR-153/MG;Norte;Tombamento;1;1;0;0;0;0;1
30/03/2022;00:39:04;6;Acidente com Danos Materiais;55;BR-060/GO;Sul;Colisão Lateral;1;1;0;0;0;0;1
30/03/2022;07:29:07;65;ac02 - Acidente com Vítima;33;BR-060/GO;Norte;Colisão Traseira;1;1;0;0;0;0;1
30/03/2022;08:02:57;79;ac02 - Acidente com Vítima;369,1;BR-262/MG;Leste;Colisão Traseira;1;0;0;0;1;0;2
30/03/2022;09:44:12;133;Acidente com Danos Materiais;94;BR-060/GO;Sul;Colisão Traseira;2;2;0;0;0;0;1
31/03/2022;13:25:01;173;Acidente com Danos Materiais;494;BR-153/GO;Norte;Colisão Traseira;2;2;0;0;0;0;1
31/03/2022;18:41:34;291;Acidente com Danos Materiais;43,1;BR-060/GO;Norte;Colisão Traseira;2;3;0;0;0;0;1
01/04/2022;08:23:19;98;Acidente com Danos Materiais;435,5;BR-262/MG;Leste;Colisão Lateral;1;2;0;0;0;0;1
01/04/2022;14:01:21;498;Acidente com Danos Materiais;594,15;BR-262/MG;Leste;Tombamento;1;1;0;0;0;0;1
01/04/2022;18:39:28;678;Acidente com Danos Materiais;33;BR-153/MG;Sul;Saida de Pista;1;1;0;0;0;0;1
02/04/2022;10:53:56;162;Acidente com Danos Materiais;160;BR-153/MG;Norte;Colisão Lateral;2;3;0;0;0;0;1
02/04/2022;12:03:05;199;ac02 - Acidente com Vítima;118;BR-060/GO;Norte;Queda de Moto;1;1;0;0;0;0;1
02/04/2022;16:51:52;286;ac02 - Acidente com Vítima;715;BR-262/MG;Leste;Objeto lançado contra veículo;1;0;0;0;0;0;1
04/04/2022;07:53:25;129;Acidente com Danos Materiais;494;BR-153/GO;Sul;Engavetamento;1;3;0;0;0;0;1
04/04/2022;09:16:35;156;ac02 - Acidente com Vítima;466;BR-262/MG;Oeste;Tombamento;1;0;0;0;0;0;1
04/04/2022;21:26:04;444;ac02 - Acidente com Vítima;543,2;BR-153/GO;Sul;Tombamento;1;0;0;0;1;0;2
05/04/2022;01:10:34;8;ac02 - Acidente com Vítima;585;BR-153/GO;Sul;Saida de Pista;1;0;0;0;0;0;1
05/04/2022;01:28:42;9;Acidente com Danos Materiais;539;BR-153/GO;Sul;Colisão Traseira;2;3;0;0;0;0;1
05/04/2022;08:14:45;69;ac02 - Acidente com Vítima;5;BR-060/DF;Norte;Atropelamento - Ciclista;1;1;0;1;0;0;2
05/04/2022;14:57:17;254;Acidente com Danos Materiais;503,2;BR-153/GO;Sul;Colisão Traseira;1;2;0;0;0;0;1
05/04/2022;17:55:24;351;Acidente com Danos Materiais;553;BR-262/MG;Leste;Saida de Pista;1;1;0;0;0;0;1
05/04/2022;22:46:11;437;Acidente com Danos Materiais;506;BR-153/GO;Sul;Colisão Lateral;1;4;0;0;0;0;1
06/04/2022;00:41:44;6;Acidente com Danos Materiais;445;BR-262/MG;Leste;Tombamento;1;1;0;0;0;0;1
06/04/2022;13:18:10;312;Acidente com Danos Materiais;443;BR-262/MG;Oeste;Colisão Traseira;2;2;0;0;0;0;1
07/04/2022;00:03:52;2;ac02 - Acidente com Vítima;661;BR-262/MG;Leste;Saida de Pista;1;1;0;1;0;0;2
08/04/2022;06:25:43;32;ac02 - Acidente com Vítima;146;BR-153/MG;Norte;Colisão Lateral;1;1;0;0;0;0;1
08/04/2022;17:26:09;371;Acidente com Danos Materiais;890;BR-262/MG;Leste;Colisão Lateral;2;2;0;0;0;0;1
09/04/2022;08:08:30;93;Acidente com Danos Materiais;22;BR-060/GO;Sul;Colisão Lateral;1;1;0;0;0;0;1
09/04/2022;08:29:09;108;Acidente com Danos Materiais;554;BR-262/MG;Leste;Tombamento;1;1;0;0;0;0;1
09/04/2022;10:28:26;154;Acidente com Danos Materiais;43;BR-060/GO;Norte;Colisão Traseira;1;2;0;0;0;0;1
09/04/2022;16:02:54;285;Acidente com Danos Materiais;616;BR-153/GO;Sul;Tombamento;2;1;0;0;0;0;1
10/04/2022;16:43:10;296;Acidente com Danos Materiais;851,1;BR-262/MG;Leste;Colisão Traseira;2;3;0;0;0;0;1
10/04/2022;21:42:46;387;Acidente com Danos Materiais;128;BR-153/MG;Norte;Colisão Lateral;1;1;0;0;0;0;1
10/04/2022;22:14:28;402;Acidente com Danos Materiais;8;BR-153/MG;Norte;Tombamento;1;1;0;0;0;0;1
11/04/2022;08:21:53;109;ac02 - Acidente com Vítima;699,1;BR-153/GO;Norte;Colisão Traseira;1;0;0;0;0;0;1
11/04/2022;13:53:56;286;Acidente com Danos Materiais;657;BR-153/GO;Sul;Tombamento;1;1;0;0;0;0;1
11/04/2022;14:54:20;325;ac02 - Acidente com Vítima;494,8;BR-262/MG;Leste;Tombamento;1;0;0;0;0;0;1
11/04/2022;15:25:04;342;Acidente com Danos Materiais;0,1;BR-153/MG;Norte;Colisão Frontal;1;1;0;0;0;0;1
11/04/2022;15:57:29;354;Acidente com Danos Materiais;135;BR-060/GO;Norte;Colisão Traseira;2;2;0;0;0;0;1
11/04/2022;20:36:17;457;Acidente com Danos Materiais;29;BR-060/GO;Norte;Tombamento;1;1;0;0;0;0;1
12/04/2022;06:51:13;51;ac02 - Acidente com Vítima;58;BR-153/MG;Norte;Colisão Traseira;1;1;0;0;0;0;1
12/04/2022;08:59:04;116;ac02 - Acidente com Vítima;670;BR-153/GO;Norte;Capotamento;1;0;0;0;0;0;1
12/04/2022;09:32:10;135;Acidente com Danos Materiais;508;BR-153/GO;Sul;Colisão Traseira;1;1;0;0;0;0;1
12/04/2022;14:28:51;318;Acidente com Danos Materiais;780;BR-262/MG;Oeste;Colisão Traseira;2;2;0;0;0;0;1
12/04/2022;21:07:51;528;ac02 - Acidente com Vítima;172,4;BR-153/MG;Norte;Tombamento;1;0;0;0;0;0;1
12/04/2022;23:27:02;564;Acidente com Danos Materiais;533;BR-262/MG;Oeste;Saida de Pista;1;2;0;0;0;0;1
13/04/2022;05:40:35;46;Acidente com Danos Materiais;9;BR-060/DF;Norte;Colisão Lateral;1;2;0;0;0;0;1
13/04/2022;11:53:46;170;Acidente com Danos Materiais;632;BR-262/MG;Leste;Colisão Transversal;1;2;0;0;0;0;1
13/04/2022;18:58:23;313;Acidente com Danos Materiais;804;BR-262/MG;Leste;Engavetamento;2;1;0;0;0;0;1
14/04/2022;02:52:32;23;Acidente com Danos Materiais;2;BR-153/MG;Norte;Colisão Traseira;2;3;0;0;0;0;1
14/04/2022;09:57:46;128;Acidente com Danos Materiais;374;BR-262/MG;Oeste;Colisão Lateral;2;2;0;0;0;0;1
14/04/2022;12:11:58;180;Acidente com Danos Materiais;568;BR-262/MG;Leste;Colisão Lateral;1;8;0;0;0;0;1
14/04/2022;12:59:43;191;ac02 - Acidente com Vítima;585,5;BR-262/MG;Oeste;Tombamento;1;0;0;1;0;0;2
14/04/2022;14:13:09;214;Acidente com Danos Materiais;659;BR-153/GO;Sul;Colisão Traseira;1;1;0;0;0;0;1
14/04/2022;19:35:08;354;Acidente com Danos Materiais;3;BR-153/MG;Sul;Choque - Defensa;1;6;0;0;0;0;1
14/04/2022;23:16:25;428;Acidente com Danos Materiais;223;BR-153/MG;Sul;Choque - Cabine de Pedágio;1;1;0;0;0;0;1
15/04/2022;02:34:46;21;ac02 - Acidente com Vítima;91;BR-153/MG;Norte;Saida de Pista;1;0;0;0;0;0;1
15/04/2022;10:26:23;187;ac02 - Acidente com Vítima;24;BR-153/MG;Sul;Engavetamento;1;11;0;0;0;0;1
15/04/2022;13:54:18;262;Acidente com Danos Materiais;0,2;BR-153/MG;Sul;Choque - Defensa;1;1;0;0;0;0;1
15/04/2022;19:04:51;383;ac02 - Acidente com Vítima;109;BR-153/MG;Sul;Colisão Transversal;1;2;0;0;0;0;1
17/04/2022;04:22:57;19;Acidente com Danos Materiais;112;BR-060/GO;Sul;Colisão Traseira;1;2;0;0;0;0;1
17/04/2022;13:24:49;184;ac02 - Acidente com Vítima;551;BR-262/MG;Oeste;Tombamento;1;0;0;0;0;0;1
17/04/2022;14:53:43;216;Acidente com Danos Materiais;524;BR-262/MG;Leste;Colisão Lateral;1;2;0;0;0;0;1
18/04/2022;08:20:00;119;Acidente com Danos Materiais;539;BR-153/GO;Sul;Capotamento;3;1;0;0;0;0;1
18/04/2022;15:15:12;346;Acidente com Danos Materiais;496;BR-153/GO;Sul;Colisão Traseira;1;1;0;0;0;0;1
19/04/2022;06:22:15;50;Acidente com Danos Materiais;194;BR-153/MG;Norte;Colisão Traseira;1;2;0;0;0;0;1
19/04/2022;18:13:56;485;Acidente com Danos Materiais;468;BR-262/MG;Leste;Saida de Pista;1;1;0;0;0;0;1
20/04/2022;06:52:14;63;Acidente com Danos Materiais;115;BR-060/GO;Norte;Colisão Traseira;2;1;0;0;0;0;1
20/04/2022;16:20:02;276;Acidente com Danos Materiais;501;BR-153/GO;Norte;Colisão Traseira;2;2;0;0;0;0;1
22/04/2022;12:38:14;316;Acidente com Danos Materiais;138;BR-060/GO;Norte;Colisão Traseira;2;2;0;0;0;0;1
22/04/2022;13:41:36;342;ac02 - Acidente com Vítima;118;BR-060/GO;Norte;Colisão Traseira;1;0;0;1;0;0;2
22/04/2022;16:32:01;438;Acidente com Danos Materiais;355;BR-262/MG;Oeste;Colisão Traseira;1;1;0;0;0;0;1
23/04/2022;10:14:41;240;Acidente com Danos Materiais;21;BR-153/MG;Norte;Colisão Traseira;2;3;0;0;0;0;1
23/04/2022;12:12:23;298;ac02 - Acidente com Vítima;839;BR-262/MG;Oeste;Colisão Transversal;1;0;0;0;0;0;1
24/04/2022;04:01:49;38;Acidente com Danos Materiais;658;BR-153/GO;Sul;Tombamento;1;1;0;0;0;0;1
24/04/2022;07:22:19;56;ac01 - Acidente com Vítima Fatal;114,1;BR-153/MG;Norte;Colisão Frontal;2;3;0;0;0;1;3
24/04/2022;17:06:42;245;Acidente com Danos Materiais;571;BR-262/MG;Leste;Colisão Traseira;1;2;0;0;0;0;1
24/04/2022;17:21:01;250;ac02 - Acidente com Vítima;4,1;BR-153/MG;Norte;Tombamento;1;0;0;0;0;0;1
24/04/2022;19:45:24;304;Acidente com Danos Materiais;395;BR-262/MG;Leste;Atropelamento de Animal;1;1;0;0;0;0;1
25/04/2022;12:49:42;213;Acidente com Danos Materiais;7;BR-060/DF;Sul;Saida de Pista;1;1;0;0;0;0;1
25/04/2022;14:43:32;256;ac02 - Acidente com Vítima;590;BR-153/GO;Sul;Colisão Traseira;2;2;0;1;0;0;2
25/04/2022;19:53:52;349;Acidente com Danos Materiais;4;BR-060/DF;Norte;Colisão Transversal;1;1;0;0;0;0;1
26/04/2022;20:36:17;505;ac02 - Acidente com Vítima;544,5;BR-262/MG;Leste;Colisão Lateral;1;1;0;0;0;0;1
27/04/2022;08:37:00;137;ac02 - Acidente com Vítima;670;BR-262/MG;Leste;Engavetamento;4;5;0;3;0;0;2
27/04/2022;19:19:56;417;Acidente com Danos Materiais;679;BR-262/MG;Leste;Colisão Traseira;2;1;0;0;0;0;1
28/04/2022;11:19:45;162;Acidente com Danos Materiais;592;BR-262/MG;Leste;Tombamento;1;1;0;0;0;0;1
28/04/2022;17:33:20;277;ac02 - Acidente com Vítima;12,5;BR-060/GO;Sul;Colisão Traseira;1;0;0;1;0;0;2
29/04/2022;07:34:04;83;ac02 - Acidente com Vítima;3;BR-060/DF;Norte;Colisão Traseira;1;0;0;0;0;0;1
29/04/2022;07:57:00;95;ac02 - Acidente com Vítima;16,7;BR-153/MG;Sul;Tombamento;1;0;0;0;0;0;1
29/04/2022;13:09:39;228;Acidente com Danos Materiais;415;BR-262/MG;Oeste;Choque - Defensa;1;1;0;0;0;0;1
29/04/2022;15:34:23;286;ac02 - Acidente com Vítima;770;BR-262/MG;Leste;Tombamento;2;0;0;0;0;0;1
29/04/2022;19:09:50;400;Acidente com Danos Materiais;31;BR-060/GO;Norte;Colisão Lateral;1;1;0;0;0;0;1
29/04/2022;20:56:01;447;Acidente com Danos Materiais;55,3;BR-153/MG;Sul;Saida de Pista;1;1;0;0;0;0;1
30/04/2022;10:44:33;222;Acidente com Danos Materiais;83;BR-153/MG;Norte;Colisão Traseira;2;2;0;0;0;0;1
30/04/2022;15:23:00;347;Acidente com Danos Materiais;687;BR-262/MG;Oeste;Tombamento;1;1;0;0;0;0;1
30/04/2022;15:56:16;367;Acidente com Danos Materiais;504,5;BR-153/GO;Sul;Colisão Lateral;1;2;0;0;0;0;1
30/04/2022;17:08:45;400;Acidente com Danos Materiais;131;BR-060/GO;Norte;Choque- Poste/Equipamento;1;1;0;0;0;0;1
01/05/2022;07:28:32;81;ac01 - Acidente com Vítima Fatal;497;BR-153/GO;Sul;Queda de Moto;1;1;0;0;0;1;3
01/05/2022;19:08:14;453;Acidente com Danos Materiais;584;BR-153/GO;Norte;Colisão Traseira;2;2;0;0;0;0;1
02/05/2022;04:59:00;30;Acidente com Danos Materiais;700;BR-153/GO;Sul;Saida de Pista;1;1;0;0;0;0;1
02/05/2022;10:39:40;133;Acidente com Danos Materiais;363,5;BR-262/MG;Leste;Colisão Transversal;1;3;0;0;0;0;1
02/05/2022;15:08:52;246;Acidente com Danos Materiais;654;BR-262/MG;Leste;Tombamento;1;2;0;0;0;0;1
02/05/2022;18:04:50;311;ac02 - Acidente com Vítima;491,5;BR-262/MG;Leste;Colisão Frontal;1;1;0;0;2;0;2
02/05/2022;18:27:41;322;Acidente com Danos Materiais;97;BR-060/GO;Sul;Colisão Traseira;1;3;0;0;0;0;1
03/05/2022;05:03:00;50;Acidente com Danos Materiais;137,7;BR-060/GO;Norte;Saida de Pista;1;1;0;0;0;0;1
03/05/2022;09:23:00;118;ac02 - Acidente com Vítima;554,5;BR-262/MG;Oeste;Tombamento;1;0;0;0;1;0;2
04/05/2022;14:11:00;295;ac02 - Acidente com Vítima;456;BR-262/MG;Oeste;Engavetamento;1;2;0;0;0;0;1
05/05/2022;05:20:13;56;ac01 - Acidente com Vítima Fatal;139;BR-153/MG;Sul;Colisão Lateral;1;5;0;0;0;1;3
05/05/2022;09:58:26;172;Acidente com Danos Materiais;508;BR-153/GO;Sul;Colisão Lateral;1;1;0;0;0;0;1
05/05/2022;22:27:17;462;ac02 - Acidente com Vítima;507;BR-153/GO;Sul;Colisão Traseira;1;1;0;1;0;0;2
06/05/2022;06:19:28;61;Acidente com Danos Materiais;815;BR-262/MG;Leste;Colisão Lateral;1;2;0;0;0;0;1
06/05/2022;06:29:54;66;Acidente com Danos Materiais;93;BR-060/GO;Norte;Colisão Traseira;2;1;0;0;0;0;1
06/05/2022;06:41:00;68;ac02 - Acidente com Vítima;870;BR-262/MG;Oeste;Tombamento;1;0;0;1;0;0;2
06/05/2022;07:41:26;90;Acidente com Danos Materiais;533;BR-262/MG;Leste;Tombamento;2;1;0;0;0;0;1
06/05/2022;10:03:00;158;ac02 - Acidente com Vítima;698;BR-153/GO;Sul;Saida de Pista;1;0;0;1;0;0;2
06/05/2022;14:04:04;249;Acidente com Danos Materiais;17,1;BR-153/MG;Norte;Saida de Pista;1;1;0;0;0;0;1
06/05/2022;14:13:43;255;Acidente com Danos Materiais;46,1;BR-153/MG;Norte;Colisão Lateral;2;2;0;0;0;0;1
07/05/2022;09:54:58;125;Acidente com Danos Materiais;509;BR-153/GO;Sul;Colisão Lateral;1;1;0;0;0;0;1
07/05/2022;16:42:18;275;Acidente com Danos Materiais;117;BR-060/GO;Norte;Carreta deu L;2;2;0;0;0;0;1
09/05/2022;02:05:09;26;Acidente com Danos Materiais;366;BR-262/MG;Leste;Atropelamento de Animal;1;1;0;0;0;0;1
09/05/2022;06:25:31;52;ac02 - Acidente com Vítima;570,2;BR-262/MG;Oeste;Tombamento;1;0;0;0;0;0;1
09/05/2022;15:47:00;343;Acidente com Danos Materiais;4;BR-153/MG;Sul;Saida de Pista;1;2;0;0;0;0;1
09/05/2022;18:08:33;394;ac02 - Acidente com Vítima;900;BR-262/MG;Leste;Tombamento;1;0;0;0;0;0;1
10/05/2022;06:05:00;38;ac02 - Acidente com Vítima;553,3;BR-262/MG;Leste;Colisão Transversal;3;1;0;0;0;0;1