data;horario;n_da_ocorrencia;tipo_de_ocorrencia;km;trecho;sentido;tipo_de_acidente;caminhao;ilesos;levemente_feridos;moderadamente_feridos;gravemente_feridos;mortos;3
10/05/2022;20:25:00;342;ac02 - Acidente com Vítima;371,5;BR-262/MG;Leste;Colisão Traseira;1;0;0;0;0;0;1
11/05/2022;01:25:00;14;ac02 - Acidente com Vítima;612;BR-153/GO;Norte;Tombamento;1;1;0;0;0;0;1
11/05/2022;12:05:13;170;Acidente com Danos Materiais;551,2;BR-262/MG;Leste;Tombamento;1;1;0;0;0;0;1
11/05/2022;13:55:07;213;Acidente com Danos Materiais;598,1;BR-262/MG;Leste;Choque - Cabine de Pedágio;1;1;0;0;0;0;1
11/05/2022;15:36:16;248;Acidente com Danos Materiais;825,1;BR-262/MG;Oeste;Saida de Pista;1;1;0;0;0;0;1
11/05/2022;17:28:30;274;Acidente com Danos Materiais;498;BR-153/GO;Sul;Carreta deu L;1;1;0;0;0;0;1
11/05/2022;18:59:47;304;ac02 - Acidente com Vítima;14;BR-153/MG;Norte;Colisão Traseira;1;0;0;1;0;0;2
12/05/2022;04:43:41;57;ac02 - Acidente com Vítima;75,6;BR-153/MG;Norte;Tombamento;1;0;0;0;0;0;1
12/05/2022;08:21:45;133;Acidente com Danos Materiais;500;BR-153/GO;Norte;Colisão Traseira;1;1;0;0;0;0;1
12/05/2022;11:16:00;226;Acidente com Danos Materiais;190;BR-153/MG;Norte;Colisão Lateral;3;4;0;0;0;0;1
13/05/2022;05:24:00;47;Acidente com Danos Materiais;69,2;BR-060/GO;Sul;Atropelamento de Animal;1;1;0;0;0;0;1
13/05/2022;08:44:22;138;Acidente com Danos Materiais;509;BR-153/GO;Norte;Colisão Lateral;1;2;0;0;0;0;1
13/05/2022;11:25:00;238;Acidente com Danos Materiais;457;BR-262/MG;Leste;Engavetamento;1;3;0;0;0;0;1
13/05/2022;15:13:48;368;ac02 - Acidente com Vítima;554;BR-262/MG;Leste;Tombamento;2;1;0;0;0;0;1
13/05/2022;15:24:00;380;Acidente com Danos Materiais;60;BR-153/MG;Norte;Saida de Pista;1;1;0;0;0;0;1
13/05/2022;16:00:00;399;Acidente com Danos Materiais;804;BR-262/MG;Leste;Colisão Lateral;1;4;0;0;0;0;1
13/05/2022;18:27:00;455;Acidente com Danos Materiais;144;BR-153/MG;Norte;Saida de Pista;1;2;0;0;0;0;1
13/05/2022;18:49:15;464;ac01 - Acidente com Vítima Fatal;545;BR-262/MG;Leste;Tombamento;1;0;0;0;0;1;3
13/05/2022;20:23:00;489;Acidente com Danos Materiais;507;BR-153/GO;Sul;Colisão Traseira;1;2;0;0;0;0;1
15/05/2022;06:29:00;58;ac02 - Acidente com Vítima;703;BR-153/GO;Sul;Colisão Frontal;1;1;0;0;0;0;1
16/05/2022;13:30:26;278;Acidente com Danos Materiais;742,1;BR-262/MG;Oeste;Colisão Lateral;3;3;0;0;0;0;1
16/05/2022;17:16:29;391;Acidente com Danos Materiais;140;BR-153/MG;Norte;Colisão Traseira;1;4;0;0;0;0;1
16/05/2022;21:52:10;493;Acidente com Danos Materiais;463;BR-262/MG;Leste;Colisão Traseira;1;2;0;0;0;0;1
17/05/2022;05:35:18;55;Acidente com Danos Materiais;517;BR-153/GO;Sul;Tombamento;1;1;0;0;0;0;1
17/05/2022;16:12:29;335;Acidente com Danos Materiais;472;BR-262/MG;Oeste;Colisão Lateral;1;2;0;0;0;0;1
17/05/2022;16:30:00;345;Acidente com Danos Materiais;2,7;BR-060/DF;Sul;Tombamento;1;1;0;0;0;0;1
17/05/2022;17:17:52;370;Acidente com Danos Materiais;685;BR-153/GO;Norte;Colisão Traseira;2;3;0;0;0;0;1
17/05/2022;19:23:41;426;Acidente com Danos Materiais;225,9;BR-153/MG;Norte;Choque- Poste/Equipamento;1;1;0;0;0;0;1
17/05/2022;19:30:31;429;Acidente com Danos Materiais;388,555;BR-262/MG;Leste;Tombamento;1;1;0;0;0;0;1
18/05/2022;11:21:04;202;Acidente com Danos Materiais;412,419;BR-262/MG;Leste;Saida de Pista;1;1;0;0;0;0;1
18/05/2022;18:55:53;389;Acidente com Danos Materiais;110;BR-153/MG;Sul;Colisão Lateral;1;2;0;0;0;0;1
18/05/2022;23:56:13;515;Acidente com Danos Materiais;580;BR-262/MG;Leste;Tombamento;1;1;0;0;0;0;1
19/05/2022;13:05:22;246;Acidente com Danos Materiais;97;BR-060/GO;Norte;Colisão Lateral;1;2;0;0;0;0;1
19/05/2022;14:27:00;279;Acidente com Danos Materiais;369;BR-262/MG;Oeste;Choque - Defensa;1;1;0;0;0;0;1
19/05/2022;16:49:12;340;Acidente com Danos Materiais;501;BR-153/GO;Norte;Tombamento;1;1;0;0;0;0;1
20/05/2022;06:19:00;133;ac02 - Acidente com Vítima;439;BR-262/MG;Oeste;Engavetamento;1;3;0;1;0;0;2
20/05/2022;07:50:01;173;Acidente com Danos Materiais;20;BR-060/GO;Norte;Colisão Traseira;2;1;0;0;0;0;1
20/05/2022;10:02:34;270;Acidente com Danos Materiais;553;BR-153/GO;Sul;Colisão Traseira;2;1;0;0;0;0;1
20/05/2022;17:13:45;492;Acidente com Danos Materiais;500,3;BR-153/GO;Sul;Engavetamento;1;3;0;0;0;0;1
20/05/2022;17:27:43;509;Acidente com Danos Materiais;101;BR-060/GO;Sul;Tombamento;1;2;0;0;0;0;1
21/05/2022;08:07:41;136;Acidente com Danos Materiais;7;BR-060/DF;Sul;Colisão Lateral;1;4;0;0;0;0;1
21/05/2022;10:17:00;300;ac02 - Acidente com Vítima;664;BR-153/GO;Sul;Engavetamento;1;4;0;0;0;0;1
21/05/2022;12:03:47;401;ac02 - Acidente com Vítima;98;BR-060/GO;Norte;Colisão Traseira;1;0;0;1;0;0;2
21/05/2022;15:34:10;537;Acidente com Danos Materiais;603,5;BR-262/MG;Leste;Tombamento;1;1;0;0;0;0;1
23/05/2022;15:22:12;430;Acidente com Danos Materiais;60;BR-060/GO;Norte;Colisão Lateral;1;2;0;0;0;0;1
24/05/2022;13:23:00;561;ac02 - Acidente com Vítima;485,2;BR-262/MG;Oeste;Colisão Traseira;1;2;0;0;0;0;1
25/05/2022;06:44:00;106;Acidente com Danos Materiais;360;BR-262/MG;Oeste;Saida de Pista;1;1;0;0;0;0;1
25/05/2022;07:32:22;144;ac01 - Acidente com Vítima Fatal;218;BR-153/MG;Norte;Colisão Frontal;1;1;0;0;0;4;3
25/05/2022;09:35:40;243;Acidente com Danos Materiais;358,1;BR-262/MG;Oeste;Engavetamento;1;3;0;0;0;0;1
25/05/2022;10:14:19;277;Acidente com Danos Materiais;93;BR-153/MG;Norte;Saida de Pista;1;2;0;0;0;0;1
25/05/2022;14:32:05;503;ac02 - Acidente com Vítima;665,1;BR-262/MG;Oeste;Tombamento;1;0;0;0;1;0;2
26/05/2022;00:49:37;10;Acidente com Danos Materiais;685;BR-153/GO;Norte;Choque - Outros;1;1;0;0;0;0;1
26/05/2022;10:31:46;216;Acidente com Danos Materiais;128,1;BR-153/MG;Norte;Colisão Traseira;1;2;0;0;0;0;1
26/05/2022;17:22:18;419;ac02 - Acidente com Vítima;107,1;BR-153/MG;Norte;Colisão Traseira;1;1;0;0;0;0;1
27/05/2022;15:13:32;357;ac01 - Acidente com Vítima Fatal;195;BR-153/MG;Norte;Capotamento;1;0;0;1;0;1;3
27/05/2022;21:42:39;622;Acidente com Danos Materiais;73;BR-153/MG;Sul;Atropelamento de Animal;1;1;0;0;0;0;1
28/05/2022;01:53:00;17;Acidente com Danos Materiais;395;BR-262/MG;Oeste;Saida de Pista;1;1;0;0;0;0;1
28/05/2022;04:07:00;50;ac02 - Acidente com Vítima;34;BR-060/GO;Norte;Colisão Traseira;1;1;0;0;0;0;1
28/05/2022;04:07:53;47;ac02 - Acidente com Vítima;470;BR-262/MG;Leste;Saida de Pista;1;0;0;0;0;0;1
28/05/2022;13:16:00;526;Acidente com Danos Materiais;358;BR-262/MG;Leste;Engavetamento;1;2;0;0;0;0;1
28/05/2022;17:21:23;683;ac01 - Acidente com Vítima Fatal;245,5;BR-153/MG;Norte;Colisão Traseira;1;1;0;0;0;1;3
28/05/2022;17:50:01;697;Acidente com Danos Materiais;723;BR-262/MG;Leste;Engavetamento;1;3;0;0;0;0;1
29/05/2022;09:35:00;230;Acidente com Danos Materiais;15;BR-153/MG;Norte;Saida de Pista;1;2;0;0;0;0;1
30/05/2022;03:16:00;52;ac02 - Acidente com Vítima;506;BR-153/GO;Sul;Capotamento;1;4;0;0;1;0;2
30/05/2022;03:32:36;55;Acidente com Danos Materiais;92,5;BR-060/GO;Norte;Tombamento;1;1;0;0;0;0;1
30/05/2022;09:51:06;196;Acidente com Danos Materiais;501,9;BR-153/GO;Sul;Colisão Traseira;2;2;0;0;0;0;1
30/05/2022;10:25:40;204;Acidente com Danos Materiais;510,1;BR-262/MG;Leste;Saida de Pista;1;1;0;0;0;0;1
30/05/2022;13:12:07;276;Acidente com Danos Materiais;0,1;BR-060/DF;Norte;Colisão Traseira;1;2;0;0;0;0;1
31/05/2022;04:18:00;77;ac02 - Acidente com Vítima;825,6;BR-262/MG;Oeste;Tombamento;1;0;0;0;0;0;1
31/05/2022;07:45:00;133;ac02 - Acidente com Vítima;501,2;BR-262/MG;Oeste;Capotamento;1;0;0;1;0;0;2
31/05/2022;07:45:55;134;Acidente com Danos Materiais;42,3;BR-060/GO;Norte;Colisão Traseira;2;2;0;0;0;0;1
31/05/2022;18:48:17;400;ac02 - Acidente com Vítima;124;BR-060/GO;Sul;Saida de Pista;1;1;0;1;0;0;2
01/06/2022;09:00:15;190;Acidente com Danos Materiais;50;BR-153/MG;Norte;Colisão Traseira;1;1;0;0;0;0;1
01/06/2022;10:33:00;240;ac01 - Acidente com Vítima Fatal;72;BR-060/GO;Sul;Choque - Defensa;1;0;0;0;0;1;3
01/06/2022;16:21:47;380;Acidente com Danos Materiais;8;BR-060/DF;Norte;Tombamento;1;1;0;0;0;0;1
01/06/2022;17:56:00;418;Acidente com Danos Materiais;666;BR-153/GO;Sul;Colisão Traseira;2;3;0;0;0;0;1
01/06/2022;18:24:39;428;Acidente com Danos Materiais;703;BR-153/GO;Norte;Colisão Lateral;2;2;0;0;0;0;1
01/06/2022;22:56:47;510;Acidente com Danos Materiais;701,5;BR-153/GO;Norte;Engavetamento;1;4;0;0;0;0;1
03/06/2022;03:30:35;44;Acidente com Danos Materiais;21;BR-153/MG;Norte;Colisão Traseira;2;2;0;0;0;0;1
03/06/2022;08:27:03;108;Acidente com Danos Materiais;543,2;BR-262/MG;Leste;Colisão Traseira;2;2;0;0;0;0;1
04/06/2022;02:06:00;32;Acidente com Danos Materiais;703;BR-153/GO;Norte;Saida de Pista;1;1;0;0;0;0;1
06/06/2022;15:24:58;493;Acidente com Danos Materiais;448;BR-262/MG;Leste;Colisão Traseira;2;2;0;0;0;0;1
06/06/2022;18:36:17;672;Acidente com Danos Materiais;553;BR-153/GO;Norte;Choque - Submarino;1;1;0;0;0;0;1
07/06/2022;00:59:00;21;ac02 - Acidente com Vítima;403;BR-262/MG;Leste;Tombamento;1;1;0;1;0;0;2
07/06/2022;06:41:08;74;Acidente com Danos Materiais;644;BR-153/GO;Norte;Saida de Pista;1;1;0;0;0;0;1
07/06/2022;07:00:09;171;Acidente com Danos Materiais;553;BR-153/GO;Norte;Choque - Submarino;1;1;0;0;0;0;1
07/06/2022;08:45:40;139;Acidente com Danos Materiais;109;BR-060/GO;Norte;Choque - Defensa;1;1;0;0;0;0;1
07/06/2022;13:24:31;263;Acidente com Danos Materiais;225;BR-153/MG;Sul;Colisão Transversal;2;2;0;0;0;0;1
08/06/2022;06:28:00;89;Acidente com Danos Materiais;110;BR-060/GO;Sul;Colisão Traseira;2;2;0;0;0;0;1
08/06/2022;06:53:34;94;Acidente com Danos Materiais;521,2;BR-262/MG;Leste;Colisão Traseira;1;3;0;0;0;0;1
08/06/2022;13:29:06;296;Acidente com Danos Materiais;481;BR-262/MG;Leste;Colisão Transversal;2;2;0;0;0;0;1
08/06/2022;13:43:12;308;Acidente com Danos Materiais;107;BR-060/GO;Norte;Colisão Transversal;1;2;0;0;0;0;1
09/06/2022;05:15:59;69;Acidente com Danos Materiais;37;BR-153/MG;Sul;Saida de Pista;1;1;0;0;0;0;1
09/06/2022;20:55:30;679;Acidente com Danos Materiais;594;BR-262/MG;Leste;Saida de Pista;1;1;0;0;0;0;1
10/06/2022;13:09:16;454;Acidente com Danos Materiais;66;BR-153/MG;Norte;Saida de Pista;1;1;0;0;0;0;1
10/06/2022;18:49:00;617;Acidente com Danos Materiais;358;BR-262/MG;Oeste;Colisão Lateral;1;3;0;0;0;0;1
10/06/2022;20:33:38;649;ac02 - Acidente com Vítima;398;BR-262/MG;Oeste;Atropelamento - Usuário;1;1;0;0;0;0;1
10/06/2022;23:51:24;708;Acidente com Danos Materiais;655;BR-262/MG;Oeste;Colisão Traseira;1;3;0;0;0;0;1
11/06/2022;20:05:58;434;Acidente com Danos Materiais;70;BR-153/MG;Norte;Engavetamento;1;1;0;0;0;0;1
12/06/2022;17:55:55;362;Acidente com Danos Materiais;655;BR-153/GO;Norte;Tombamento;1;1;0;0;0;0;1
13/06/2022;02:25:42;32;Acidente com Danos Materiais;365;BR-262/MG;Leste;Colisão Traseira;1;2;0;0;0;0;1
13/06/2022;10:18:00;237;Acidente com Danos Materiais;24;BR-060/DF;Norte;Objeto lançado contra veículo;2;1;0;0;0;0;1
13/06/2022;13:43:53;379;Acidente com Danos Materiais;616;BR-262/MG;Leste;Tombamento;1;1;0;0;0;0;1
13/06/2022;18:50:26;503;Acidente com Danos Materiais;501;BR-153/GO;Sul;Colisão Traseira;1;2;0;0;0;0;1
14/06/2022;10:39:00;203;Acidente com Danos Materiais;509;BR-153/GO;Sul;Colisão Traseira;2;2;0;0;0;0;1
15/06/2022;10:42:20;195;Acidente com Danos Materiais;566,2;BR-262/MG;Leste;Tombamento;1;1;0;0;0;0;1
15/06/2022;12:02:27;227;Acidente com Danos Materiais;129;BR-060/GO;Sul;Colisão Traseira;2;2;0;0;0;0;1
15/06/2022;15:35:56;299;Acidente com Danos Materiais;900,1;BR-262/MG;Leste;Saida de Pista;1;2;0;0;0;0;1
15/06/2022;18:37:59;392;Acidente com Danos Materiais;499;BR-153/GO;Norte;Colisão Traseira;1;2;0;0;0;0;1
15/06/2022;20:48:23;457;Acidente com Danos Materiais;576;BR-262/MG;Leste;Tombamento;1;1;0;0;0;0;1
16/06/2022;07:41:54;135;Acidente com Danos Materiais;490,8;BR-262/MG;Leste;Tombamento;1;1;0;0;0;0;1
17/06/2022;00:18:48;2;Acidente com Danos Materiais;483;BR-262/MG;Leste;Colisão Lateral;1;2;0;0;0;0;1
17/06/2022;09:49:20;228;Acidente com Danos Materiais;363;BR-262/MG;Leste;Engavetamento;1;3;0;0;0;0;1
17/06/2022;13:05:21;340;Acidente com Danos Materiais;577;BR-153/GO;Norte;Colisão Lateral;1;1;0;0;0;0;1
17/06/2022;16:34:05;446;ac02 - Acidente com Vítima;516;BR-153/GO;Norte;Colisão Traseira;2;1;0;0;0;0;1
17/06/2022;22:41:00;594;Acidente com Danos Materiais;113;BR-060/GO;Norte;Colisão Traseira;1;1;0;0;0;0;1
18/06/2022;01:54:14;33;ac02 - Acidente com Vítima;557;BR-153/GO;Norte;Colisão Traseira;1;1;0;0;1;0;2
18/06/2022;07:36:00;131;Acidente com Danos Materiais;8;BR-153/MG;Norte;Saida de Pista;1;1;0;0;0;0;1
18/06/2022;07:47:00;143;ac02 - Acidente com Vítima;534,5;BR-262/MG;Oeste;Colisão Lateral;1;0;0;0;0;0;1
18/06/2022;18:31:46;622;ac02 - Acidente com Vítima;695;BR-262/MG;Leste;Colisão Frontal;1;1;0;0;1;0;2
19/06/2022;08:05:00;103;Acidente com Danos Materiais;61;BR-060/GO;Norte;Colisão Traseira;1;1;0;0;0;0;1
19/06/2022;12:43:15;270;ac02 - Acidente com Vítima;93,5;BR-060/GO;Sul;Colisão Traseira;1;2;0;0;0;0;1
19/06/2022;13:19:51;294;ac02 - Acidente com Vítima;632;BR-153/GO;Norte;Colisão Lateral;1;2;0;0;0;0;1
19/06/2022;14:41:14;329;ac02 - Acidente com Vítima;547;BR-262/MG;Oeste;Colisão Lateral;1;1;0;0;0;0;1
19/06/2022;17:48:04;410;Acidente com Danos Materiais;650;BR-262/MG;Leste;Colisão Transversal;1;9;0;0;0;0;1
19/06/2022;18:41:00;433;ac02 - Acidente com Vítima;106,8;BR-153/MG;Sul;Colisão Lateral;1;2;0;0;0;0;1
19/06/2022;19:41:00;457;ac02 - Acidente com Vítima;385;BR-262/MG;Leste;Colisão Traseira;1;1;0;0;1;0;2
19/06/2022;22:59:18;546;Acidente com Danos Materiais;614;BR-262/MG;Leste;Colisão Transversal;1;1;0;0;0;0;1
20/06/2022;07:30:33;87;Acidente com Danos Materiais;767,2;BR-262/MG;Leste;Saida de Pista;1;1;0;0;0;0;1
20/06/2022;12:32:00;203;ac02 - Acidente com Vítima;446,2;BR-262/MG;Oeste;Colisão Traseira;2;1;0;1;0;0;2
20/06/2022;23:55:39;423;Acidente com Danos Materiais;210;BR-153/MG;Sul;Tombamento;1;1;0;0;0;0;1
21/06/2022;00:59:00;7;ac02 - Acidente com Vítima;16,3;BR-153/MG;Norte;Saida de Pista;2;1;0;1;0;0;2
21/06/2022;08:41:42;156;Acidente com Danos Materiais;148,913;BR-153/MG;Norte;Saida de Pista;1;2;0;0;0;0;1
21/06/2022;10:30:12;206;Acidente com Danos Materiais;477;BR-262/MG;Oeste;Colisão Lateral;1;2;0;0;0;0;1
21/06/2022;21:36:59;493;Acidente com Danos Materiais;573;BR-262/MG;Leste;Saida de Pista;1;1;0;0;0;0;1
22/06/2022;07:26:44;103;Acidente com Danos Materiais;504;BR-153/GO;Norte;Colisão Traseira;1;1;0;0;0;0;1
22/06/2022;11:01:19;206;Acidente com Danos Materiais;175;BR-153/MG;Norte;Colisão Traseira;1;2;0;0;0;0;1
22/06/2022;11:39:00;224;ac02 - Acidente com Vítima;92;BR-153/MG;Sul;Tombamento;1;0;0;0;0;0;1
22/06/2022;14:45:23;292;ac02 - Acidente com Vítima;107;BR-060/GO;Norte;Engavetamento;1;3;0;0;0;0;1
22/06/2022;16:10:00;338;Acidente com Danos Materiais;17;BR-153/MG;Sul;Colisão Traseira;1;2;0;0;0;0;1
22/06/2022;20:12:18;416;Acidente com Danos Materiais;583,9;BR-153/GO;Sul;Tombamento;1;1;0;0;0;0;1
23/06/2022;00:34:10;8;Acidente com Danos Materiais;607;BR-153/GO;Sul;Colisão Traseira;1;3;0;0;0;0;1
23/06/2022;06:29:32;71;ac01 - Acidente com Vítima Fatal;797,1;BR-262/MG;Leste;Colisão Lateral;1;1;0;0;0;1;3
23/06/2022;09:03:00;123;Acidente com Danos Materiais;353;BR-262/MG;Oeste;Colisão Traseira;2;2;0;0;0;0;1
23/06/2022;13:59:37;238;ac02 - Acidente com Vítima;89,5;BR-060/GO;Sul;Colisão Lateral;1;2;0;0;0;0;1
23/06/2022;18:54:15;345;Acidente com Danos Materiais;412,2;BR-262/MG;Oeste;Colisão Lateral;1;2;0;0;0;0;1
23/06/2022;21:21:48;387;Acidente com Danos Materiais;658;BR-153/GO;Sul;Colisão Traseira;2;2;0;0;0;0;1
24/06/2022;11:18:29;255;ac02 - Acidente com Vítima;610;BR-153/GO;Sul;Colisão Traseira;2;1;0;0;0;0;1
24/06/2022;12:41:00;288;Acidente com Danos Materiais;502,5;BR-153/GO;Norte;Colisão Traseira;1;2;0;0;0;0;1
24/06/2022;13:56:07;321;ac02 - Acidente com Vítima;81,2;BR-153/MG;Norte;Saida de Pista;1;0;0;0;0;0;1
24/06/2022;21:44:00;483;Acidente com Danos Materiais;57;BR-153/MG;Sul;Colisão Lateral;2;2;0;0;0;0;1
25/06/2022;08:32:51;148;Acidente com Danos Materiais;788;BR-262/MG;Oeste;Colisão Traseira;1;11;0;0;0;0;1
25/06/2022;09:35:00;203;Acidente com Danos Materiais;443;BR-262/MG;Leste;Colisão Traseira;1;4;0;0;0;0;1
25/06/2022;22:22:00;646;Acidente com Danos Materiais;78;BR-060/GO;Sul;Saida de Pista;1;2;0;0;0;0;1
26/06/2022;00:11:17;5;Acidente com Danos Materiais;65;BR-153/MG;Norte;Queda de Moto;2;2;0;0;0;0;1
26/06/2022;14:58:34;357;Acidente com Danos Materiais;97;BR-060/GO;Sul;Colisão Traseira;1;2;0;0;0;0;1
26/06/2022;16:59:15;411;ac02 - Acidente com Vítima;531,7;BR-153/GO;Norte;Colisão Traseira;1;1;0;0;0;0;1
28/06/2022;07:33:29;98;ac02 - Acidente com Vítima;570,8;BR-262/MG;Oeste;Tombamento;1;0;0;0;0;0;1
28/06/2022;07:54:20;109;Acidente com Danos Materiais;804;BR-262/MG;Oeste;Colisão Transversal;1;3;0;0;0;0;1
28/06/2022;14:44:00;282;Acidente com Danos Materiais;539;BR-153/GO;Sul;Tombamento;1;1;0;0;0;0;1
28/06/2022;23:23:00;504;ac01 - Acidente com Vítima Fatal;381;BR-262/MG;Oeste;Tombamento;1;0;0;0;0;1;3
29/06/2022;06:34:00;91;Acidente com Danos Materiais;359,5;BR-262/MG;Leste;Colisão Lateral;2;1;0;0;0;0;1
29/06/2022;11:33:44;292;Acidente com Danos Materiais;383;BR-262/MG;Leste;Tombamento;1;1;0;0;0;0;1
29/06/2022;11:50:00;302;ac02 - Acidente com Vítima;361;BR-262/MG;Oeste;Colisão Traseira;1;1;0;0;0;0;1
29/06/2022;17:37:46;471;Acidente com Danos Materiais;786;BR-262/MG;Leste;Saida de Pista;1;1;0;0;0;0;1
29/06/2022;23:31:07;592;Acidente com Danos Materiais;463;BR-262/MG;Leste;Engavetamento;2;5;0;0;0;0;1
30/06/2022;05:54:47;93;Acidente com Danos Materiais;85,5;BR-153/MG;Norte;Saida de Pista;1;1;0;0;0;0;1
30/06/2022;12:45:25;337;Acidente com Danos Materiais;113;BR-060/GO;Norte;Colisão Traseira;1;1;0;0;0;0;1
30/06/2022;19:12:55;529;Acidente com Danos Materiais;703,5;BR-153/GO;Norte;Colisão Lateral;1;2;0;0;0;0;1
01/07/2022;01:03:05;28;Acidente com Danos Materiais;596;BR-153/GO;Norte;Tombamento;1;1;0;0;0;0;1
01/07/2022;05:08:00;53;Acidente com Danos Materiais;11;BR-060/GO;Norte;Colisão Lateral;1;4;0;0;0;0;1
01/07/2022;09:00:00;139;Acidente com Danos Materiais;840;BR-262/MG;Leste;Saida de Pista;1;3;0;0;0;0;1
01/07/2022;19:34:13;497;Acidente com Danos Materiais;67,1;BR-153/MG;Norte;Colisão Lateral;1;3;0;0;0;0;1
02/07/2022;16:34:49;345;Acidente com Danos Materiais;109,1;BR-153/MG;Norte;Colisão Lateral;2;2;0;0;0;0;1
03/07/2022;09:23:33;166;ac02 - Acidente com Vítima;7;BR-060/GO;Norte;Tombamento;1;0;0;0;0;0;1
03/07/2022;19:43:00;542;ac02 - Acidente com Vítima;21;BR-153/MG;Sul;Tombamento;1;2;0;0;0;0;1
04/07/2022;01:10:41;12;Acidente com Danos Materiais;765;BR-262/MG;Leste;Engavetamento;1;1;0;0;0;0;1
04/07/2022;10:33:36;180;ac01 - Acidente com Vítima Fatal;554;BR-153/GO;Norte;Tombamento;1;3;0;0;0;1;3
04/07/2022;13:13:57;249;Acidente com Danos Materiais;93;BR-060/GO;Norte;Colisão Lateral;1;1;0;0;0;0;1
04/07/2022;15:34:37;297;ac02 - Acidente com Vítima;156;BR-153/MG;Norte;Colisão Frontal;3;3;0;0;0;0;1
04/07/2022;22:25:21;483;Acidente com Danos Materiais;156;BR-153/MG;Norte;Colisão Transversal;2;2;0;0;0;0;1
05/07/2022;11:43:24;173;ac02 - Acidente com Vítima;596;BR-153/GO;Norte;Colisão Traseira;1;0;0;0;0;0;1
05/07/2022;15:54:00;272;Acidente com Danos Materiais;99;BR-060/GO;Sul;Choque - Defensa;1;1;0;0;0;0;1
05/07/2022;17:05:36;308;Acidente com Danos Materiais;794,1;BR-262/MG;Oeste;Saida de Pista;1;1;0;0;0;0;1
06/07/2022;08:38:43;157;Acidente com Danos Materiais;752;BR-262/MG;Leste;Colisão Traseira;1;1;0;0;0;0;1
06/07/2022;09:05:40;171;Acidente com Danos Materiais;132,1;BR-153/MG;Norte;Colisão Traseira;2;2;0;0;0;0;1
06/07/2022;19:09:13;538;Acidente com Danos Materiais;498,5;BR-153/GO;Sul;Colisão Traseira;1;1;0;0;0;0;1
06/07/2022;20:57:24;582;ac02 - Acidente com Vítima;789;BR-262/MG;Oeste;Saida de Pista;2;1;0;0;1;0;2
07/07/2022;08:41:12;160;Acidente com Danos Materiais;486;BR-262/MG;Leste;Engavetamento;2;3;0;0;0;0;1
07/07/2022;13:30:53;335;Acidente com Danos Materiais;152;BR-153/MG;Norte;Choque - Outros;1;1;0;0;0;0;1
07/07/2022;16:16:00;437;Acidente com Danos Materiais;665;BR-153/GO;Sul;Saida de Pista;1;1;0;0;0;0;1
07/07/2022;16:58:39;468;Acidente com Danos Materiais;691;BR-262/MG;Leste;Engavetamento;1;3;0;0;0;0;1
07/07/2022;17:04:46;474;ac02 - Acidente com Vítima;880;BR-262/MG;Leste;Tombamento;1;0;0;1;0;0;2
07/07/2022;17:20:07;487;ac02 - Acidente com Vítima;478;BR-262/MG;Leste;Atropelamento - Andarilho;1;1;0;0;1;0;2
07/07/2022;21:59:16;577;Acidente com Danos Materiais;608;BR-153/GO;Sul;Colisão Traseira;1;1;0;0;0;0;1
08/07/2022;05:26:15;61;Acidente com Danos Materiais;524;BR-262/MG;Leste;Colisão Lateral;1;2;0;0;0;0;1
08/07/2022;18:37:33;583;Acidente com Danos Materiais;354;BR-262/MG;Leste;Colisão Traseira;1;2;0;0;0;0;1
08/07/2022;22:36:38;672;Acidente com Danos Materiais;28;BR-153/MG;Norte;Tombamento;1;1;0;0;0;0;1
09/07/2022;05:10:00;48;ac02 - Acidente com Vítima;638,2;BR-262/MG;Oeste;Saida de Pista;1;0;0;2;0;0;2
09/07/2022;19:26:01;315;ac02 - Acidente com Vítima;665;BR-153/GO;Sul;Colisão Traseira;2;1;0;0;0;0;1
10/07/2022;14:52:34;302;Acidente com Danos Materiais;515,6;BR-262/MG;Leste;Saida de Pista;1;2;0;0;0;0;1
11/07/2022;05:23:21;108;ac02 - Acidente com Vítima;795;BR-262/MG;Oeste;Colisão Lateral;1;1;0;0;0;0;1
11/07/2022;17:51:50;529;Acidente com Danos Materiais;507;BR-153/GO;Sul;Colisão Lateral;1;2;0;0;0;0;1
12/07/2022;07:58:44;148;Acidente com Danos Materiais;553;BR-262/MG;Oeste;Tombamento;1;1;0;0;0;0;1
12/07/2022;10:00:02;214;Acidente com Danos Materiais;500,3;BR-153/GO;Sul;Colisão Traseira;1;2;0;0;0;0;1
12/07/2022;10:14:35;230;Acidente com Danos Materiais;139;BR-153/MG;Norte;Tombamento;1;1;0;0;0;0;1
12/07/2022;11:26:03;288;Acidente com Danos Materiais;52;BR-153/MG;Norte;Tombamento;1;1;0;0;0;0;1
12/07/2022;13:48:04;338;Acidente com Danos Materiais;365;BR-262/MG;Oeste;Tombamento;1;1;0;0;0;0;1