data;horario;n_da_ocorrencia;tipo_de_ocorrencia;km;trecho;sentido;tipo_de_acidente;caminhao;ilesos;levemente_feridos;moderadamente_feridos;gravemente_feridos;mortos;3
13/07/2022;19:53:05;377;Acidente com Danos Materiais;508;BR-153/GO;Sul;Colisão Traseira;1;2;0;0;0;0;1
14/07/2022;09:21:51;254;Acidente com Danos Materiais;508;BR-153/GO;Norte;Colisão Lateral;1;2;0;0;0;0;1
14/07/2022;13:17:19;382;Acidente com Danos Materiais;557;BR-153/GO;Norte;Saida de Pista;1;1;0;0;0;0;1
14/07/2022;15:40:31;463;Acidente com Danos Materiais;134;BR-060/GO;Norte;Colisão Traseira;2;2;0;0;0;0;1
15/07/2022;05:09:35;101;Acidente com Danos Materiais;516;BR-153/GO;Norte;Colisão Traseira;2;2;0;0;0;0;1
15/07/2022;06:35:34;115;Acidente com Danos Materiais;508;BR-153/GO;Sul;Tombamento;1;1;0;0;0;0;1
15/07/2022;06:46:00;118;Acidente com Danos Materiais;12;BR-060/GO;Norte;Objeto lançado contra veículo;2;1;0;0;0;0;1
15/07/2022;11:38:00;437;ac01 - Acidente com Vítima Fatal;354;BR-262/MG;Leste;Colisão Frontal;2;0;0;0;0;2;3
15/07/2022;16:09:00;643;Acidente com Danos Materiais;501;BR-262/MG;Leste;Tombamento;1;1;0;0;0;0;1
17/07/2022;11:06:46;205;Acidente com Danos Materiais;619;BR-153/GO;Norte;Colisão Lateral;2;3;0;0;0;0;1
17/07/2022;11:48:00;241;Acidente com Danos Materiais;553;BR-262/MG;Oeste;Colisão Traseira;2;8;0;0;0;0;1
18/07/2022;05:12:34;69;ac02 - Acidente com Vítima;746,5;BR-262/MG;Leste;Saida de Pista;1;0;0;0;0;0;1
18/07/2022;07:43:02;104;Acidente com Danos Materiais;357,2;BR-262/MG;Oeste;Colisão Traseira;1;15;0;0;0;0;1
18/07/2022;16:50:30;323;Acidente com Danos Materiais;92;BR-060/GO;Sul;Colisão Lateral;1;2;0;0;0;0;1
19/07/2022;08:46:09;204;Acidente com Danos Materiais;508;BR-153/GO;Norte;Colisão Traseira;1;2;0;0;0;0;1
19/07/2022;09:27:40;259;Acidente com Danos Materiais;538;BR-262/MG;Leste;Colisão Traseira;1;1;0;0;0;0;1
19/07/2022;15:33:16;595;Acidente com Danos Materiais;426;BR-262/MG;Leste;Colisão Traseira;1;4;0;0;0;0;1
19/07/2022;18:19:48;747;Acidente com Danos Materiais;510;BR-153/GO;Norte;Colisão Traseira;1;2;0;0;0;0;1
20/07/2022;03:09:47;61;Acidente com Danos Materiais;74;BR-153/MG;Norte;Colisão Lateral;2;3;0;0;0;0;1
20/07/2022;05:05:00;84;Acidente com Danos Materiais;368;BR-262/MG;Leste;Tombamento;1;1;0;0;0;0;1
20/07/2022;06:22:09;94;Acidente com Danos Materiais;910;BR-262/MG;Leste;Tombamento;1;4;0;0;0;0;1
20/07/2022;06:26:20;95;Acidente com Danos Materiais;508;BR-153/GO;Norte;Colisão Traseira;1;1;0;0;0;0;1
20/07/2022;07:18:06;126;ac02 - Acidente com Vítima;507;BR-153/GO;Sul;Engavetamento;1;1;0;0;0;0;1
20/07/2022;08:47:00;235;ac01 - Acidente com Vítima Fatal;553;BR-262/MG;Leste;Colisão Traseira;1;0;0;0;0;1;3
20/07/2022;09:39:10;326;Acidente com Danos Materiais;552;BR-262/MG;Leste;Colisão Lateral;1;1;0;0;0;0;1
20/07/2022;09:45:33;338;Acidente com Danos Materiais;508;BR-153/GO;Norte;Colisão Lateral;1;2;0;0;0;0;1
20/07/2022;16:24:53;709;Acidente com Danos Materiais;39;BR-153/MG;Norte;Tombamento;1;1;0;0;0;0;1
20/07/2022;16:27:28;713;Acidente com Danos Materiais;134;BR-153/MG;Norte;Colisão Lateral;1;1;0;0;0;0;1
21/07/2022;08:25:07;119;Acidente com Danos Materiais;779,1;BR-262/MG;Leste;Colisão Lateral;3;3;0;0;0;0;1
21/07/2022;19:08:05;449;ac01 - Acidente com Vítima Fatal;759,9;BR-262/MG;Leste;Atropelamento - Andarilho;1;0;0;0;0;1;3
22/07/2022;06:35:17;139;Acidente com Danos Materiais;363,1;BR-262/MG;Leste;Colisão Lateral;1;2;0;0;0;0;1
22/07/2022;09:13:01;210;Acidente com Danos Materiais;190,1;BR-153/MG;Norte;Saida de Pista;1;1;0;0;0;0;1
22/07/2022;20:14:18;506;Acidente com Danos Materiais;495;BR-153/GO;Sul;Colisão Traseira;1;2;0;0;0;0;1
22/07/2022;20:54:03;533;Acidente com Danos Materiais;483;BR-262/MG;Leste;Tombamento;2;2;0;0;0;0;1
23/07/2022;04:19:34;136;Acidente com Danos Materiais;445,8;BR-262/MG;Leste;Colisão Frontal;2;3;0;0;0;0;1
23/07/2022;05:44:47;171;Acidente com Danos Materiais;12,5;BR-153/MG;Norte;Saida de Pista;1;2;0;0;0;0;1
23/07/2022;08:52:00;274;Acidente com Danos Materiais;66;BR-153/MG;Norte;Engavetamento;3;3;0;0;0;0;1
23/07/2022;12:01:00;486;ac02 - Acidente com Vítima;461;BR-262/MG;Oeste;Colisão Traseira;1;1;0;0;0;0;1
23/07/2022;15:14:11;620;Acidente com Danos Materiais;541;BR-262/MG;Leste;Colisão Traseira;1;6;0;0;0;0;1
24/07/2022;05:57:31;52;Acidente com Danos Materiais;635,9;BR-153/GO;Sul;Tombamento;2;1;0;0;0;0;1
24/07/2022;06:43:59;58;ac01 - Acidente com Vítima Fatal;456;BR-262/MG;Leste;Colisão Traseira;3;2;0;0;0;1;3
24/07/2022;11:13:00;355;Acidente com Danos Materiais;835,3;BR-262/MG;Oeste;Colisão Transversal;1;4;0;0;0;0;1
25/07/2022;02:56:00;49;Acidente com Danos Materiais;551;BR-153/GO;Norte;Tombamento;1;1;0;0;0;0;1
25/07/2022;10:17:39;152;Acidente com Danos Materiais;562;BR-153/GO;Norte;Colisão Traseira;1;1;0;0;0;0;1
25/07/2022;14:11:00;231;Acidente com Danos Materiais;565;BR-153/GO;Sul;Colisão Traseira;1;1;0;0;0;0;1
25/07/2022;20:52:00;390;Acidente com Danos Materiais;59;BR-153/MG;Norte;Colisão Traseira;2;2;0;0;0;0;1
25/07/2022;22:03:10;417;Acidente com Danos Materiais;575;BR-262/MG;Leste;Atropelamento de Animal;1;1;0;0;0;0;1
26/07/2022;07:44:19;137;ac02 - Acidente com Vítima;804,1;BR-262/MG;Leste;Colisão Traseira;3;2;0;0;0;0;1
26/07/2022;08:57:46;164;Acidente com Danos Materiais;494;BR-153/GO;Norte;Colisão Traseira;2;7;0;0;0;0;1
27/07/2022;07:58:47;204;Acidente com Danos Materiais;508;BR-153/GO;Sul;Colisão Lateral;1;1;0;0;0;0;1
27/07/2022;11:19:18;406;Acidente com Danos Materiais;780;BR-262/MG;Oeste;Engavetamento;2;3;0;0;0;0;1
27/07/2022;17:18:39;661;Acidente com Danos Materiais;508;BR-153/GO;Norte;Colisão Traseira;1;2;0;0;0;0;1
27/07/2022;17:20:30;664;Acidente com Danos Materiais;57;BR-153/MG;Sul;Colisão Traseira;2;3;0;0;0;0;1
27/07/2022;17:46:52;674;Acidente com Danos Materiais;353;BR-262/MG;Leste;Colisão Traseira;1;5;0;0;0;0;1
28/07/2022;07:50:20;102;Acidente com Danos Materiais;507,8;BR-153/GO;Sul;Colisão Lateral;1;2;0;0;0;0;1
28/07/2022;17:00:57;770;Acidente com Danos Materiais;171;BR-153/MG;Norte;Colisão Traseira;2;3;0;0;0;0;1
29/07/2022;00:08:00;2;Acidente com Danos Materiais;83;BR-060/GO;Sul;Tombamento;1;1;0;0;0;0;1
29/07/2022;05:32:00;45;ac02 - Acidente com Vítima;60,8;BR-060/GO;Sul;Colisão Traseira;2;1;0;0;0;0;1
29/07/2022;08:42:46;111;Acidente com Danos Materiais;678;BR-262/MG;Leste;Colisão Traseira;1;6;0;0;0;0;1
29/07/2022;09:50:00;153;ac02 - Acidente com Vítima;494,9;BR-153/GO;Sul;Colisão Traseira;2;1;0;0;1;0;2
30/07/2022;00:54:07;26;ac02 - Acidente com Vítima;354;BR-262/MG;Leste;Colisão Frontal;1;1;0;0;1;0;2
30/07/2022;11:54:15;302;ac01 - Acidente com Vítima Fatal;591,05;BR-153/GO;Sul;Tombamento;1;0;0;0;0;1;3
30/07/2022;20:31:16;513;ac01 - Acidente com Vítima Fatal;56;BR-153/MG;Sul;Colisão Lateral;1;0;0;0;0;1;3
31/07/2022;09:49:29;198;Acidente com Danos Materiais;635;BR-153/GO;Sul;Colisão Lateral;1;2;0;0;0;0;1
31/07/2022;16:52:59;463;Acidente com Danos Materiais;396;BR-262/MG;Leste;Colisão Lateral;1;3;0;0;0;0;1
31/07/2022;19:17:39;531;Acidente com Danos Materiais;1;BR-153/MG;Norte;Saida de Pista;1;1;0;0;0;0;1
31/07/2022;21:56:54;590;ac02 - Acidente com Vítima;587;BR-262/MG;Leste;Tombamento;1;0;0;0;1;0;2
31/07/2022;22:01:00;594;Acidente com Danos Materiais;825,5;BR-262/MG;Leste;Saida de Pista;1;1;0;0;0;0;1
01/08/2022;00:29:59;10;Acidente com Danos Materiais;520;BR-153/GO;Norte;Atropelamento de Animal;1;1;0;0;0;0;1
01/08/2022;11:03:42;287;ac02 - Acidente com Vítima;240;BR-153/MG;Norte;Colisão Lateral;2;4;0;0;0;0;1
01/08/2022;14:33:04;402;Acidente com Danos Materiais;836;BR-262/MG;Oeste;Tombamento;1;1;0;0;0;0;1
01/08/2022;16:05:00;482;Acidente com Danos Materiais;493,5;BR-153/GO;Norte;Choque - Defensa;1;1;0;0;0;0;1
01/08/2022;17:55:13;593;Acidente com Danos Materiais;77;BR-153/MG;Norte;Engavetamento;3;3;0;0;0;0;1
01/08/2022;18:30:00;605;Acidente com Danos Materiais;503;BR-153/GO;Sul;Colisão Traseira;1;1;0;0;0;0;1
02/08/2022;17:24:49;429;ac02 - Acidente com Vítima;83,1;BR-153/MG;Sul;Capotamento;1;1;0;0;0;0;1
03/08/2022;14:30:52;291;Acidente com Danos Materiais;587;BR-262/MG;Oeste;Carreta deu L;2;3;0;0;0;0;1
04/08/2022;00:20:00;5;Acidente com Danos Materiais;553;BR-262/MG;Leste;Colisão Traseira;2;2;0;0;0;0;1
04/08/2022;03:45:38;43;Acidente com Danos Materiais;121,9;BR-153/MG;Norte;Saida de Pista;1;1;0;0;0;0;1
04/08/2022;04:45:44;51;Acidente com Danos Materiais;568;BR-153/GO;Sul;Tombamento;1;1;0;0;0;0;1
04/08/2022;14:50:44;412;Acidente com Danos Materiais;508;BR-153/GO;Norte;Colisão Lateral;1;1;0;0;0;0;1
05/08/2022;17:11:03;448;ac02 - Acidente com Vítima;128;BR-153/MG;Sul;Colisão Traseira;2;1;0;1;0;0;2
05/08/2022;19:18:24;509;Acidente com Danos Materiais;507;BR-153/GO;Sul;Colisão Traseira;1;1;0;0;0;0;1
05/08/2022;20:40:07;536;Acidente com Danos Materiais;27;BR-153/MG;Norte;Colisão Traseira;2;2;0;0;0;0;1
05/08/2022;22:45:00;566;Acidente com Danos Materiais;37,5;BR-060/GO;Norte;Saida de Pista;1;1;0;0;0;0;1
06/08/2022;07:03:00;64;Acidente com Danos Materiais;446;BR-262/MG;Leste;Saida de Pista;1;1;0;0;0;0;1
06/08/2022;08:31:33;106;Acidente com Danos Materiais;33,1;BR-153/MG;Norte;Colisão Lateral;4;3;0;0;0;0;1
06/08/2022;12:03:00;220;Acidente com Danos Materiais;354,5;BR-262/MG;Leste;Choque - Veiculo parado na pista;1;1;0;0;0;0;1
06/08/2022;12:43:32;239;Acidente com Danos Materiais;496;BR-153/GO;Norte;Saida de Pista;1;1;0;0;0;0;1
06/08/2022;12:59:51;248;ac02 - Acidente com Vítima;28,4;BR-153/MG;Norte;Colisão Traseira;2;0;0;0;0;0;1
06/08/2022;14:12:57;271;Acidente com Danos Materiais;364,1;BR-262/MG;Leste;Choque - Outros;1;1;0;0;0;0;1
07/08/2022;03:20:32;65;ac02 - Acidente com Vítima;98;BR-153/MG;Norte;Tombamento;1;0;0;0;0;0;1
07/08/2022;15:33:49;335;Acidente com Danos Materiais;129,1;BR-153/MG;Norte;Capotamento;2;2;0;0;0;0;1
07/08/2022;22:51:00;506;Acidente com Danos Materiais;380;BR-262/MG;Oeste;Tombamento;1;1;0;0;0;0;1
08/08/2022;06:23:00;102;ac02 - Acidente com Vítima;537;BR-262/MG;Leste;Colisão Traseira;2;1;0;1;0;0;2
08/08/2022;09:58:30;207;ac02 - Acidente com Vítima;628;BR-153/GO;Norte;Tombamento;4;1;0;0;0;0;1
09/08/2022;10:55:56;245;Acidente com Danos Materiais;9;BR-153/MG;Norte;Colisão Lateral;1;1;0;0;0;0;1
09/08/2022;14:45:48;346;ac02 - Acidente com Vítima;664;BR-262/MG;Oeste;Colisão Traseira;1;1;0;0;0;0;1
09/08/2022;15:08:00;355;Acidente com Danos Materiais;501;BR-153/GO;Sul;Colisão Traseira;1;1;0;0;0;0;1
09/08/2022;18:33:10;459;Acidente com Danos Materiais;508;BR-153/GO;Sul;Colisão Lateral;1;2;0;0;0;0;1
09/08/2022;19:00:34;468;Acidente com Danos Materiais;508;BR-153/GO;Norte;Colisão Lateral;1;2;0;0;0;0;1
09/08/2022;20:51:00;510;ac02 - Acidente com Vítima;547;BR-262/MG;Leste;Tombamento;1;1;0;0;0;0;1
10/08/2022;00:04:13;3;ac01 - Acidente com Vítima Fatal;362;BR-262/MG;Oeste;Colisão Traseira;1;1;0;0;0;1;3
10/08/2022;05:43:00;52;Acidente com Danos Materiais;610,85;BR-262/MG;Oeste;Engavetamento;6;6;0;0;0;0;1
10/08/2022;14:35:00;225;ac02 - Acidente com Vítima;496;BR-153/GO;Norte;Colisão Traseira;2;1;0;0;0;0;1
10/08/2022;15:28:00;239;Acidente com Danos Materiais;800,05;BR-262/MG;Leste;Tombamento;1;1;0;0;0;0;1
10/08/2022;17:06:28;273;Acidente com Danos Materiais;598;BR-262/MG;Leste;Colisão Lateral;2;2;0;0;0;0;1
10/08/2022;21:58:48;385;ac02 - Acidente com Vítima;508;BR-153/GO;Sul;Colisão Traseira;1;0;0;0;0;0;1
11/08/2022;07:26:19;125;ac02 - Acidente com Vítima;94;BR-153/MG;Norte;Tombamento;1;0;0;1;0;0;2
11/08/2022;07:47:10;133;Acidente com Danos Materiais;502,8;BR-153/GO;Sul;Colisão Lateral;1;2;0;0;0;0;1
11/08/2022;10:17:23;183;Acidente com Danos Materiais;620,5;BR-262/MG;Leste;Engavetamento;3;3;0;0;0;0;1
11/08/2022;14:21:19;265;Acidente com Danos Materiais;493;BR-153/GO;Norte;Colisão Traseira;1;1;0;0;0;0;1
12/08/2022;10:14:56;236;Acidente com Danos Materiais;639;BR-262/MG;Leste;Tombamento;1;1;0;0;0;0;1
12/08/2022;13:13:51;314;Acidente com Danos Materiais;497;BR-153/GO;Norte;Colisão Lateral;1;2;0;0;0;0;1
12/08/2022;15:41:11;394;Acidente com Danos Materiais;507;BR-153/GO;Norte;Colisão Lateral;1;2;0;0;0;0;1
13/08/2022;01:52:16;22;ac01 - Acidente com Vítima Fatal;56;BR-153/MG;Norte;Colisão Frontal;2;2;0;0;0;1;3
13/08/2022;12:05:09;328;Acidente com Danos Materiais;354;BR-262/MG;Oeste;Colisão Lateral;1;2;0;0;0;0;1
13/08/2022;12:55:00;352;Acidente com Danos Materiais;497;BR-153/GO;Norte;Colisão Lateral;1;2;0;0;0;0;1
14/08/2022;11:10:00;154;Acidente com Danos Materiais;436;BR-262/MG;Leste;Colisão Lateral;1;2;0;0;0;0;1
14/08/2022;11:33:19;163;Acidente com Danos Materiais;537;BR-153/GO;Norte;Saida de Pista;1;2;0;0;0;0;1
14/08/2022;18:53:49;320;Acidente com Danos Materiais;625;BR-153/GO;Norte;Colisão Frontal;1;1;0;0;0;0;1
15/08/2022;14:51:19;312;Acidente com Danos Materiais;135;BR-060/GO;Sul;Colisão Traseira;2;2;0;0;0;0;1
15/08/2022;18:38:12;394;Acidente com Danos Materiais;388;BR-262/MG;Leste;Colisão Traseira;1;2;0;0;0;0;1
16/08/2022;00:55:46;20;Acidente com Danos Materiais;512;BR-262/MG;Leste;Colisão Lateral;2;2;0;0;0;0;1
16/08/2022;05:37:29;95;Acidente com Danos Materiais;12,2;BR-060/GO;Norte;Tombamento;1;1;0;0;0;0;1
16/08/2022;07:02:46;127;Acidente com Danos Materiais;107,9;BR-060/GO;Norte;Colisão Traseira;1;2;0;0;0;0;1
16/08/2022;07:42:11;163;Acidente com Danos Materiais;785;BR-262/MG;Leste;Colisão Lateral;2;2;0;0;0;0;1
16/08/2022;12:33:23;367;Acidente com Danos Materiais;586;BR-262/MG;Oeste;Saida de Pista;1;2;0;0;0;0;1
17/08/2022;04:54:24;39;Acidente com Danos Materiais;913;BR-262/MG;Leste;Tombamento;1;1;0;0;0;0;1
17/08/2022;14:46:48;443;Acidente com Danos Materiais;496;BR-153/GO;Norte;Engavetamento;1;4;0;0;0;0;1
17/08/2022;16:16:32;518;Acidente com Danos Materiais;508;BR-153/GO;Norte;Colisão Traseira;1;2;0;0;0;0;1
18/08/2022;02:21:09;14;Acidente com Danos Materiais;608;BR-262/MG;Leste;Saida de Pista;1;1;0;0;0;0;1
18/08/2022;07:04:00;50;Acidente com Danos Materiais;507;BR-153/GO;Sul;Colisão Lateral;1;2;0;0;0;0;1
18/08/2022;17:08:58;386;Acidente com Danos Materiais;436,2;BR-262/MG;Leste;Colisão Lateral;1;2;0;0;0;0;1
18/08/2022;17:30:53;397;Acidente com Danos Materiais;508;BR-153/GO;Sul;Colisão Lateral;1;2;0;0;0;0;1
19/08/2022;04:26:50;46;Acidente com Danos Materiais;14;BR-060/GO;Norte;Colisão Frontal;1;1;0;0;0;0;1
19/08/2022;09:06:10;154;Acidente com Danos Materiais;503;BR-153/GO;Sul;Colisão Lateral;1;2;0;0;0;0;1
19/08/2022;11:28:46;233;Acidente com Danos Materiais;497;BR-153/GO;Sul;Colisão Traseira;1;2;0;0;0;0;1
19/08/2022;20:08:00;432;Acidente com Danos Materiais;567;BR-262/MG;Oeste;Colisão Transversal;1;2;0;0;0;0;1
20/08/2022;00:41:23;14;Acidente com Danos Materiais;575;BR-262/MG;Leste;Colisão Frontal;1;1;0;0;0;0;1
20/08/2022;18:12:23;459;Acidente com Danos Materiais;21;BR-153/MG;Norte;Queda de Moto;1;1;0;0;0;0;1
20/08/2022;19:15:27;479;Acidente com Danos Materiais;698;BR-153/GO;Sul;Colisão Lateral;1;6;0;0;0;0;1
20/08/2022;20:05:00;498;ac01 - Acidente com Vítima Fatal;241;BR-153/MG;Sul;Colisão Frontal;1;1;0;0;0;1;3
21/08/2022;07:03:41;59;ac02 - Acidente com Vítima;66,1;BR-153/MG;Norte;Colisão Frontal;3;1;0;0;0;0;1
21/08/2022;21:21:12;498;Acidente com Danos Materiais;779;BR-262/MG;Leste;Colisão Traseira;1;1;0;0;0;0;1
22/08/2022;08:25:03;73;Acidente com Danos Materiais;353;BR-262/MG;Leste;Colisão Traseira;1;3;0;0;0;0;1
22/08/2022;08:51:44;84;Acidente com Danos Materiais;599,9;BR-262/MG;Oeste;Colisão Traseira;1;2;0;0;0;0;1
23/08/2022;13:32:19;245;Acidente com Danos Materiais;210,5;BR-153/MG;Norte;Saida de Pista;1;1;0;0;0;0;1
23/08/2022;15:48:26;318;Acidente com Danos Materiais;197;BR-153/MG;Norte;Tombamento;1;1;0;0;0;0;1
24/08/2022;18:34:02;709;Acidente com Danos Materiais;117;BR-153/MG;Norte;Colisão Traseira;1;3;0;0;0;0;1
25/08/2022;09:25:11;232;Acidente com Danos Materiais;554;BR-262/MG;Oeste;Tombamento;1;1;0;0;0;0;1
25/08/2022;12:41:00;367;Acidente com Danos Materiais;707;BR-262/MG;Oeste;Colisão Lateral;1;2;0;0;0;0;1
25/08/2022;15:13:38;458;ac02 - Acidente com Vítima;553;BR-153/GO;Norte;Choque - Cabine de Pedágio;3;2;0;0;0;0;1
25/08/2022;15:54:33;489;Acidente com Danos Materiais;800;BR-262/MG;Leste;Colisão Traseira;1;2;0;0;0;0;1
25/08/2022;17:20:52;567;Acidente com Danos Materiais;356;BR-262/MG;Leste;Colisão Lateral;1;2;0;0;0;0;1
25/08/2022;19:06:15;613;ac02 - Acidente com Vítima;109;BR-060/GO;Norte;Colisão Traseira;1;1;0;0;1;0;2
25/08/2022;21:26:31;676;Acidente com Danos Materiais;372;BR-262/MG;Leste;Colisão Traseira;2;2;0;0;0;0;1
26/08/2022;08:05:15;103;Acidente com Danos Materiais;696;BR-262/MG;Oeste;Engavetamento;1;5;0;0;0;0;1
26/08/2022;08:57:13;134;Acidente com Danos Materiais;508;BR-153/GO;Sul;Colisão Lateral;1;2;0;0;0;0;1
26/08/2022;11:21:08;208;Acidente com Danos Materiais;685;BR-153/GO;Norte;Colisão Traseira;1;4;0;0;0;0;1
26/08/2022;18:41:25;420;Acidente com Danos Materiais;92;BR-060/GO;Sul;Colisão Traseira;1;1;0;0;0;0;1
26/08/2022;23:57:50;540;Acidente com Danos Materiais;58,2;BR-153/MG;Norte;Saida de Pista;1;1;0;0;0;0;1
27/08/2022;07:39:11;70;Acidente com Danos Materiais;33;BR-153/MG;Norte;Colisão Lateral;1;3;0;0;0;0;1
27/08/2022;17:07:58;373;Acidente com Danos Materiais;448;BR-262/MG;Leste;Choque - Outros;2;2;0;0;0;0;1
28/08/2022;04:52:31;51;Acidente com Danos Materiais;801,8;BR-262/MG;Leste;Atropelamento de Animal;1;2;0;0;0;0;1
28/08/2022;07:20:00;149;ac01 - Acidente com Vítima Fatal;367;BR-262/MG;Leste;Colisão Traseira;1;1;0;0;0;1;3
28/08/2022;13:19:00;506;Acidente com Danos Materiais;555;BR-262/MG;Oeste;Saida de Pista;1;1;0;0;0;0;1
29/08/2022;12:05:25;321;Acidente com Danos Materiais;779;BR-262/MG;Leste;Colisão Lateral;1;2;0;0;0;0;1
29/08/2022;14:15:54;386;Acidente com Danos Materiais;512;BR-153/GO;Norte;Choque - Veiculo parado na pista;1;1;0;0;0;0;1
29/08/2022;15:23:23;432;Acidente com Danos Materiais;676;BR-153/GO;Norte;Saida de Pista;1;1;0;0;0;0;1
29/08/2022;16:41:34;470;ac02 - Acidente com Vítima;781;BR-262/MG;Oeste;Tombamento;1;0;0;0;0;0;1
31/08/2022;09:34:24;245;Acidente com Danos Materiais;508,2;BR-153/GO;Sul;Colisão Traseira;1;2;0;0;0;0;1
01/09/2022;15:33:14;472;Acidente com Danos Materiais;508;BR-153/GO;Norte;Colisão Lateral;1;2;0;0;0;0;1
01/09/2022;16:42:27;543;Acidente com Danos Materiais;480;BR-262/MG;Oeste;Colisão Traseira;2;2;0;0;0;0;1
01/09/2022;17:45:17;626;Acidente com Danos Materiais;436;BR-262/MG;Leste;Capotamento;1;2;0;0;0;0;1
02/09/2022;05:27:17;53;ac02 - Acidente com Vítima;700;BR-153/GO;Norte;Colisão Traseira;2;1;0;0;0;0;1
02/09/2022;06:27:00;60;Acidente com Danos Materiais;745;BR-262/MG;Leste;Tombamento;1;1;0;0;0;0;1
02/09/2022;06:46:34;68;Acidente com Danos Materiais;765;BR-262/MG;Leste;Tombamento;1;1;0;0;0;0;1
02/09/2022;08:43:47;166;Acidente com Danos Materiais;505;BR-153/GO;Sul;Colisão Lateral;1;2;0;0;0;0;1
02/09/2022;09:08:06;179;Acidente com Danos Materiais;508;BR-153/GO;Sul;Colisão Lateral;1;2;0;0;0;0;1
02/09/2022;11:14:30;301;Acidente com Danos Materiais;508;BR-153/GO;Sul;Colisão Lateral;1;2;0;0;0;0;1
02/09/2022;18:50:21;657;ac02 - Acidente com Vítima;95;BR-060/GO;Sul;Engavetamento;1;0;0;1;0;0;2
02/09/2022;19:00:00;661;Acidente com Danos Materiais;5;BR-153/MG;Sul;Engavetamento;3;3;0;0;0;0;1
03/09/2022;18:01:09;471;Acidente com Danos Materiais;713;BR-262/MG;Leste;Colisão Frontal;1;1;0;0;0;0;1
03/09/2022;23:06:00;803;ac01 - Acidente com Vítima Fatal;493;BR-262/MG;Oeste;Colisão Frontal;2;0;0;0;1;3;3
04/09/2022;07:40:49;75;ac02 - Acidente com Vítima;128,9;BR-153/MG;Norte;Colisão Lateral;1;1;0;0;0;0;1
04/09/2022;13:36:49;260;ac02 - Acidente com Vítima;148;BR-153/MG;Norte;Tombamento;1;1;0;1;0;0;2
04/09/2022;21:57:11;484;Acidente com Danos Materiais;122;BR-060/GO;Sul;Colisão Lateral;2;2;0;0;0;0;1
05/09/2022;15:31:53;490;Acidente com Danos Materiais;555;BR-262/MG;Oeste;Tombamento;1;1;0;0;0;0;1
05/09/2022;17:29:11;592;Acidente com Danos Materiais;508;BR-153/GO;Sul;Colisão Lateral;1;2;0;0;0;0;1
06/09/2022;09:47:00;286;Acidente com Danos Materiais;502;BR-153/GO;Sul;Colisão Lateral;1;2;0;0;0;0;1
06/09/2022;17:39:59;724;Acidente com Danos Materiais;646;BR-153/GO;Norte;Saida de Pista;1;1;0;0;0;0;1
07/09/2022;04:32:00;58;Acidente com Danos Materiais;364;BR-262/MG;Oeste;Saida de Pista;1;1;0;0;0;0;1
07/09/2022;17:01:17;405;Acidente com Danos Materiais;603,6;BR-153/GO;Norte;Colisão Traseira;2;2;0;0;0;0;1
07/09/2022;19:29:21;488;Acidente com Danos Materiais;100;BR-060/GO;Norte;Colisão Traseira;1;2;0;0;0;0;1
08/09/2022;12:24:04;254;Acidente com Danos Materiais;510;BR-153/GO;Sul;Colisão Lateral;1;2;0;0;0;0;1
08/09/2022;14:08:13;295;Acidente com Danos Materiais;510,65;BR-262/MG;Leste;Tombamento;1;1;0;0;0;0;1
08/09/2022;15:02:51;314;Acidente com Danos Materiais;782;BR-262/MG;Oeste;Saida de Pista;1;2;0;0;0;0;1
08/09/2022;16:55:00;349;ac02 - Acidente com Vítima;109,6;BR-060/GO;Sul;Colisão Traseira;1;1;0;2;0;0;2
08/09/2022;17:04:04;352;Acidente com Danos Materiais;493;BR-153/GO;Norte;Colisão Traseira;1;2;0;0;0;0;1
09/09/2022;05:27:00;91;ac02 - Acidente com Vítima;511;BR-153/GO;Sul;Colisão Traseira;2;1;0;2;0;0;2
09/09/2022;08:13:59;162;Acidente com Danos Materiais;773;BR-262/MG;Leste;Colisão Lateral;1;2;0;0;0;0;1
09/09/2022;12:41:42;352;ac02 - Acidente com Vítima;74;BR-060/GO;Norte;Engavetamento;1;2;0;0;0;0;1
09/09/2022;16:32:21;582;Acidente com Danos Materiais;115;BR-153/MG;Norte;Colisão Traseira;1;3;0;0;0;0;1
09/09/2022;23:41:00;905;Acidente com Danos Materiais;552;BR-262/MG;Oeste;Saida de Pista;1;1;0;0;0;0;1
10/09/2022;00:28:00;6;ac02 - Acidente com Vítima;452;BR-262/MG;Leste;Colisão Lateral;1;2;0;0;1;0;2
10/09/2022;13:23:55;422;Acidente com Danos Materiais;399;BR-262/MG;Leste;Choque- Placa/Suporte Sinalização;1;1;0;0;0;0;1
11/09/2022;08:53:29;111;Acidente com Danos Materiais;418;BR-262/MG;Oeste;Saida de Pista;1;1;0;0;0;0;1
11/09/2022;14:01:00;248;ac02 - Acidente com Vítima;491,8;BR-262/MG;Leste;Colisão Transversal;1;1;0;0;0;0;1