data;horario;n_da_ocorrencia;tipo_de_ocorrencia;km;trecho;sentido;tipo_de_acidente;caminhao;ilesos;levemente_feridos;moderadamente_feridos;gravemente_feridos;mortos;3
11/09/2022;17:07:11;307;Acidente com Danos Materiais;508,1;BR-153/GO;Norte;Colisão Lateral;1;2;0;0;0;0;1
11/09/2022;18:16:32;334;ac02 - Acidente com Vítima;471;BR-262/MG;Leste;Capotamento;1;0;0;0;0;0;1
11/09/2022;20:56:29;448;ac02 - Acidente com Vítima;540;BR-262/MG;Leste;Capotamento;1;0;0;0;0;0;1
12/09/2022;00:11:13;4;Acidente com Danos Materiais;893;BR-262/MG;Oeste;Tombamento;1;1;0;0;0;0;1
12/09/2022;06:43:17;103;Acidente com Danos Materiais;471;BR-262/MG;Leste;Colisão Traseira;1;3;0;0;0;0;1
12/09/2022;08:24:19;149;ac01 - Acidente com Vítima Fatal;508,1;BR-153/GO;Sul;Colisão Traseira;1;2;0;0;0;1;3
12/09/2022;17:55:55;494;ac02 - Acidente com Vítima;700;BR-153/GO;Sul;Tombamento;1;0;0;0;0;0;1
12/09/2022;19:28:43;532;ac02 - Acidente com Vítima;493;BR-153/GO;Sul;Colisão Traseira;1;1;0;1;0;0;2
13/09/2022;07:25:00;168;Acidente com Danos Materiais;36;BR-153/MG;Sul;Colisão Traseira;2;2;0;0;0;0;1
13/09/2022;08:16:55;206;Acidente com Danos Materiais;508;BR-153/GO;Sul;Colisão Traseira;2;3;0;0;0;0;1
13/09/2022;08:34:20;225;Acidente com Danos Materiais;92;BR-060/GO;Sul;Saida de Pista;1;1;0;0;0;0;1
14/09/2022;12:03:46;330;Acidente com Danos Materiais;453;BR-262/MG;Leste;Choque - Elemento de Drenagem;1;1;0;0;0;0;1
14/09/2022;18:09:36;621;Acidente com Danos Materiais;72;BR-153/MG;Norte;Engavetamento;3;3;0;0;0;0;1
15/09/2022;05:24:20;47;ac02 - Acidente com Vítima;188;BR-153/MG;Sul;Saida de Pista;1;0;0;1;0;0;2
15/09/2022;06:03:31;56;ac02 - Acidente com Vítima;194;BR-153/MG;Sul;Engavetamento;1;0;0;0;0;0;1
15/09/2022;07:34:31;82;Acidente com Danos Materiais;213;BR-153/MG;Norte;Colisão Traseira;2;2;0;0;0;0;1
15/09/2022;07:42:34;84;Acidente com Danos Materiais;506,4;BR-153/GO;Norte;Engavetamento;1;6;0;0;0;0;1
15/09/2022;11:23:58;165;Acidente com Danos Materiais;845;BR-262/MG;Leste;Colisão Traseira;2;2;0;0;0;0;1
15/09/2022;13:25:14;202;Acidente com Danos Materiais;575,5;BR-153/GO;Norte;Colisão Lateral;1;2;0;0;0;0;1
15/09/2022;14:57:55;227;Acidente com Danos Materiais;508;BR-153/GO;Norte;Colisão Traseira;2;2;0;0;0;0;1
15/09/2022;15:04:14;231;ac02 - Acidente com Vítima;0,672;BR-153/MG;Norte;Colisão Lateral;1;1;0;0;0;0;1
16/09/2022;08:51:35;132;Acidente com Danos Materiais;508;BR-153/GO;Sul;Colisão Lateral;1;2;0;0;0;0;1
16/09/2022;19:52:22;522;Acidente com Danos Materiais;0,5;BR-153/MG;Norte;Colisão Lateral;1;2;0;0;0;0;1
17/09/2022;13:33:20;436;Acidente com Danos Materiais;695;BR-262/MG;Leste;Colisão Lateral;1;2;0;0;0;0;1
17/09/2022;13:55:51;453;Acidente com Danos Materiais;658;BR-153/GO;Norte;Colisão Lateral;1;2;0;0;0;0;1
17/09/2022;19:13:27;602;ac02 - Acidente com Vítima;571;BR-153/GO;Norte;Tombamento;1;0;0;0;0;0;1
17/09/2022;20:07:00;623;ac02 - Acidente com Vítima;670,1;BR-153/GO;Norte;Tombamento;1;0;0;0;0;0;1
17/09/2022;21:45:57;650;ac01 - Acidente com Vítima Fatal;589;BR-262/MG;Leste;Saida de Pista;1;0;0;0;0;1;3
18/09/2022;10:09:33;217;Acidente com Danos Materiais;586;BR-262/MG;Leste;Tombamento;1;1;0;0;0;0;1
19/09/2022;15:31:32;317;Acidente com Danos Materiais;699;BR-153/GO;Sul;Colisão Lateral;1;1;0;0;0;0;1
20/09/2022;06:37:01;101;Acidente com Danos Materiais;461,1;BR-262/MG;Oeste;Tombamento;1;1;0;0;0;0;1
20/09/2022;14:36:43;380;Acidente com Danos Materiais;425,38;BR-262/MG;Oeste;Carreta deu L;2;2;0;0;0;0;1
20/09/2022;18:16:09;515;Acidente com Danos Materiais;508;BR-153/GO;Sul;Colisão Traseira;1;2;0;0;0;0;1
21/09/2022;05:03:00;78;Acidente com Danos Materiais;442;BR-262/MG;Leste;Colisão Traseira;2;2;0;0;0;0;1
21/09/2022;07:03:00;116;Acidente com Danos Materiais;381;BR-262/MG;Leste;Tombamento;1;1;0;0;0;0;1
21/09/2022;09:12:00;195;Acidente com Danos Materiais;454;BR-262/MG;Leste;Colisão Traseira;1;2;0;0;0;0;1
21/09/2022;11:39:00;367;Acidente com Danos Materiais;507;BR-153/GO;Norte;Colisão Lateral;1;2;0;0;0;0;1
21/09/2022;12:45:54;400;ac02 - Acidente com Vítima;430;BR-262/MG;Leste;Colisão Traseira;1;1;0;1;0;0;2
21/09/2022;12:52:14;405;Acidente com Danos Materiais;2;BR-060/GO;Norte;Engavetamento;1;3;0;0;0;0;1
21/09/2022;17:24:26;576;Acidente com Danos Materiais;508;BR-153/GO;Sul;Colisão Lateral;1;2;0;0;0;0;1
21/09/2022;17:46:00;590;Acidente com Danos Materiais;804,5;BR-262/MG;Leste;Engavetamento;1;3;0;0;0;0;1
21/09/2022;19:25:23;636;ac01 - Acidente com Vítima Fatal;219,8;BR-153/MG;Norte;Colisão Transversal;1;2;0;1;0;1;3
22/09/2022;04:52:20;34;ac02 - Acidente com Vítima;549;BR-262/MG;Leste;Tombamento;1;0;0;0;0;0;1
22/09/2022;07:21:26;85;Acidente com Danos Materiais;595;BR-262/MG;Leste;Saida de Pista;1;1;0;0;0;0;1
22/09/2022;08:51:00;163;Acidente com Danos Materiais;128;BR-060/GO;Sul;Colisão Traseira;1;1;0;0;0;0;1
22/09/2022;11:40:00;262;ac01 - Acidente com Vítima Fatal;31;BR-153/MG;Sul;Engavetamento;2;43;0;0;1;2;3
22/09/2022;12:33:00;281;Acidente com Danos Materiais;119,5;BR-060/GO;Sul;Choque - Defensa;1;1;0;0;0;0;1
22/09/2022;18:53:00;421;ac02 - Acidente com Vítima;663;BR-262/MG;Oeste;Colisão Traseira;1;2;0;1;0;0;2
22/09/2022;19:00:12;423;ac02 - Acidente com Vítima;509;BR-153/GO;Sul;Colisão Traseira;1;1;0;1;0;0;2
22/09/2022;22:14:00;483;ac02 - Acidente com Vítima;716;BR-262/MG;Leste;Tombamento;1;0;0;0;1;0;2
23/09/2022;00:59:00;4;Acidente com Danos Materiais;70;BR-060/GO;Norte;Tombamento;1;1;0;0;0;0;1
23/09/2022;05:11:00;40;ac02 - Acidente com Vítima;26;BR-060/DF;Norte;Engavetamento;2;1;0;0;0;0;1
23/09/2022;08:39:03;98;Acidente com Danos Materiais;354,1;BR-262/MG;Oeste;Colisão Lateral;1;2;0;0;0;0;1
23/09/2022;22:56:46;486;Acidente com Danos Materiais;387;BR-262/MG;Leste;Tombamento;1;2;0;0;0;0;1
24/09/2022;05:00:45;80;Acidente com Danos Materiais;631;BR-262/MG;Oeste;Colisão Traseira;2;2;0;0;0;0;1
24/09/2022;08:30:00;132;ac01 - Acidente com Vítima Fatal;478,75;BR-262/MG;Oeste;Colisão Frontal;1;1;0;0;0;1;3
25/09/2022;10:54:09;275;ac02 - Acidente com Vítima;861,1;BR-262/MG;Leste;Colisão Traseira;1;1;0;0;0;0;1
25/09/2022;21:32:51;580;Acidente com Danos Materiais;17;BR-153/MG;Norte;Colisão Lateral;1;5;0;0;0;0;1
26/09/2022;03:01:34;20;Acidente com Danos Materiais;2;BR-153/MG;Sul;Tombamento;1;1;0;0;0;0;1
26/09/2022;06:19:01;48;Acidente com Danos Materiais;532;BR-153/GO;Sul;Choque - Outros;1;1;0;0;0;0;1
26/09/2022;11:23:26;237;Acidente com Danos Materiais;508;BR-153/GO;Sul;Colisão Lateral;1;2;0;0;0;0;1
26/09/2022;12:23:51;280;ac02 - Acidente com Vítima;495;BR-153/GO;Norte;Colisão Lateral;1;1;0;0;0;0;1
26/09/2022;15:52:00;367;ac02 - Acidente com Vítima;370,5;BR-262/MG;Oeste;Colisão Lateral;2;2;0;0;0;0;1
26/09/2022;17:35:43;435;Acidente com Danos Materiais;231,4;BR-153/MG;Sul;Tombamento;1;1;0;0;0;0;1
26/09/2022;18:37:00;461;Acidente com Danos Materiais;542;BR-153/GO;Sul;Tombamento;1;1;0;0;0;0;1
26/09/2022;20:21:00;491;Acidente com Danos Materiais;534;BR-153/GO;Norte;Tombamento;1;1;0;0;0;0;1
26/09/2022;22:44:44;523;Acidente com Danos Materiais;494;BR-153/GO;Norte;Tombamento;1;1;0;0;0;0;1
27/09/2022;05:41:38;22;Acidente com Danos Materiais;585;BR-262/MG;Leste;Tombamento;1;1;0;0;0;0;1
27/09/2022;06:01:22;24;ac02 - Acidente com Vítima;676,8;BR-262/MG;Oeste;Capotamento;1;0;0;0;0;0;1
27/09/2022;07:32:24;35;Acidente com Danos Materiais;547;BR-262/MG;Leste;Choque - Outros;1;1;0;0;0;0;1
27/09/2022;07:59:23;42;Acidente com Danos Materiais;547,6;BR-262/MG;Oeste;Carreta deu L;1;1;0;0;0;0;1
27/09/2022;14:05:06;219;Acidente com Danos Materiais;17;BR-153/MG;Norte;Colisão Traseira;2;2;0;0;0;0;1
27/09/2022;15:02:26;235;Acidente com Danos Materiais;542;BR-153/GO;Norte;Engavetamento;3;3;0;0;0;0;1
27/09/2022;18:54:27;346;Acidente com Danos Materiais;546;BR-262/MG;Leste;Tombamento;1;1;0;0;0;0;1
27/09/2022;20:50:53;393;Acidente com Danos Materiais;605;BR-153/GO;Sul;Tombamento;1;1;0;0;0;0;1
28/09/2022;02:47:27;32;Acidente com Danos Materiais;551,5;BR-262/MG;Oeste;Saida de Pista;1;1;0;0;0;0;1
28/09/2022;03:40:00;40;Acidente com Danos Materiais;561;BR-153/GO;Norte;Tombamento;1;1;0;0;0;0;1
28/09/2022;05:33:17;71;Acidente com Danos Materiais;564;BR-153/GO;Sul;Colisão Lateral;3;4;0;0;0;0;1
28/09/2022;06:21:23;83;ac02 - Acidente com Vítima;111;BR-153/MG;Norte;Engavetamento;2;1;0;0;1;0;2
28/09/2022;17:51:00;332;Acidente com Danos Materiais;561;BR-262/MG;Oeste;Tombamento;1;1;0;0;0;0;1
29/09/2022;04:41:24;49;ac02 - Acidente com Vítima;188,5;BR-153/MG;Sul;Capotamento;1;0;0;0;0;0;1
29/09/2022;05:49:44;64;Acidente com Danos Materiais;492;BR-262/MG;Leste;Colisão Traseira;1;2;0;0;0;0;1
29/09/2022;07:41:00;108;Acidente com Danos Materiais;537;BR-153/GO;Norte;Colisão Lateral;1;2;0;0;0;0;1
29/09/2022;17:37:20;803;Acidente com Danos Materiais;128;BR-060/GO;Sul;Capotamento;1;1;0;0;0;0;1
29/09/2022;19:26:58;842;Acidente com Danos Materiais;0,5;BR-060/GO;Sul;Carreta deu L;1;2;0;0;0;0;1
30/09/2022;06:37:50;60;Acidente com Danos Materiais;228;BR-153/MG;Sul;Colisão Traseira;2;2;0;0;0;0;1
30/09/2022;07:26:50;85;Acidente com Danos Materiais;554,1;BR-262/MG;Leste;Tombamento;1;1;0;0;0;0;1
30/09/2022;14:58:00;409;ac02 - Acidente com Vítima;84;BR-060/GO;Sul;Tombamento;1;1;0;1;0;0;2
30/09/2022;17:02:32;466;Acidente com Danos Materiais;1;BR-060/DF;Sul;Colisão Traseira;1;2;0;0;0;0;1
30/09/2022;18:19:13;514;Acidente com Danos Materiais;580;BR-153/GO;Norte;Tombamento;1;1;0;0;0;0;1
30/09/2022;20:36:29;557;Acidente com Danos Materiais;484;BR-262/MG;Oeste;Colisão Lateral;1;2;0;0;0;0;1
01/10/2022;07:47:00;67;ac02 - Acidente com Vítima;651;BR-262/MG;Leste;Colisão Transversal;1;1;0;0;1;0;2
01/10/2022;19:57:00;476;Acidente com Danos Materiais;555;BR-262/MG;Leste;Colisão Frontal;1;1;0;0;0;0;1
02/10/2022;16:15:00;333;ac01 - Acidente com Vítima Fatal;758;BR-262/MG;Leste;Colisão Frontal;1;7;0;1;0;1;3
02/10/2022;21:50:00;463;Acidente com Danos Materiais;371;BR-262/MG;Leste;Colisão Lateral;1;3;0;0;0;0;1
03/10/2022;08:44:00;220;ac02 - Acidente com Vítima;372;BR-262/MG;Oeste;Colisão Traseira;1;2;0;0;0;0;1
03/10/2022;14:06:00;415;Acidente com Danos Materiais;799;BR-262/MG;Leste;Tombamento;1;1;0;0;0;0;1
03/10/2022;15:29:09;451;Acidente com Danos Materiais;107;BR-060/GO;Sul;Colisão Lateral;1;2;0;0;0;0;1
03/10/2022;19:49:00;664;ac02 - Acidente com Vítima;358;BR-262/MG;Oeste;Colisão Traseira;1;2;0;0;0;0;1
03/10/2022;21:22:20;688;Acidente com Danos Materiais;374;BR-262/MG;Leste;Colisão Traseira;1;2;0;0;0;0;1
04/10/2022;10:26:15;203;Acidente com Danos Materiais;575;BR-262/MG;Oeste;Colisão Transversal;2;2;0;0;0;0;1
04/10/2022;15:23:54;427;Acidente com Danos Materiais;547;BR-262/MG;Oeste;Colisão Lateral;1;2;0;0;0;0;1
04/10/2022;22:27:35;617;Acidente com Danos Materiais;564;BR-153/GO;Norte;Saida de Pista;2;2;0;0;0;0;1
05/10/2022;07:29:18;73;Acidente com Danos Materiais;535;BR-153/GO;Norte;Saida de Pista;1;2;0;0;0;0;1
05/10/2022;13:57:24;350;Acidente com Danos Materiais;507;BR-153/GO;Norte;Colisão Lateral;1;2;0;0;0;0;1
05/10/2022;22:18:19;552;Acidente com Danos Materiais;738,25;BR-262/MG;Oeste;Tombamento;1;1;0;0;0;0;1
05/10/2022;22:26:00;556;Acidente com Danos Materiais;17;BR-153/MG;Sul;Saida de Pista;1;1;0;0;0;0;1
06/10/2022;12:38:00;317;Acidente com Danos Materiais;107;BR-060/GO;Norte;Colisão Traseira;1;1;0;0;0;0;1
06/10/2022;17:10:21;491;Acidente com Danos Materiais;508;BR-153/GO;Sul;Colisão Lateral;1;1;0;0;0;0;1
07/10/2022;04:52:34;43;Acidente com Danos Materiais;67,5;BR-153/MG;Sul;Tombamento;1;1;0;0;0;0;1
07/10/2022;07:44:27;90;Acidente com Danos Materiais;595;BR-262/MG;Leste;Colisão Traseira;2;2;0;0;0;0;1
07/10/2022;08:57:00;131;Acidente com Danos Materiais;607;BR-262/MG;Leste;Colisão Traseira;2;2;0;0;0;0;1
07/10/2022;15:47:35;282;Acidente com Danos Materiais;495;BR-153/GO;Sul;Engavetamento;1;3;0;0;0;0;1
07/10/2022;22:16:00;429;ac02 - Acidente com Vítima;136;BR-060/GO;Sul;Tombamento;1;1;0;0;0;0;1
07/10/2022;23:40:58;458;Acidente com Danos Materiais;572;BR-153/GO;Norte;Tombamento;1;1;0;0;0;0;1
08/10/2022;00:04:24;2;Acidente com Danos Materiais;580;BR-262/MG;Leste;Saida de Pista;1;1;0;0;0;0;1
08/10/2022;01:15:00;11;ac02 - Acidente com Vítima;70;BR-060/GO;Norte;Colisão Traseira;1;1;0;0;0;0;1
08/10/2022;06:01:00;43;Acidente com Danos Materiais;34;BR-060/GO;Norte;Colisão Traseira;1;2;0;0;0;0;1
08/10/2022;06:36:00;52;Acidente com Danos Materiais;555;BR-262/MG;Oeste;Tombamento;1;1;0;0;0;0;1
08/10/2022;10:21:59;191;ac02 - Acidente com Vítima;5;BR-060/DF;Norte;Colisão Lateral;1;2;0;0;0;0;1
08/10/2022;12:35:53;273;Acidente com Danos Materiais;50,4;BR-153/MG;Sul;Tombamento;1;1;0;0;0;0;1
08/10/2022;13:29:09;293;Acidente com Danos Materiais;500;BR-153/GO;Sul;Colisão Traseira;1;2;0;0;0;0;1
09/10/2022;19:34:00;378;ac02 - Acidente com Vítima;243,8;BR-153/MG;Sul;Atropelamento de Animal;1;1;0;1;0;0;2
09/10/2022;19:35:34;379;Acidente com Danos Materiais;109;BR-060/GO;Sul;Colisão Traseira;1;2;0;0;0;0;1
10/10/2022;08:31:57;153;Acidente com Danos Materiais;0,8;BR-060/DF;Sul;Colisão Traseira;1;1;0;0;0;0;1
10/10/2022;11:32:12;235;Acidente com Danos Materiais;424;BR-262/MG;Oeste;Colisão Traseira;2;2;0;0;0;0;1
10/10/2022;13:30:43;273;Acidente com Danos Materiais;472,9;BR-262/MG;Oeste;Colisão Traseira;1;2;0;0;0;0;1
10/10/2022;14:12:00;296;ac01 - Acidente com Vítima Fatal;465;BR-262/MG;Oeste;Colisão Traseira;1;2;0;0;0;1;3
10/10/2022;14:27:13;301;Acidente com Danos Materiais;612,76;BR-262/MG;Oeste;Choque - Arvore;1;1;0;0;0;0;1
10/10/2022;20:30:17;458;ac02 - Acidente com Vítima;451;BR-262/MG;Leste;Colisão Traseira;1;1;0;0;0;0;1
10/10/2022;23:10:15;542;Acidente com Danos Materiais;43,1;BR-060/GO;Norte;Colisão Traseira;1;3;0;0;0;0;1
11/10/2022;12:55:38;365;Acidente com Danos Materiais;406;BR-262/MG;Oeste;Colisão Lateral;2;3;0;0;0;0;1
11/10/2022;14:54:05;443;ac02 - Acidente com Vítima;671,7;BR-153/GO;Sul;Capotamento;1;0;0;0;0;0;1
11/10/2022;22:41:00;696;Acidente com Danos Materiais;12;BR-060/DF;Norte;Colisão Transversal;1;4;0;0;0;0;1
12/10/2022;02:07:08;34;Acidente com Danos Materiais;493;BR-153/GO;Sul;Colisão Traseira;1;3;0;0;0;0;1
12/10/2022;15:16:00;466;Acidente com Danos Materiais;453;BR-262/MG;Oeste;Colisão Lateral;1;1;0;0;0;0;1
12/10/2022;16:23:37;512;Acidente com Danos Materiais;735;BR-262/MG;Leste;Colisão Lateral;1;2;0;0;0;0;1
13/10/2022;07:50:00;93;Acidente com Danos Materiais;129;BR-060/GO;Sul;Colisão Traseira;1;1;0;0;0;0;1
13/10/2022;16:50:36;431;Acidente com Danos Materiais;465,7;BR-262/MG;Oeste;Colisão Traseira;1;1;0;0;0;0;1
13/10/2022;18:12:00;489;Acidente com Danos Materiais;816;BR-262/MG;Oeste;Saida de Pista;1;1;0;0;0;0;1
14/10/2022;13:30:16;361;ac02 - Acidente com Vítima;487;BR-262/MG;Oeste;Colisão Lateral;1;1;0;0;0;0;1
14/10/2022;15:53:00;426;Acidente com Danos Materiais;523;BR-262/MG;Oeste;Colisão Frontal;1;2;0;0;0;0;1
14/10/2022;16:58:34;469;Acidente com Danos Materiais;71;BR-060/GO;Norte;Colisão Lateral;2;3;0;0;0;0;1
14/10/2022;18:43:00;523;Acidente com Danos Materiais;507;BR-153/GO;Sul;Colisão Traseira;1;2;0;0;0;0;1
14/10/2022;23:37:00;669;ac02 - Acidente com Vítima;520;BR-153/GO;Norte;Colisão Traseira;1;1;0;0;0;0;1
15/10/2022;17:33:14;588;Acidente com Danos Materiais;726;BR-262/MG;Leste;Saida de Pista;1;1;0;0;0;0;1
16/10/2022;08:03:00;233;ac02 - Acidente com Vítima;913;BR-262/MG;Oeste;Colisão Frontal;2;0;0;1;0;0;2
16/10/2022;20:30:17;691;Acidente com Danos Materiais;31;BR-060/DF;Norte;Colisão Traseira;1;2;0;0;0;0;1
16/10/2022;23:59:33;746;Acidente com Danos Materiais;75,8;BR-153/MG;Norte;Tombamento;1;1;0;0;0;0;1
17/10/2022;06:22:19;39;Acidente com Danos Materiais;76;BR-060/GO;Norte;Colisão Frontal;1;1;0;0;0;0;1
17/10/2022;17:14:01;282;Acidente com Danos Materiais;533;BR-262/MG;Oeste;Colisão Traseira;1;1;0;0;0;0;1
17/10/2022;22:08:00;397;Acidente com Danos Materiais;461;BR-262/MG;Oeste;Colisão Traseira;1;2;0;0;0;0;1
18/10/2022;08:54:00;178;Acidente com Danos Materiais;501;BR-153/GO;Sul;Colisão Lateral;1;2;0;0;0;0;1
18/10/2022;12:25:25;301;Acidente com Danos Materiais;804;BR-262/MG;Leste;Colisão Lateral;1;3;0;0;0;0;1
18/10/2022;13:18:46;319;Acidente com Danos Materiais;804;BR-262/MG;Oeste;Colisão Lateral;1;2;0;0;0;0;1
18/10/2022;15:05:47;395;Acidente com Danos Materiais;580;BR-262/MG;Leste;Colisão Lateral;2;2;0;0;0;0;1
18/10/2022;21:06:16;532;Acidente com Danos Materiais;663;BR-153/GO;Sul;Saida de Pista;1;1;0;0;0;0;1
18/10/2022;21:44:00;547;Acidente com Danos Materiais;562;BR-262/MG;Oeste;Tombamento;1;1;0;0;0;0;1
18/10/2022;21:48:49;548;Acidente com Danos Materiais;95;BR-153/MG;Sul;Choque - Veiculo parado no acostamento;1;1;0;0;0;0;1
19/10/2022;12:52:35;375;ac02 - Acidente com Vítima;516;BR-262/MG;Leste;Colisão Traseira;3;1;0;0;0;0;1
19/10/2022;14:18:00;425;Acidente com Danos Materiais;19;BR-060/GO;Sul;Colisão Traseira;1;2;0;0;0;0;1
19/10/2022;17:16:17;586;ac02 - Acidente com Vítima;128;BR-060/GO;Sul;Colisão Traseira;1;1;0;2;0;0;2
19/10/2022;22:41:16;736;Acidente com Danos Materiais;54;BR-153/MG;Norte;Tombamento;1;1;0;0;0;0;1
20/10/2022;12:28:00;328;Acidente com Danos Materiais;421;BR-262/MG;Leste;Tombamento;1;1;0;0;0;0;1
20/10/2022;16:12:39;487;ac02 - Acidente com Vítima;114;BR-060/GO;Norte;Colisão Frontal;1;1;0;1;0;0;2
20/10/2022;16:19:26;492;Acidente com Danos Materiais;700;BR-153/GO;Norte;Choque - Elemento de Drenagem;1;1;0;0;0;0;1
21/10/2022;09:24:59;121;Acidente com Danos Materiais;34;BR-153/MG;Norte;Saida de Pista;1;1;0;0;0;0;1
21/10/2022;09:35:07;130;Acidente com Danos Materiais;497;BR-153/GO;Sul;Choque - Defensa;1;1;0;0;0;0;1
21/10/2022;09:53:49;140;Acidente com Danos Materiais;497;BR-153/GO;Norte;;1;0;0;0;0;0;1
21/10/2022;10:04:35;150;Acidente com Danos Materiais;500,1;BR-153/GO;Norte;Choque - Barreira;1;1;0;0;0;0;1
21/10/2022;11:11:31;177;Acidente com Danos Materiais;663;BR-153/GO;Sul;Choque- Poste/Equipamento;1;1;0;0;0;0;1
21/10/2022;11:12:30;178;Acidente com Danos Materiais;519;BR-153/GO;Sul;Saida de Pista;1;1;0;0;0;0;1
21/10/2022;14:04:57;238;Acidente com Danos Materiais;507,5;BR-153/GO;Norte;Colisão Traseira;1;1;0;0;0;0;1
21/10/2022;14:38:51;255;Acidente com Danos Materiais;29;BR-060/DF;Norte;Colisão Traseira;1;2;0;0;0;0;1
21/10/2022;14:49:38;262;Acidente com Danos Materiais;507;BR-153/GO;Norte;Tombamento;1;0;0;0;0;0;1
21/10/2022;15:19:00;276;Acidente com Danos Materiais;93;BR-060/GO;Norte;Colisão Traseira;1;2;0;0;0;0;1
21/10/2022;15:23:14;277;Acidente com Danos Materiais;76;BR-153/MG;Norte;Tombamento;1;1;0;0;0;0;1
21/10/2022;16:03:48;293;Acidente com Danos Materiais;507,1;BR-153/GO;Norte;Colisão Transversal;1;2;0;0;0;0;1
21/10/2022;20:18:00;396;Acidente com Danos Materiais;506,7;BR-153/GO;Sul;Colisão Traseira;1;2;0;0;0;0;1
22/10/2022;19:30:00;597;ac02 - Acidente com Vítima;383;BR-262/MG;Leste;Choque - Defensa;1;0;0;1;0;0;2
23/10/2022;04:58:00;56;ac02 - Acidente com Vítima;508;BR-153/GO;Norte;Colisão Lateral;1;1;0;1;0;0;2
23/10/2022;16:42:00;373;Acidente com Danos Materiais;136;BR-060/GO;Norte;Colisão Traseira;1;2;0;0;0;0;1
23/10/2022;17:24:00;392;Acidente com Danos Materiais;18,5;BR-153/MG;Norte;Colisão Lateral;1;2;0;0;0;0;1
24/10/2022;06:39:36;61;ac01 - Acidente com Vítima Fatal;883;BR-262/MG;Leste;Colisão Lateral;1;0;0;0;2;2;3
24/10/2022;10:33:00;189;Acidente com Danos Materiais;99;BR-060/GO;Sul;Colisão Lateral;1;2;0;0;0;0;1
24/10/2022;16:41:10;401;Acidente com Danos Materiais;431;BR-262/MG;Oeste;Carreta deu L;1;2;0;0;0;0;1
24/10/2022;17:25:47;479;Acidente com Danos Materiais;89;BR-060/GO;Norte;Colisão Lateral;1;2;0;0;0;0;1
24/10/2022;18:43:31;523;Acidente com Danos Materiais;426;BR-262/MG;Leste;Colisão Traseira;1;2;0;0;0;0;1
24/10/2022;23:35:51;599;Acidente com Danos Materiais;622;BR-262/MG;Leste;Colisão Frontal;2;2;0;0;0;0;1
25/10/2022;06:43:00;76;Acidente com Danos Materiais;783;BR-262/MG;Leste;Atropelamento de Animal;1;1;0;0;0;0;1
26/10/2022;02:38:00;61;Acidente com Danos Materiais;25;BR-153/MG;Norte;Saida de Pista;1;1;0;0;0;0;1
26/10/2022;11:37:01;265;ac02 - Acidente com Vítima;194,9;BR-153/MG;Norte;Capotamento;1;0;0;0;0;0;1
26/10/2022;16:38:54;402;Acidente com Danos Materiais;1,5;BR-153/MG;Sul;Colisão Traseira;2;2;0;0;0;0;1
26/10/2022;17:51:49;426;Acidente com Danos Materiais;499,15;BR-153/GO;Sul;Colisão Lateral;2;2;0;0;0;0;1
26/10/2022;18:08:47;436;Acidente com Danos Materiais;74;BR-060/GO;Norte;Tombamento;1;1;0;0;0;0;1
26/10/2022;23:19:16;578;Acidente com Danos Materiais;824;BR-262/MG;Oeste;Choque - Defensa;1;1;0;0;0;0;1
27/10/2022;04:13:00;82;Acidente com Danos Materiais;618;BR-262/MG;Oeste;Saida de Pista;1;1;0;0;0;0;1
27/10/2022;07:42:39;144;Acidente com Danos Materiais;493;BR-153/GO;Sul;Colisão Lateral;2;2;0;0;0;0;1
27/10/2022;13:54:04;328;Acidente com Danos Materiais;108;BR-153/MG;Norte;Tombamento;1;1;0;0;0;0;1
27/10/2022;15:58:50;392;Acidente com Danos Materiais;554;BR-262/MG;Leste;Colisão Traseira;1;2;0;0;0;0;1
27/10/2022;16:15:29;405;ac02 - Acidente com Vítima;754;BR-262/MG;Leste;Saida de Pista;1;0;0;0;0;0;1
27/10/2022;16:44:24;420;Acidente com Danos Materiais;611;BR-262/MG;Leste;Carreta deu L;1;1;0;0;0;0;1
27/10/2022;17:43:48;454;Acidente com Danos Materiais;138;BR-153/MG;Norte;Tombamento;2;2;0;0;0;0;1
27/10/2022;20:34:47;508;Acidente com Danos Materiais;654;BR-262/MG;Leste;Tombamento;1;1;0;0;0;0;1
27/10/2022;20:50:45;512;Acidente com Danos Materiais;534;BR-262/MG;Leste;Tombamento;1;1;0;0;0;0;1
27/10/2022;22:31:38;532;ac01 - Acidente com Vítima Fatal;617;BR-153/GO;Norte;Tombamento;1;0;0;0;0;1;3
28/10/2022;05:10:00;38;Acidente com Danos Materiais;116,2;BR-060/GO;Norte;Colisão Traseira;2;2;0;0;0;0;1
28/10/2022;15:13:45;323;ac02 - Acidente com Vítima;114;BR-060/GO;Sul;Tombamento;1;0;0;0;0;0;1
28/10/2022;15:48:35;334;ac02 - Acidente com Vítima;425;BR-262/MG;Leste;Colisão Lateral;1;4;0;1;0;0;2