data;horario;n_da_ocorrencia;tipo_de_ocorrencia;km;trecho;sentido;tipo_de_acidente;caminhao;ilesos;levemente_feridos;moderadamente_feridos;gravemente_feridos;mortos;3
28/10/2022;17:08:00;424;Acidente com Danos Materiais;493;BR-153/GO;Sul;Choque - Defensa;1;3;0;0;0;0;1
28/10/2022;17:26:53;429;ac02 - Acidente com Vítima;467;BR-262/MG;Leste;Saida de Pista;1;0;0;0;0;0;1
28/10/2022;18:52:00;458;ac02 - Acidente com Vítima;28;BR-060/DF;Sul;Saida de Pista;1;0;0;1;0;0;2
29/10/2022;01:56:00;18;ac01 - Acidente com Vítima Fatal;492;BR-262/MG;Oeste;Colisão Frontal;1;1;0;0;0;1;3
29/10/2022;06:09:13;42;Acidente com Danos Materiais;101;BR-060/GO;Sul;Colisão Lateral;1;3;0;0;0;0;1
29/10/2022;13:10:05;269;ac02 - Acidente com Vítima;580;BR-262/MG;Oeste;Capotamento;1;0;0;1;0;0;2
29/10/2022;14:20:47;300;ac01 - Acidente com Vítima Fatal;28;BR-060/DF;Norte;Choque - Veiculo parado no acostamento;1;1;0;0;0;1;3
30/10/2022;05:36:56;117;Acidente com Danos Materiais;402;BR-262/MG;Leste;Colisão Traseira;1;1;0;0;0;0;1
30/10/2022;06:36:20;132;ac02 - Acidente com Vítima;35,5;BR-153/MG;Norte;Colisão Traseira;1;1;0;0;0;0;1
30/10/2022;10:42:00;218;Acidente com Danos Materiais;458,5;BR-262/MG;Leste;Colisão Lateral;1;4;0;0;0;0;1
30/10/2022;11:21:40;233;ac02 - Acidente com Vítima;880;BR-262/MG;Leste;Colisão Lateral;1;1;0;0;0;0;1
30/10/2022;14:10:52;297;Acidente com Danos Materiais;514;BR-153/GO;Norte;Colisão Lateral;1;2;0;0;0;0;1
30/10/2022;15:14:00;319;ac02 - Acidente com Vítima;47;BR-153/MG;Norte;Tombamento;1;1;0;0;0;0;1
30/10/2022;18:05:00;384;Acidente com Danos Materiais;23;BR-153/MG;Norte;Saida de Pista;1;4;0;0;0;0;1
30/10/2022;21:11:06;443;Acidente com Danos Materiais;630;BR-262/MG;Leste;Colisão Lateral;1;2;0;0;0;0;1
30/10/2022;21:32:27;449;Acidente com Danos Materiais;512;BR-262/MG;Leste;Colisão Traseira;1;2;0;0;0;0;1
31/10/2022;14:59:18;283;ac02 - Acidente com Vítima;684;BR-153/GO;Sul;Colisão Traseira;1;2;0;0;0;0;1
31/10/2022;18:04:31;357;ac01 - Acidente com Vítima Fatal;503;BR-153/GO;Sul;Atropelamento - Usuário;1;1;0;0;0;1;3
31/10/2022;18:50:56;374;Acidente com Danos Materiais;580;BR-153/GO;Norte;Saida de Pista;1;2;0;0;0;0;1
01/11/2022;11:33:00;143;ac02 - Acidente com Vítima;401;BR-262/MG;Leste;Colisão Lateral;1;1;0;0;0;0;1
02/11/2022;09:54:04;140;Acidente com Danos Materiais;499;BR-153/GO;Norte;Colisão Traseira;1;4;0;0;0;0;1
02/11/2022;15:00:00;321;Acidente com Danos Materiais;367;BR-262/MG;Leste;Colisão Traseira;1;1;0;0;0;0;1
02/11/2022;16:23:18;361;Acidente com Danos Materiais;48,2;BR-153/MG;Sul;Tombamento;1;1;0;0;0;0;1
03/11/2022;13:24:05;300;Acidente com Danos Materiais;556;BR-262/MG;Oeste;Tombamento;1;1;0;0;0;0;1
03/11/2022;20:39:16;452;Acidente com Danos Materiais;502;BR-153/GO;Norte;Colisão Lateral;1;2;0;0;0;0;1
04/11/2022;06:29:05;111;Acidente com Danos Materiais;594;BR-262/MG;Leste;Tombamento;1;1;0;0;0;0;1
04/11/2022;13:39:50;330;ac02 - Acidente com Vítima;417;BR-262/MG;Leste;Saida de Pista;1;0;0;0;0;0;1
04/11/2022;15:33:00;399;Acidente com Danos Materiais;763;BR-262/MG;Oeste;Colisão Traseira;2;3;0;0;0;0;1
05/11/2022;05:59:00;81;ac02 - Acidente com Vítima;445;BR-262/MG;Leste;Colisão Lateral;1;1;0;1;0;0;2
05/11/2022;14:16:53;293;Acidente com Danos Materiais;107;BR-060/GO;Norte;Colisão Traseira;1;2;0;0;0;0;1
05/11/2022;14:58:47;310;Acidente com Danos Materiais;489;BR-262/MG;Leste;Colisão Traseira;2;2;0;0;0;0;1
07/11/2022;08:14:00;139;Acidente com Danos Materiais;499,8;BR-153/GO;Sul;Colisão Traseira;1;1;0;0;0;0;1
07/11/2022;15:37:31;392;Acidente com Danos Materiais;36;BR-060/GO;Sul;Colisão Transversal;1;2;0;0;0;0;1
07/11/2022;15:49:00;399;Acidente com Danos Materiais;388;BR-262/MG;Oeste;Colisão Traseira;1;1;0;0;0;0;1
07/11/2022;20:53:00;530;Acidente com Danos Materiais;17;BR-153/MG;Sul;Saida de Pista;1;2;0;0;0;0;1
08/11/2022;14:21:57;305;Acidente com Danos Materiais;47;BR-060/GO;Norte;Saida de Pista;1;1;0;0;0;0;1
08/11/2022;16:13:02;350;Acidente com Danos Materiais;581;BR-262/MG;Oeste;Tombamento;1;3;0;0;0;0;1
08/11/2022;22:26:24;477;ac02 - Acidente com Vítima;12;BR-060/GO;Norte;Colisão Traseira;2;2;0;0;0;0;1
08/11/2022;23:32:00;496;ac02 - Acidente com Vítima;747;BR-262/MG;Oeste;Capotamento;1;0;0;0;1;0;2
09/11/2022;04:06:55;27;Acidente com Danos Materiais;179;BR-153/MG;Norte;Tombamento;1;1;0;0;0;0;1
09/11/2022;09:25:26;133;Acidente com Danos Materiais;513;BR-262/MG;Leste;Colisão Traseira;2;2;0;0;0;0;1
09/11/2022;10:54:00;172;Acidente com Danos Materiais;585;BR-262/MG;Leste;Colisão Traseira;1;2;0;0;0;0;1
09/11/2022;11:34:00;192;Acidente com Danos Materiais;549;BR-262/MG;Leste;Choque- Poste/Equipamento;1;1;0;0;0;0;1
09/11/2022;19:05:38;365;ac02 - Acidente com Vítima;442;BR-262/MG;Leste;Choque - Outros;1;1;0;0;1;0;2
09/11/2022;22:40:00;433;Acidente com Danos Materiais;136;BR-060/GO;Sul;Colisão Lateral;2;2;0;0;0;0;1
10/11/2022;02:00:33;19;ac02 - Acidente com Vítima;79,992;BR-153/MG;Sul;Saida de Pista;1;0;0;0;0;0;1
10/11/2022;07:31:37;77;Acidente com Danos Materiais;550;BR-262/MG;Leste;Colisão Traseira;2;2;0;0;0;0;1
10/11/2022;08:15:10;101;ac02 - Acidente com Vítima;503;BR-153/GO;Sul;Colisão Traseira;1;0;0;0;0;0;1
10/11/2022;15:35:00;351;Acidente com Danos Materiais;128;BR-060/GO;Sul;Colisão Traseira;2;2;0;0;0;0;1
10/11/2022;16:24:05;369;Acidente com Danos Materiais;12;BR-153/MG;Norte;Colisão Traseira;2;2;0;0;0;0;1
10/11/2022;21:30:00;482;Acidente com Danos Materiais;37;BR-060/GO;Norte;Colisão Traseira;2;2;0;0;0;0;1
11/11/2022;03:19:00;64;ac01 - Acidente com Vítima Fatal;463;BR-262/MG;Leste;Colisão Traseira;2;1;0;0;0;1;3
11/11/2022;06:19:59;110;Acidente com Danos Materiais;355;BR-262/MG;Oeste;Colisão Lateral;1;3;0;0;0;0;1
11/11/2022;07:46:00;132;ac01 - Acidente com Vítima Fatal;402,47;BR-262/MG;Leste;Colisão Traseira;1;0;0;0;0;1;3
11/11/2022;16:05:30;348;Acidente com Danos Materiais;9;BR-060/GO;Norte;Colisão Lateral;1;5;0;0;0;0;1
11/11/2022;17:57:05;387;Acidente com Danos Materiais;494;BR-153/GO;Sul;Colisão Traseira;1;3;0;0;0;0;1
11/11/2022;21:25:19;468;Acidente com Danos Materiais;115;BR-060/GO;Norte;Saida de Pista;1;1;0;0;0;0;1
11/11/2022;21:33:23;471;Acidente com Danos Materiais;549;BR-262/MG;Leste;Saida de Pista;1;1;0;0;0;0;1
12/11/2022;11:09:13;243;ac02 - Acidente com Vítima;405;BR-262/MG;Oeste;Colisão Traseira;1;1;0;1;0;0;2
12/11/2022;12:19:00;279;ac02 - Acidente com Vítima;362;BR-262/MG;Oeste;Colisão Traseira;1;1;0;0;2;0;2
12/11/2022;14:17:00;343;Acidente com Danos Materiais;531;BR-153/GO;Norte;Choque - Outros;1;1;0;0;0;0;1
12/11/2022;14:42:05;360;Acidente com Danos Materiais;549;BR-262/MG;Leste;Carreta deu L;1;1;0;0;0;0;1
13/11/2022;09:54:00;128;ac02 - Acidente com Vítima;383;BR-262/MG;Oeste;Tombamento;1;1;0;0;0;0;1
14/11/2022;04:46:05;33;Acidente com Danos Materiais;13;BR-060/GO;Norte;Colisão Lateral;2;2;0;0;0;0;1
14/11/2022;05:43:00;42;Acidente com Danos Materiais;134;BR-060/GO;Norte;Colisão Lateral;1;2;0;0;0;0;1
14/11/2022;16:59:11;522;Acidente com Danos Materiais;96,5;BR-060/GO;Norte;Colisão Traseira;1;2;0;0;0;0;1
14/11/2022;17:24:00;551;Acidente com Danos Materiais;612;BR-262/MG;Oeste;Saida de Pista;1;1;0;0;0;0;1
15/11/2022;04:26:00;36;ac02 - Acidente com Vítima;507;BR-153/GO;Norte;Tombamento;1;0;0;1;0;0;2
15/11/2022;05:29:45;43;ac02 - Acidente com Vítima;108;BR-153/MG;Norte;Colisão Traseira;1;1;0;0;0;0;1
15/11/2022;18:02:08;353;Acidente com Danos Materiais;33;BR-153/MG;Norte;Colisão Traseira;2;2;0;0;0;0;1
16/11/2022;06:55:00;98;ac02 - Acidente com Vítima;803;BR-262/MG;Oeste;Saida de Pista;1;2;0;0;0;0;1
16/11/2022;18:39:33;468;Acidente com Danos Materiais;100;BR-060/GO;Norte;Colisão Traseira;1;2;0;0;0;0;1
17/11/2022;02:46:23;14;Acidente com Danos Materiais;591;BR-262/MG;Oeste;Saida de Pista;1;1;0;0;0;0;1
17/11/2022;07:47:00;76;ac02 - Acidente com Vítima;512;BR-153/GO;Norte;Colisão Traseira;1;1;0;0;0;0;1
17/11/2022;17:07:19;429;Acidente com Danos Materiais;431;BR-262/MG;Leste;Saida de Pista;1;1;0;0;0;0;1
17/11/2022;19:16:23;500;ac02 - Acidente com Vítima;423;BR-262/MG;Oeste;Colisão Lateral;1;1;0;0;0;0;1
18/11/2022;06:55:00;47;Acidente com Danos Materiais;394;BR-262/MG;Leste;Colisão Lateral;1;2;0;0;0;0;1
18/11/2022;11:35:00;194;Acidente com Danos Materiais;478;BR-262/MG;Leste;Colisão Transversal;1;2;0;0;0;0;1
18/11/2022;15:42:41;325;Acidente com Danos Materiais;3,8;BR-060/DF;Norte;Engavetamento;2;1;0;0;0;0;1
19/11/2022;05:12:00;77;Acidente com Danos Materiais;367;BR-262/MG;Leste;Colisão Traseira;1;3;0;0;0;0;1
19/11/2022;09:30:39;162;ac02 - Acidente com Vítima;457;BR-262/MG;Oeste;Tombamento;1;0;0;0;0;0;1
19/11/2022;09:31:00;180;Acidente com Danos Materiais;39;BR-060/GO;Sul;Choque - Objeto sobre a pista;2;2;0;0;0;0;1
19/11/2022;15:51:22;370;Acidente com Danos Materiais;129,2;BR-153/MG;Norte;Saida de Pista;1;1;0;0;0;0;1
19/11/2022;17:01:29;397;ac02 - Acidente com Vítima;66,9;BR-153/MG;Sul;Tombamento;1;0;0;0;0;0;1
20/11/2022;07:04:45;98;ac02 - Acidente com Vítima;632;BR-262/MG;Leste;Tombamento;1;0;0;0;0;0;1
20/11/2022;18:58:03;409;Acidente com Danos Materiais;148;BR-153/MG;Norte;Saida de Pista;1;2;0;0;0;0;1
21/11/2022;03:01:53;20;ac02 - Acidente com Vítima;71;BR-060/GO;Sul;Tombamento;1;0;0;0;0;0;1
21/11/2022;12:11:07;211;ac02 - Acidente com Vítima;494;BR-262/MG;Leste;Tombamento;1;0;0;1;0;0;2
21/11/2022;14:39:53;269;Acidente com Danos Materiais;491;BR-153/GO;Sul;Colisão Lateral;1;2;0;0;0;0;1
21/11/2022;15:39:03;292;Acidente com Danos Materiais;107;BR-060/GO;Norte;Choque - Submarino;1;1;0;0;0;0;1
21/11/2022;16:50:34;355;Acidente com Danos Materiais;494;BR-153/GO;Norte;Engavetamento;3;3;0;0;0;0;1
22/11/2022;07:52:00;85;Acidente com Danos Materiais;508;BR-153/GO;Norte;Colisão Traseira;1;2;0;0;0;0;1
22/11/2022;08:09:15;92;Acidente com Danos Materiais;447;BR-262/MG;Leste;Engavetamento;3;4;0;0;0;0;1
22/11/2022;17:40:32;410;Acidente com Danos Materiais;375;BR-262/MG;Oeste;Saida de Pista;1;1;0;0;0;0;1
23/11/2022;07:24:00;96;Acidente com Danos Materiais;594;BR-262/MG;Leste;Saida de Pista;2;1;0;0;0;0;1
23/11/2022;17:29:00;421;ac02 - Acidente com Vítima;653;BR-153/GO;Sul;Colisão Traseira;1;1;0;0;0;0;1
23/11/2022;23:41:00;571;ac02 - Acidente com Vítima;5;BR-060/GO;Sul;Saida de Pista;1;0;0;0;0;0;1
24/11/2022;11:04:37;203;Acidente com Danos Materiais;546;BR-262/MG;Oeste;Tombamento;1;1;0;0;0;0;1
24/11/2022;11:33:36;216;Acidente com Danos Materiais;76;BR-153/MG;Sul;Colisão Traseira;1;3;0;0;0;0;1
24/11/2022;12:51:45;244;Acidente com Danos Materiais;494;BR-153/GO;Sul;Colisão Traseira;1;3;0;0;0;0;1
24/11/2022;16:11:00;341;Acidente com Danos Materiais;7;BR-060/GO;Sul;Tombamento;1;2;0;0;0;0;1
25/11/2022;02:22:00;12;ac02 - Acidente com Vítima;366;BR-262/MG;Oeste;Atropelamento - Outros;1;0;0;0;0;0;1
25/11/2022;11:48:00;284;ac02 - Acidente com Vítima;524;BR-262/MG;Leste;Engavetamento;2;2;0;0;0;0;1
25/11/2022;15:45:27;368;Acidente com Danos Materiais;721;BR-262/MG;Oeste;Saida de Pista;1;1;0;0;0;0;1
25/11/2022;16:42:25;407;Acidente com Danos Materiais;496;BR-153/GO;Sul;Colisão Lateral;1;2;0;0;0;0;1
26/11/2022;03:37:36;25;Acidente com Danos Materiais;63;BR-153/MG;Norte;Tombamento;1;1;0;0;0;0;1
26/11/2022;14:35:05;234;Acidente com Danos Materiais;190;BR-153/MG;Sul;Colisão Traseira;3;3;0;0;0;0;1
26/11/2022;15:17:23;249;Acidente com Danos Materiais;586;BR-153/GO;Sul;Saida de Pista;1;1;0;0;0;0;1
27/11/2022;09:50:38;190;Acidente com Danos Materiais;532;BR-262/MG;Leste;Colisão Traseira;1;2;0;0;0;0;1
27/11/2022;12:39:00;352;Acidente com Danos Materiais;659;BR-153/GO;Sul;Colisão Traseira;1;3;0;0;0;0;1
27/11/2022;13:16:24;367;Acidente com Danos Materiais;568;BR-262/MG;Leste;Tombamento;2;2;0;0;0;0;1
28/11/2022;12:32:00;295;ac02 - Acidente com Vítima;516;BR-153/GO;Norte;Colisão Lateral;1;4;0;0;0;0;1
29/11/2022;07:12:21;74;Acidente com Danos Materiais;664;BR-153/GO;Norte;Capotamento;2;3;0;0;0;0;1
29/11/2022;12:15:53;218;Acidente com Danos Materiais;125;BR-060/GO;Sul;Saida de Pista;1;1;0;0;0;0;1
29/11/2022;12:35:00;224;Acidente com Danos Materiais;128;BR-060/GO;Norte;Choque - Defensa;1;1;0;0;0;0;1
29/11/2022;16:01:00;295;Acidente com Danos Materiais;516;BR-153/GO;Norte;Colisão Lateral;1;2;0;0;0;0;1
29/11/2022;16:29:52;309;Acidente com Danos Materiais;611;BR-262/MG;Leste;Tombamento;3;3;0;0;0;0;1
29/11/2022;21:46:16;402;Acidente com Danos Materiais;496;BR-153/GO;Norte;Colisão Lateral;1;2;0;0;0;0;1
29/11/2022;22:23:46;412;Acidente com Danos Materiais;509;BR-262/MG;Oeste;Saida de Pista;1;1;0;0;0;0;1
29/11/2022;23:07:00;418;Acidente com Danos Materiais;557;BR-262/MG;Leste;Tombamento;1;1;0;0;0;0;1
30/11/2022;11:14:00;158;ac02 - Acidente com Vítima;133;BR-060/GO;Norte;Colisão Transversal;1;2;0;0;1;0;2
30/11/2022;13:34:33;224;Acidente com Danos Materiais;539;BR-262/MG;Leste;Saida de Pista;1;1;0;0;0;0;1
30/11/2022;19:43:13;393;Acidente com Danos Materiais;38;BR-060/GO;Sul;Atropelamento de Animal;1;2;0;0;0;0;1
30/11/2022;19:44:05;395;Acidente com Danos Materiais;626;BR-262/MG;Oeste;Saida de Pista;1;2;0;0;0;0;1
30/11/2022;21:22:00;447;ac02 - Acidente com Vítima;398;BR-262/MG;Oeste;Colisão Transversal;2;1;0;1;0;0;2
01/12/2022;06:18:59;100;Acidente com Danos Materiais;66;BR-153/MG;Sul;Colisão Traseira;2;2;0;0;0;0;1
01/12/2022;11:07:11;214;Acidente com Danos Materiais;55,9;BR-153/MG;Norte;Tombamento;1;1;0;0;0;0;1
01/12/2022;12:21:00;241;Acidente com Danos Materiais;29;BR-153/MG;Norte;Tombamento;1;1;0;0;0;0;1
01/12/2022;16:36:42;353;Acidente com Danos Materiais;77;BR-153/MG;Sul;Tombamento;2;3;0;0;0;0;1
01/12/2022;19:56:00;460;Acidente com Danos Materiais;480;BR-262/MG;Oeste;Colisão Transversal;1;2;0;0;0;0;1
01/12/2022;20:40:41;479;ac02 - Acidente com Vítima;549;BR-153/GO;Sul;Saida de Pista;1;0;0;0;0;0;1
02/12/2022;07:14:00;102;ac01 - Acidente com Vítima Fatal;507;BR-153/GO;Norte;Colisão Traseira;1;1;0;0;1;1;3
02/12/2022;10:21:38;229;ac02 - Acidente com Vítima;741;BR-262/MG;Leste;Engavetamento;2;2;0;0;0;0;1
02/12/2022;21:13:00;440;Acidente com Danos Materiais;549;BR-262/MG;Oeste;Colisão Frontal;1;3;0;0;0;0;1
03/12/2022;02:38:04;24;ac02 - Acidente com Vítima;494;BR-153/GO;Norte;Colisão Traseira;1;1;0;0;0;0;1
03/12/2022;03:04:21;28;Acidente com Danos Materiais;509;BR-153/GO;Norte;Choque - Barreira;1;1;0;0;0;0;1
03/12/2022;03:24:00;31;Acidente com Danos Materiais;548;BR-262/MG;Leste;Saida de Pista;1;1;0;0;0;0;1
03/12/2022;09:43:06;161;Acidente com Danos Materiais;77;BR-153/MG;Sul;Colisão Traseira;2;2;0;0;0;0;1
03/12/2022;16:16:35;316;Acidente com Danos Materiais;608;BR-262/MG;Leste;Saida de Pista;1;5;0;0;0;0;1
05/12/2022;11:59:00;244;ac02 - Acidente com Vítima;46;BR-060/GO;Norte;Carreta deu L;1;0;0;0;0;0;1
05/12/2022;12:03:31;247;Acidente com Danos Materiais;96;BR-060/GO;Norte;Choque - Defensa;1;1;0;0;0;0;1
05/12/2022;15:06:54;304;Acidente com Danos Materiais;571;BR-262/MG;Leste;Colisão Traseira;1;1;0;0;0;0;1
05/12/2022;15:08:00;307;Acidente com Danos Materiais;465;BR-262/MG;Oeste;Engavetamento;1;3;0;0;0;0;1
05/12/2022;15:43:34;356;Acidente com Danos Materiais;464;BR-262/MG;Leste;Tombamento;1;1;0;0;0;0;1
05/12/2022;16:25:43;327;Acidente com Danos Materiais;550;BR-153/GO;Sul;Saida de Pista;1;1;0;0;0;0;1
06/12/2022;05:19:00;55;Acidente com Danos Materiais;25;BR-060/GO;Sul;Tombamento;2;2;0;0;0;0;1
06/12/2022;07:08:13;85;Acidente com Danos Materiais;15,2;BR-153/MG;Sul;Saida de Pista;1;1;0;0;0;0;1
06/12/2022;09:28:56;181;Acidente com Danos Materiais;26;BR-060/GO;Sul;Colisão Traseira;1;2;0;0;0;0;1
06/12/2022;11:12:08;243;Acidente com Danos Materiais;46;BR-153/MG;Norte;Colisão Traseira;1;1;0;0;0;0;1
06/12/2022;20:22:44;432;Acidente com Danos Materiais;595;BR-262/MG;Oeste;Saida de Pista;1;1;0;0;0;0;1
06/12/2022;21:17:14;448;Acidente com Danos Materiais;595;BR-262/MG;Oeste;Colisão Lateral;2;1;0;0;0;0;1
07/12/2022;06:54:00;66;Acidente com Danos Materiais;445;BR-262/MG;Oeste;Engavetamento;1;3;0;0;0;0;1
07/12/2022;11:26:31;289;Acidente com Danos Materiais;506;BR-153/GO;Norte;Colisão Lateral;1;2;0;0;0;0;1
07/12/2022;17:46:11;600;Acidente com Danos Materiais;472;BR-262/MG;Leste;Colisão Traseira;2;2;0;0;0;0;1
07/12/2022;18:32:19;615;Acidente com Danos Materiais;107;BR-060/GO;Norte;Colisão Traseira;1;2;0;0;0;0;1
08/12/2022;06:26:04;86;Acidente com Danos Materiais;72,5;BR-153/MG;Norte;Colisão Traseira;2;2;0;0;0;0;1
08/12/2022;06:56:11;94;Acidente com Danos Materiais;188;BR-153/MG;Norte;Saida de Pista;1;1;0;0;0;0;1
08/12/2022;07:26:08;101;Acidente com Danos Materiais;587;BR-153/GO;Norte;Saida de Pista;1;2;0;0;0;0;1
08/12/2022;07:35:36;107;ac02 - Acidente com Vítima;95;BR-060/GO;Sul;Engavetamento;1;2;0;0;0;0;1
08/12/2022;18:45:36;556;Acidente com Danos Materiais;108;BR-060/GO;Sul;Atropelamento de Animal;1;2;0;0;0;0;1
09/12/2022;06:33:00;95;Acidente com Danos Materiais;383,2;BR-262/MG;Oeste;Saida de Pista;1;1;0;0;0;0;1
09/12/2022;08:50:08;139;Acidente com Danos Materiais;36,5;BR-153/MG;Sul;Colisão Lateral;2;3;0;0;0;0;1
09/12/2022;09:13:10;151;Acidente com Danos Materiais;481;BR-262/MG;Oeste;Colisão Traseira;2;2;0;0;0;0;1
09/12/2022;16:30:02;415;Acidente com Danos Materiais;48;BR-153/MG;Sul;Saida de Pista;1;1;0;0;0;0;1
09/12/2022;17:28:41;444;ac02 - Acidente com Vítima;530;BR-262/MG;Leste;Atropelamento - Funcionário;1;0;0;0;0;0;1
10/12/2022;00:29:24;14;Acidente com Danos Materiais;449;BR-262/MG;Leste;Atropelamento de Animal;1;1;0;0;0;0;1
11/12/2022;07:59:45;99;Acidente com Danos Materiais;585;BR-153/GO;Norte;Tombamento;1;1;0;0;0;0;1
11/12/2022;10:56:38;262;Acidente com Danos Materiais;523;BR-262/MG;Leste;Colisão Lateral;1;2;0;0;0;0;1
11/12/2022;12:55:36;342;Acidente com Danos Materiais;494;BR-153/GO;Norte;Saida de Pista;1;1;0;0;0;0;1
11/12/2022;16:46:31;483;Acidente com Danos Materiais;668;BR-153/GO;Norte;Tombamento;1;1;0;0;0;0;1
11/12/2022;17:22:10;503;ac01 - Acidente com Vítima Fatal;524;BR-153/GO;Sul;Colisão Lateral;1;1;0;0;0;1;3
12/12/2022;02:42:14;21;Acidente com Danos Materiais;64;BR-153/MG;Norte;Tombamento;1;1;0;0;0;0;1
12/12/2022;11:23:19;177;ac02 - Acidente com Vítima;628,5;BR-262/MG;Leste;Tombamento;1;0;0;1;0;0;2
12/12/2022;13:52:39;226;Acidente com Danos Materiais;364;BR-262/MG;Leste;Colisão Traseira;1;2;0;0;0;0;1
12/12/2022;14:24:08;240;Acidente com Danos Materiais;38;BR-060/GO;Sul;Queda de Moto;1;1;0;0;0;0;1
12/12/2022;19:28:46;340;Acidente com Danos Materiais;223;BR-153/MG;Sul;Saida de Pista;1;1;0;0;0;0;1
13/12/2022;04:24:17;48;Acidente com Danos Materiais;195;BR-153/MG;Sul;Carreta deu L;1;1;0;0;0;0;1
13/12/2022;06:54:00;86;Acidente com Danos Materiais;523;BR-262/MG;Leste;Colisão Traseira;1;3;0;0;0;0;1
13/12/2022;12:35:06;185;Acidente com Danos Materiais;9;BR-060/DF;Sul;Tombamento;1;2;0;0;0;0;1
13/12/2022;14:13:00;224;Acidente com Danos Materiais;685,5;BR-153/GO;Norte;Saida de Pista;1;1;0;0;0;0;1
13/12/2022;15:04:00;271;Acidente com Danos Materiais;50,4;BR-153/MG;Sul;Colisão Lateral;2;2;0;0;0;0;1
13/12/2022;15:05:08;270;ac02 - Acidente com Vítima;86;BR-153/MG;Norte;Colisão Frontal;1;0;0;1;0;0;2
13/12/2022;18:46:15;346;ac02 - Acidente com Vítima;563,8;BR-153/GO;Sul;Saida de Pista;1;3;0;0;0;0;1
13/12/2022;19:28:37;368;ac02 - Acidente com Vítima;564;BR-153/GO;Norte;Tombamento;1;0;0;0;0;0;1
14/12/2022;08:28:06;166;Acidente com Danos Materiais;43;BR-153/MG;Norte;Colisão Traseira;2;3;0;0;0;0;1
14/12/2022;09:11:50;194;Acidente com Danos Materiais;572;BR-262/MG;Oeste;Saida de Pista;1;1;0;0;0;0;1
14/12/2022;09:59:59;219;ac02 - Acidente com Vítima;97;BR-060/GO;Norte;Colisão Traseira;1;1;0;0;0;0;1
14/12/2022;10:36:00;238;Acidente com Danos Materiais;595;BR-262/MG;Leste;Colisão Transversal;2;2;0;0;0;0;1
14/12/2022;12:06:53;319;Acidente com Danos Materiais;694;BR-262/MG;Leste;Colisão Traseira;2;2;0;0;0;0;1
14/12/2022;12:46:25;345;ac02 - Acidente com Vítima;353;BR-262/MG;Leste;Tombamento;1;0;0;0;0;0;1
14/12/2022;13:01:46;357;Acidente com Danos Materiais;574;BR-262/MG;Leste;Tombamento;1;1;0;0;0;0;1
14/12/2022;13:33:24;376;Acidente com Danos Materiais;587;BR-262/MG;Leste;Tombamento;1;1;0;0;0;0;1
14/12/2022;16:38:41;505;Acidente com Danos Materiais;110;BR-060/GO;Sul;Colisão Traseira;1;2;0;0;0;0;1
14/12/2022;19:20:52;640;Acidente com Danos Materiais;506;BR-153/GO;Sul;Engavetamento;1;6;0;0;0;0;1
15/12/2022;10:54:00;276;ac02 - Acidente com Vítima;20;BR-060/GO;Norte;Colisão Traseira;1;2;0;1;0;0;2
15/12/2022;13:13:15;365;Acidente com Danos Materiais;113;BR-060/GO;Norte;Tombamento;1;1;0;0;0;0;1
15/12/2022;13:19:42;374;Acidente com Danos Materiais;688;BR-262/MG;Leste;Colisão Lateral;2;2;0;0;0;0;1
15/12/2022;14:44:52;444;ac02 - Acidente com Vítima;504;BR-153/GO;Sul;Colisão Traseira;1;4;0;0;0;0;1
15/12/2022;15:10:35;459;Acidente com Danos Materiais;612;BR-262/MG;Leste;Choque - Outros;1;2;0;0;0;0;1
15/12/2022;19:16:44;647;Acidente com Danos Materiais;107;BR-060/GO;Norte;Colisão Lateral;1;2;0;0;0;0;1
16/12/2022;09:32:10;185;Acidente com Danos Materiais;423;BR-262/MG;Leste;Colisão Traseira;1;2;0;0;0;0;1
16/12/2022;16:31:39;474;Acidente com Danos Materiais;504;BR-153/GO;Norte;Colisão Traseira;1;2;0;0;0;0;1
16/12/2022;17:05:00;491;Acidente com Danos Materiais;2,8;BR-153/MG;Sul;Choque - Outros;1;1;0;0;0;0;1
16/12/2022;17:18:27;497;ac02 - Acidente com Vítima;438;BR-262/MG;Oeste;Colisão Traseira;1;1;0;0;0;0;1
16/12/2022;17:36:13;509;Acidente com Danos Materiais;509;BR-262/MG;Leste;Colisão Lateral;1;3;0;0;0;0;1
16/12/2022;17:55:54;514;Acidente com Danos Materiais;631;BR-262/MG;Leste;Tombamento;1;1;0;0;0;0;1
17/12/2022;09:20:00;281;Acidente com Danos Materiais;499;BR-153/GO;Sul;Choque - Defensa;1;1;0;0;0;0;1
17/12/2022;14:37:39;408;Acidente com Danos Materiais;7;BR-060/DF;Norte;Colisão Traseira;1;2;0;0;0;0;1
17/12/2022;15:46:38;437;Acidente com Danos Materiais;27;BR-060/DF;Norte;Colisão Traseira;1;3;0;0;0;0;1
17/12/2022;19:31:02;634;Acidente com Danos Materiais;356;BR-262/MG;Leste;Colisão Lateral;1;3;0;0;0;0;1