data;horario;n_da_ocorrencia;tipo_de_ocorrencia;km;trecho;sentido;tipo_de_acidente;caminhao;ilesos;levemente_feridos;moderadamente_feridos;gravemente_feridos;mortos;3
06/02/2023;11:11:17;150;Acidente com Danos Materiais;527;BR-262/MG;Leste;Saida de Pista;1;1;0;0;0;0;1
06/02/2023;14:58:39;245;Acidente com Danos Materiais;659;BR-153/GO;Sul;Colisão Traseira;1;2;0;0;0;0;1
06/02/2023;15:24:39;260;ac02 - Acidente com Vítima;526;BR-262/MG;Leste;Saida de Pista;1;1;0;0;0;0;1
06/02/2023;16:15:32;277;Acidente com Danos Materiais;722;BR-262/MG;Oeste;Colisão Lateral;1;3;0;0;0;0;1
06/02/2023;17:17:11;306;ac02 - Acidente com Vítima;16;BR-153/MG;Norte;Colisão Traseira;2;1;0;0;1;0;2
06/02/2023;18:19:00;326;Acidente com Danos Materiais;594;BR-262/MG;Leste;Saida de Pista;1;1;0;0;0;0;1
06/02/2023;21:31:41;390;Acidente com Danos Materiais;587;BR-262/MG;Oeste;Colisão Traseira;2;2;0;0;0;0;1
07/02/2023;03:32:00;50;Acidente com Danos Materiais;549;BR-262/MG;Oeste;Tombamento;1;1;0;0;0;0;1
07/02/2023;06:29:44;87;ac02 - Acidente com Vítima;632;BR-262/MG;Leste;Tombamento;1;0;0;0;0;0;1
07/02/2023;12:07:03;249;Acidente com Danos Materiais;228,8;BR-153/MG;Norte;Colisão Lateral;1;2;0;0;0;0;1
07/02/2023;15:19:31;338;Acidente com Danos Materiais;496;BR-153/GO;Norte;Colisão Traseira;1;2;0;0;0;0;1
07/02/2023;17:24:07;400;ac02 - Acidente com Vítima;505,4;BR-153/GO;Sul;Colisão Traseira;1;1;0;0;0;0;1
07/02/2023;19:48:25;485;ac02 - Acidente com Vítima;153,6;BR-153/MG;Sul;Tombamento;1;0;0;1;0;0;2
08/02/2023;10:39:38;206;Acidente com Danos Materiais;701;BR-262/MG;Leste;Colisão Traseira;1;1;0;0;0;0;1
08/02/2023;14:55:00;311;ac02 - Acidente com Vítima;617;BR-153/GO;Norte;Colisão Traseira;2;1;0;0;0;0;1
08/02/2023;15:09:00;318;ac02 - Acidente com Vítima;105;BR-153/MG;Sul;Colisão Lateral;1;1;0;1;0;0;2
08/02/2023;17:57:34;375;Acidente com Danos Materiais;861;BR-262/MG;Leste;Colisão Lateral;1;1;0;0;0;0;1
08/02/2023;18:31:31;401;Acidente com Danos Materiais;43;BR-153/MG;Sul;Saida de Pista;1;0;0;0;0;0;1
08/02/2023;22:13:00;463;Acidente com Danos Materiais;525;BR-262/MG;Leste;Colisão Lateral;1;2;0;0;0;0;1
08/02/2023;23:28:30;477;Acidente com Danos Materiais;115;BR-060/GO;Norte;Tombamento;1;1;0;0;0;0;1
09/02/2023;07:22:04;64;ac02 - Acidente com Vítima;78;BR-153/MG;Norte;Colisão Traseira;1;2;0;0;0;0;1
09/02/2023;09:17:00;111;ac02 - Acidente com Vítima;548;BR-262/MG;Oeste;Tombamento;1;0;0;1;0;0;2
09/02/2023;11:10:34;175;Acidente com Danos Materiais;512;BR-262/MG;Leste;Colisão Lateral;2;2;0;0;0;0;1
09/02/2023;11:31:37;187;Acidente com Danos Materiais;51;BR-153/MG;Sul;Tombamento;1;1;0;0;0;0;1
09/02/2023;15:12:26;256;ac02 - Acidente com Vítima;670;BR-262/MG;Leste;Engavetamento;1;2;0;0;0;0;1
09/02/2023;16:56:03;288;Acidente com Danos Materiais;579;BR-153/GO;Norte;Tombamento;1;1;0;0;0;0;1
09/02/2023;23:33:37;400;Acidente com Danos Materiais;84;BR-060/GO;Sul;Colisão Traseira;1;1;0;0;0;0;1
10/02/2023;01:50:00;20;ac02 - Acidente com Vítima;548;BR-262/MG;Leste;Tombamento;1;0;0;0;0;0;1
10/02/2023;09:17:10;84;Acidente com Danos Materiais;475;BR-262/MG;Leste;Colisão Traseira;2;2;0;0;0;0;1
10/02/2023;09:19:07;86;Acidente com Danos Materiais;213;BR-153/MG;Norte;Colisão Lateral;1;2;0;0;0;0;1
10/02/2023;10:06:26;114;Acidente com Danos Materiais;498;BR-153/GO;Sul;Engavetamento;1;3;0;0;0;0;1
10/02/2023;10:38:34;121;Acidente com Danos Materiais;686;BR-262/MG;Leste;Colisão Traseira;2;2;0;0;0;0;1
10/02/2023;11:17:00;138;Acidente com Danos Materiais;774;BR-262/MG;Leste;Colisão Traseira;2;2;0;0;0;0;1
10/02/2023;14:14:00;193;Acidente com Danos Materiais;128;BR-060/GO;Norte;Colisão Traseira;1;2;0;0;0;0;1
10/02/2023;17:42:06;263;Acidente com Danos Materiais;51,3;BR-153/MG;Sul;Colisão Traseira;2;2;0;0;0;0;1
11/02/2023;03:43:06;40;ac02 - Acidente com Vítima;28;BR-153/MG;Norte;Tombamento;1;1;0;0;0;0;1
11/02/2023;06:01:52;60;ac01 - Acidente com Vítima Fatal;532,1;BR-153/GO;Sul;Colisão Transversal;1;1;0;0;0;1;3
11/02/2023;16:33:00;298;Acidente com Danos Materiais;33;BR-153/MG;Sul;Colisão Traseira;1;1;0;0;0;0;1
12/02/2023;08:03:56;89;Acidente com Danos Materiais;17;BR-153/MG;Norte;Colisão Traseira;1;5;0;0;0;0;1
13/02/2023;00:57:49;21;ac02 - Acidente com Vítima;617,8;BR-153/GO;Norte;Tombamento;1;0;0;0;0;0;1
13/02/2023;06:51:54;68;Acidente com Danos Materiais;51;BR-153/MG;Norte;Tombamento;1;1;0;0;0;0;1
13/02/2023;07:02:00;72;Acidente com Danos Materiais;504;BR-153/GO;Sul;Colisão Traseira;1;2;0;0;0;0;1
13/02/2023;18:44:00;470;Acidente com Danos Materiais;115;BR-060/GO;Norte;;1;2;0;0;0;0;1
13/02/2023;20:17:24;505;ac02 - Acidente com Vítima;426;BR-262/MG;Leste;Colisão Frontal;2;2;0;0;0;0;1
13/02/2023;22:39:59;540;ac02 - Acidente com Vítima;232;BR-153/MG;Norte;Colisão Frontal;1;1;0;1;1;0;2
14/02/2023;09:51:26;133;Acidente com Danos Materiais;495;BR-153/GO;Sul;Colisão Frontal;1;1;0;0;0;0;1
14/02/2023;11:14:52;178;ac02 - Acidente com Vítima;11;BR-060/GO;Norte;Choque - Veiculo parado no acostamento;1;1;0;1;0;0;2
14/02/2023;12:39:54;219;Acidente com Danos Materiais;148;BR-153/MG;Sul;Colisão Traseira;1;2;0;0;0;0;1
14/02/2023;14:13:24;255;ac01 - Acidente com Vítima Fatal;567;BR-262/MG;Leste;Colisão Transversal;2;1;0;0;0;1;3
14/02/2023;21:02:32;447;Acidente com Danos Materiais;567;BR-262/MG;Leste;Colisão Transversal;2;2;0;0;0;0;1
15/02/2023;07:10:00;102;Acidente com Danos Materiais;594;BR-262/MG;Leste;Tombamento;1;1;0;0;0;0;1
15/02/2023;08:06:47;130;ac02 - Acidente com Vítima;95;BR-060/GO;Norte;Colisão Traseira;1;1;0;1;0;0;2
15/02/2023;15:55:00;355;Acidente com Danos Materiais;525;BR-153/GO;Norte;Choque- Poste/Equipamento;1;1;0;0;0;0;1
15/02/2023;17:29:00;403;Acidente com Danos Materiais;505,3;BR-262/MG;Oeste;Tombamento;1;1;0;0;0;0;1
16/02/2023;05:12:40;38;Acidente com Danos Materiais;587;BR-262/MG;Oeste;Tombamento;1;1;0;0;0;0;1
16/02/2023;06:33:57;63;ac02 - Acidente com Vítima;552;BR-262/MG;Oeste;Tombamento;1;0;0;0;0;0;1
16/02/2023;08:32:43;124;ac02 - Acidente com Vítima;549;BR-262/MG;Leste;Colisão Lateral;1;1;0;0;1;0;2
16/02/2023;20:05:07;503;ac02 - Acidente com Vítima;374;BR-262/MG;Leste;Saida de Pista;1;0;0;1;0;0;2
16/02/2023;23:00:00;566;ac02 - Acidente com Vítima;415;BR-262/MG;Leste;Saida de Pista;1;0;0;0;0;0;1
17/02/2023;02:07:06;36;Acidente com Danos Materiais;53,95;BR-153/MG;Sul;Saida de Pista;1;1;0;0;0;0;1
17/02/2023;10:34:31;203;Acidente com Danos Materiais;5;BR-060/GO;Sul;Tombamento;1;1;0;0;0;0;1
17/02/2023;14:27:13;297;Acidente com Danos Materiais;724;BR-262/MG;Leste;Capotamento;1;3;0;0;0;0;1
17/02/2023;19:25:20;432;Acidente com Danos Materiais;28;BR-060/GO;Sul;Tombamento;1;1;0;0;0;0;1
17/02/2023;21:22:00;466;Acidente com Danos Materiais;547;BR-262/MG;Leste;Saida de Pista;1;1;0;0;0;0;1
17/02/2023;23:15:00;496;Acidente com Danos Materiais;422;BR-262/MG;Leste;Saida de Pista;1;1;0;0;0;0;1
17/02/2023;23:37:18;501;Acidente com Danos Materiais;580;BR-262/MG;Leste;Tombamento;1;1;0;0;0;0;1
18/02/2023;04:07:31;71;Acidente com Danos Materiais;13;BR-153/MG;Norte;Saida de Pista;1;1;0;0;0;0;1
18/02/2023;10:37:46;186;Acidente com Danos Materiais;553;BR-153/GO;Norte;Choque - Veiculo parado na pista;1;2;0;0;0;0;1
18/02/2023;10:47:52;190;Acidente com Danos Materiais;90;BR-153/MG;Sul;Saida de Pista;1;1;0;0;0;0;1
18/02/2023;11:20:01;203;Acidente com Danos Materiais;115;BR-060/GO;Sul;Colisão Lateral;1;1;0;0;0;0;1
18/02/2023;11:41:48;213;Acidente com Danos Materiais;77,9;BR-153/MG;Sul;Saida de Pista;1;1;0;0;0;0;1
18/02/2023;12:04:54;218;ac02 - Acidente com Vítima;555;BR-153/GO;Norte;Tombamento;1;0;0;1;0;0;2
18/02/2023;12:13:48;219;Acidente com Danos Materiais;554;BR-262/MG;Leste;Saida de Pista;1;1;0;0;0;0;1
18/02/2023;12:14:48;221;Acidente com Danos Materiais;74;BR-060/GO;Norte;Carreta deu L;1;1;0;0;0;0;1
18/02/2023;12:41:37;233;Acidente com Danos Materiais;93;BR-060/GO;Norte;Colisão Traseira;1;1;0;0;0;0;1
18/02/2023;15:39:50;310;ac02 - Acidente com Vítima;131,6;BR-153/MG;Sul;Colisão Lateral;1;5;0;0;0;0;1
18/02/2023;16:28:00;335;Acidente com Danos Materiais;108;BR-153/MG;Norte;Colisão Traseira;1;2;0;0;0;0;1
18/02/2023;16:54:18;345;Acidente com Danos Materiais;235,5;BR-153/MG;Norte;Saida de Pista;1;1;0;0;0;0;1
18/02/2023;17:14:52;357;Acidente com Danos Materiais;587;BR-262/MG;Leste;Saida de Pista;1;1;0;0;0;0;1
18/02/2023;17:49:00;365;Acidente com Danos Materiais;505;BR-262/MG;Leste;Colisão Traseira;1;3;0;0;0;0;1
18/02/2023;18:09:02;375;Acidente com Danos Materiais;28;BR-060/GO;Norte;Colisão Lateral;1;2;0;0;0;0;1
18/02/2023;18:30:22;380;ac02 - Acidente com Vítima;122;BR-153/MG;Sul;Tombamento;1;0;0;1;0;0;2
18/02/2023;21:44:00;449;Acidente com Danos Materiais;547;BR-262/MG;Oeste;Tombamento;1;1;0;0;0;0;1
19/02/2023;19:21:00;342;ac01 - Acidente com Vítima Fatal;530;BR-153/GO;Norte;Colisão Lateral;1;1;0;0;0;1;3
19/02/2023;20:07:16;363;ac02 - Acidente com Vítima;209;BR-153/MG;Norte;Engavetamento;2;3;0;0;0;0;1
20/02/2023;06:03:15;109;Acidente com Danos Materiais;641;BR-153/GO;Sul;Saida de Pista;1;1;0;0;0;0;1
21/02/2023;05:40:10;59;Acidente com Danos Materiais;672;BR-153/GO;Norte;Saida de Pista;1;1;0;0;0;0;1
21/02/2023;06:56:36;74;Acidente com Danos Materiais;702;BR-153/GO;Norte;Saida de Pista;1;1;0;0;0;0;1
21/02/2023;11:03:41;215;Acidente com Danos Materiais;200;BR-153/MG;Norte;Colisão Traseira;2;2;0;0;0;0;1
21/02/2023;11:57:36;234;Acidente com Danos Materiais;131;BR-153/MG;Norte;Saida de Pista;1;1;0;0;0;0;1
22/02/2023;08:38:24;126;Acidente com Danos Materiais;783;BR-262/MG;Leste;Choque - Talude;1;1;0;0;0;0;1
22/02/2023;19:19:00;498;Acidente com Danos Materiais;505;BR-153/GO;Sul;Colisão Lateral;1;1;0;0;0;0;1
23/02/2023;11:50:00;220;Acidente com Danos Materiais;101;BR-060/GO;Sul;Colisão Lateral;1;6;0;0;0;0;1
24/02/2023;02:13:28;23;Acidente com Danos Materiais;627;BR-262/MG;Leste;Saida de Pista;1;3;0;0;0;0;1
24/02/2023;08:11:54;104;Acidente com Danos Materiais;587;BR-262/MG;Leste;Carreta deu L;1;1;0;0;0;0;1
24/02/2023;15:09:00;323;ac01 - Acidente com Vítima Fatal;129,95;BR-153/MG;Norte;Colisão Traseira;2;1;0;0;0;1;3
24/02/2023;15:55:31;361;Acidente com Danos Materiais;130;BR-153/MG;Norte;Colisão Lateral;1;4;0;0;0;0;1
24/02/2023;16:54:27;396;Acidente com Danos Materiais;464;BR-262/MG;Leste;Colisão Traseira;2;2;0;0;0;0;1
25/02/2023;14:48:32;261;ac02 - Acidente com Vítima;398;BR-262/MG;Leste;Colisão Lateral;1;1;0;1;0;0;2
26/02/2023;08:59:18;109;ac02 - Acidente com Vítima;19,3;BR-060/GO;Sul;Choque- Placa/Suporte Sinalização;1;0;0;1;1;0;2
26/02/2023;10:13:14;161;ac01 - Acidente com Vítima Fatal;30;BR-153/MG;Sul;Capotamento;1;0;0;0;0;1;3
26/02/2023;11:05:00;182;Acidente com Danos Materiais;546,1;BR-262/MG;Leste;Tombamento;1;1;0;0;0;0;1
26/02/2023;13:10:05;222;ac02 - Acidente com Vítima;521;BR-262/MG;Leste;Capotamento;1;2;0;0;0;0;1
26/02/2023;16:03:21;285;Acidente com Danos Materiais;583;BR-262/MG;Leste;Tombamento;1;1;0;0;0;0;1
27/02/2023;17:43:41;550;Acidente com Danos Materiais;895,5;BR-262/MG;Leste;Saida de Pista;1;1;0;0;0;0;1
27/02/2023;18:37:25;578;ac02 - Acidente com Vítima;17;BR-060/DF;Sul;Queda de Ciclista;1;0;0;0;0;0;1
28/02/2023;03:02:33;27;ac02 - Acidente com Vítima;428;BR-262/MG;Leste;Colisão Traseira;2;1;0;0;0;0;1
28/02/2023;07:31:00;82;Acidente com Danos Materiais;1;BR-060/GO;Norte;Tombamento;1;1;0;0;0;0;1
28/02/2023;07:59:00;99;Acidente com Danos Materiais;502;BR-153/GO;Norte;Colisão Lateral;1;2;0;0;0;0;1
28/02/2023;11:40:56;250;Acidente com Danos Materiais;561;BR-262/MG;Leste;Tombamento;1;1;0;0;0;0;1
28/02/2023;13:03:32;286;Acidente com Danos Materiais;75;BR-153/MG;Sul;Tombamento;1;3;0;0;0;0;1
28/02/2023;14:32:57;310;Acidente com Danos Materiais;46;BR-153/MG;Norte;Colisão Lateral;1;1;0;0;0;0;1
28/02/2023;17:11:41;383;Acidente com Danos Materiais;46;BR-153/MG;Sul;Colisão Traseira;1;2;0;0;0;0;1
01/03/2023;10:48:43;173;Acidente com Danos Materiais;372;BR-262/MG;Leste;Colisão Traseira;1;2;0;0;0;0;1
01/03/2023;12:27:17;214;Acidente com Danos Materiais;670;BR-262/MG;Oeste;Colisão Traseira;1;2;0;0;0;0;1
01/03/2023;12:58:44;233;Acidente com Vítima;530;BR-153/GO;Sul;Atropelamento - Funcionário;1;1;0;0;1;0;2
01/03/2023;15:55:00;344;Acidente com Danos Materiais;493;BR-153/GO;Sul;Engavetamento;2;4;0;0;0;0;1
01/03/2023;16:14:00;345;Acidente com Danos Materiais;588;BR-262/MG;Leste;Saida de Pista;1;1;0;0;0;0;1
02/03/2023;00:25:00;12;Acidente com Danos Materiais;660;BR-262/MG;Leste;Colisão Lateral;2;2;0;0;0;0;1
02/03/2023;16:30:00;435;Acidente com Vítima;503,2;BR-153/GO;Sul;Colisão Traseira;1;1;0;0;0;0;1
02/03/2023;17:25:11;455;Acidente com Vítima;599;BR-153/GO;Sul;Tombamento;1;0;0;0;0;0;1
03/03/2023;08:38:00;99;Acidente com Danos Materiais;643;BR-262/MG;Leste;Colisão Traseira;2;3;0;0;0;0;1
03/03/2023;11:32:16;189;Acidente com Vítima;124;BR-060/GO;Sul;Colisão Traseira;1;1;0;0;1;0;2
03/03/2023;13:03:56;218;Acidente com Danos Materiais;107;BR-060/GO;Norte;Engavetamento;1;4;0;0;0;0;1
03/03/2023;17:25:56;374;Acidente com Vítima;541;BR-153/GO;Norte;Colisão Traseira;1;0;0;0;0;0;1
03/03/2023;20:03:37;439;Acidente com Danos Materiais;96;BR-153/MG;Norte;Saida de Pista;1;1;0;0;0;0;1
03/03/2023;21:18:22;468;Acidente com Danos Materiais;686;BR-153/GO;Sul;Colisão Traseira;1;5;0;0;0;0;1
04/03/2023;01:12:03;37;Acidente com Danos Materiais;623;BR-153/GO;Sul;Saida de Pista;1;1;0;0;0;0;1
04/03/2023;04:51:30;56;Acidente com Vítima;481;BR-262/MG;Leste;Capotamento;1;1;0;0;0;0;1
04/03/2023;05:52:09;63;Acidente com Danos Materiais;13;BR-153/MG;Norte;Saida de Pista;1;1;0;0;0;0;1
04/03/2023;08:35:29;119;Acidente com Danos Materiais;580;BR-262/MG;Leste;Tombamento;1;1;0;0;0;0;1
05/03/2023;05:36:01;42;Acidente com Danos Materiais;593;BR-153/GO;Norte;Tombamento;1;1;0;0;0;0;1
05/03/2023;22:03:24;328;Acidente com Danos Materiais;43;BR-060/GO;Sul;Choque - Cabine de Pedágio;1;3;0;0;0;0;1
05/03/2023;23:20:29;343;Acidente com Danos Materiais;635;BR-153/GO;Sul;Saida de Pista;1;1;0;0;0;0;1
05/03/2023;23:27:00;345;Acidente com Danos Materiais;815;BR-262/MG;Oeste;Atropelamento de Animal;1;1;0;0;0;0;1
06/03/2023;02:04:00;24;Acidente com Vítima;547,7;BR-262/MG;Leste;Tombamento;1;0;0;0;0;0;1
06/03/2023;07:26:12;101;Acidente com Danos Materiais;782,8;BR-262/MG;Oeste;Colisão Traseira;1;2;0;0;0;0;1
07/03/2023;13:40:00;224;Acidente com Danos Materiais;6;BR-060/GO;Norte;Saida de Pista;1;1;0;0;0;0;1
07/03/2023;20:46:03;361;Acidente com Vítima Fatal;702,5;BR-153/GO;Sul;Atropelamento - Andarilho;1;1;0;0;0;1;3
08/03/2023;01:11:26;33;Acidente com Danos Materiais;367;BR-262/MG;Oeste;Atropelamento de Animal;1;1;0;0;0;0;1
08/03/2023;08:42:47;148;Acidente com Danos Materiais;668;BR-262/MG;Leste;Saida de Pista;1;1;0;0;0;0;1
08/03/2023;11:10:42;224;Acidente com Danos Materiais;748;BR-262/MG;Leste;Colisão Traseira;2;2;0;0;0;0;1
08/03/2023;16:00:38;350;Acidente com Danos Materiais;43,1;BR-060/GO;Norte;Choque - Outros;1;1;0;0;0;0;1
08/03/2023;20:44:41;459;Acidente com Danos Materiais;120;BR-060/GO;Sul;Tombamento;1;2;0;0;0;0;1
09/03/2023;08:10:18;90;Acidente com Vítima;512;BR-153/GO;Norte;Colisão Lateral;1;1;0;0;0;0;1
09/03/2023;08:18:32;102;Acidente com Vítima;372;BR-262/MG;Oeste;Atropelamento - Andarilho;1;1;0;0;0;0;1
09/03/2023;14:42:12;308;Acidente com Vítima;77;BR-153/MG;Norte;Engavetamento;5;5;0;0;1;0;2
09/03/2023;18:56:59;406;Acidente com Vítima;820;BR-262/MG;Oeste;Colisão Transversal;1;1;0;0;1;0;2
09/03/2023;22:02:00;458;Acidente com Danos Materiais;692;BR-153/GO;Norte;Tombamento;1;1;0;0;0;0;1
09/03/2023;23:03:03;470;Acidente com Vítima Fatal;463;BR-262/MG;Leste;Colisão Frontal;2;2;0;0;0;1;3
10/03/2023;08:13:57;110;Acidente com Danos Materiais;426;BR-262/MG;Oeste;Colisão Lateral;2;2;0;0;0;0;1
10/03/2023;11:12:00;254;Acidente com Vítima;496;BR-153/GO;Sul;Colisão Traseira;1;1;0;0;0;0;1
10/03/2023;21:56:00;595;Acidente com Danos Materiais;501;BR-262/MG;Leste;Atropelamento de Animal;1;1;0;0;0;0;1
10/03/2023;23:24:19;622;Acidente com Vítima;469,5;BR-262/MG;Leste;Saida de Pista;1;0;0;0;0;0;1
11/03/2023;11:16:00;394;Acidente com Danos Materiais;518;BR-153/GO;Sul;Tombamento;1;1;0;0;0;0;1
11/03/2023;17:43:54;585;Acidente com Vítima;564;BR-153/GO;Norte;Tombamento;1;0;0;1;0;0;2
11/03/2023;20:29:10;649;Acidente com Vítima Fatal;82;BR-153/MG;Norte;Colisão Frontal;2;1;0;0;0;2;3
11/03/2023;21:01:34;652;Acidente com Vítima;14;BR-153/MG;Sul;Colisão Traseira;1;1;0;0;0;0;1
12/03/2023;15:47:57;267;Acidente com Vítima;71;BR-153/MG;Sul;Colisão Traseira;2;2;0;1;1;0;2
12/03/2023;20:12:29;352;Acidente com Vítima Fatal;497;BR-262/MG;Leste;Colisão Frontal;1;2;0;0;0;1;3
13/03/2023;04:19:45;50;Acidente com Danos Materiais;493;BR-153/GO;Sul;Atropelamento - Ciclista;1;2;0;0;0;0;1
13/03/2023;14:11:59;242;Acidente com Vítima;66,8;BR-153/MG;Sul;Tombamento;1;0;0;0;0;0;1
13/03/2023;15:22:34;270;Acidente com Danos Materiais;92;BR-060/GO;Sul;Colisão Traseira;1;2;0;0;0;0;1
13/03/2023;16:34:00;290;Acidente com Danos Materiais;1;BR-060/GO;Sul;Colisão Frontal;1;2;0;0;0;0;1
14/03/2023;06:51:00;53;Acidente com Danos Materiais;515;BR-153/GO;Sul;Tombamento;1;1;0;0;0;0;1
14/03/2023;08:12:00;75;Acidente com Danos Materiais;79;BR-060/GO;Norte;Saida de Pista;1;1;0;0;0;0;1
14/03/2023;09:03:00;96;Acidente com Danos Materiais;98,8;BR-060/GO;Sul;Saida de Pista;1;1;0;0;0;0;1
14/03/2023;09:40:09;112;Acidente com Danos Materiais;633;BR-262/MG;Oeste;Colisão Lateral;1;2;0;0;0;0;1
14/03/2023;15:09:00;269;Acidente com Danos Materiais;502;BR-262/MG;Leste;Capotamento;1;1;0;0;0;0;1
14/03/2023;19:20:29;369;Acidente com Vítima;493;BR-153/GO;Sul;Colisão Traseira;2;2;0;1;1;0;2
15/03/2023;03:51:00;37;Acidente com Vítima;84;BR-060/GO;Sul;Colisão Traseira;1;1;0;0;0;0;1
15/03/2023;14:38:58;305;Acidente com Danos Materiais;366;BR-262/MG;Leste;Colisão Traseira;2;2;0;0;0;0;1
15/03/2023;17:10:54;407;Acidente com Danos Materiais;511;BR-262/MG;Oeste;Tombamento;2;1;0;0;0;0;1
16/03/2023;01:22:19;14;Acidente com Danos Materiais;124;BR-060/GO;Sul;Colisão Lateral;1;4;0;0;0;0;1
16/03/2023;12:43:00;198;Acidente com Vítima;553;BR-262/MG;Oeste;Tombamento;1;0;0;0;0;0;1
16/03/2023;13:06:04;206;Acidente com Vítima;368;BR-262/MG;Leste;Colisão Lateral;1;1;0;0;0;0;1
16/03/2023;16:22:02;313;Acidente com Danos Materiais;498;BR-153/GO;Sul;Colisão Traseira;1;2;0;0;0;0;1
17/03/2023;02:07:01;16;Acidente com Danos Materiais;78;BR-060/GO;Sul;Tombamento;1;1;0;0;0;0;1
17/03/2023;13:06:47;376;Acidente com Danos Materiais;626;BR-153/GO;Norte;Colisão Traseira;2;2;0;0;0;0;1
17/03/2023;14:43:10;435;Acidente com Danos Materiais;369;BR-262/MG;Leste;Tombamento;1;1;0;0;0;0;1
17/03/2023;17:19:54;506;Acidente com Danos Materiais;128;BR-060/GO;Sul;Colisão Traseira;1;2;0;0;0;0;1
17/03/2023;19:31:00;550;Acidente com Danos Materiais;587;BR-262/MG;Leste;Tombamento;1;7;0;0;0;0;1
17/03/2023;20:43:00;571;Acidente com Danos Materiais;367;BR-262/MG;Leste;Colisão Traseira;1;3;0;0;0;0;1
17/03/2023;22:58:59;643;Acidente com Danos Materiais;590;BR-262/MG;Leste;Saida de Pista;1;1;0;0;0;0;1
18/03/2023;15:17:00;326;Acidente com Vítima;505;BR-153/GO;Norte;Atropelamento - Morador/Trabalhador;1;1;0;0;1;0;2
18/03/2023;15:32:00;339;Acidente com Danos Materiais;467;BR-262/MG;Oeste;Capotamento;1;4;0;0;0;0;1
18/03/2023;16:01:00;353;Acidente com Danos Materiais;547;BR-262/MG;Leste;Choque - Elemento de Drenagem;1;2;0;0;0;0;1
18/03/2023;17:54:37;436;Acidente com Danos Materiais;54;BR-153/MG;Sul;Tombamento;1;1;0;0;0;0;1
20/03/2023;02:27:45;27;Acidente com Vítima;639;BR-262/MG;Leste;Tombamento;1;0;0;0;1;0;2
20/03/2023;09:24:18;166;Acidente com Danos Materiais;29;BR-153/MG;Sul;Colisão Traseira;2;2;0;0;0;0;1
20/03/2023;16:12:14;461;Acidente com Danos Materiais;429;BR-262/MG;Oeste;Colisão Lateral;2;2;0;0;0;0;1
20/03/2023;22:40:20;628;Acidente com Danos Materiais;568;BR-262/MG;Leste;Colisão Transversal;2;3;0;0;0;0;1
21/03/2023;10:07:20;222;Acidente com Danos Materiais;485;BR-262/MG;Oeste;Colisão Traseira;3;4;0;0;0;0;1
21/03/2023;11:14:00;255;Acidente com Vítima;84;BR-060/GO;Sul;Colisão Traseira;1;1;0;1;0;0;2
21/03/2023;15:08:54;369;Acidente com Danos Materiais;189;BR-153/MG;Norte;Colisão Traseira;2;2;0;0;0;0;1
21/03/2023;21:39:56;525;Acidente com Vítima Fatal;781;BR-262/MG;Leste;Colisão Frontal;1;1;0;0;0;2;3
21/03/2023;21:51:00;527;Acidente com Vítima;416;BR-262/MG;Leste;Saida de Pista;1;0;0;1;0;0;2
22/03/2023;20:46:49;565;Acidente com Danos Materiais;39;BR-060/GO;Sul;Tombamento;1;1;0;0;0;0;1
22/03/2023;21:09:19;570;Acidente com Danos Materiais;512;BR-153/GO;Sul;Colisão Traseira;1;2;0;0;0;0;1
23/03/2023;09:19:26;130;Acidente com Danos Materiais;357;BR-262/MG;Leste;Colisão Traseira;2;2;0;0;0;0;1
23/03/2023;15:27:00;297;Acidente com Danos Materiais;127;BR-060/GO;Norte;Colisão Traseira;1;1;0;0;0;0;1
24/03/2023;07:12:00;160;Acidente com Danos Materiais;363;BR-262/MG;Leste;Colisão Traseira;2;2;0;0;0;0;1
24/03/2023;12:02:48;378;Acidente com Danos Materiais;604,5;BR-262/MG;Leste;Tombamento;1;1;0;0;0;0;1
25/03/2023;02:25:00;41;Acidente com Danos Materiais;628;BR-262/MG;Oeste;Saida de Pista;1;2;0;0;0;0;1
25/03/2023;08:47:34;113;Acidente com Danos Materiais;487;BR-262/MG;Leste;Tombamento;1;1;0;0;0;0;1
25/03/2023;11:37:47;196;Acidente com Danos Materiais;492;BR-153/GO;Norte;Colisão Transversal;1;2;0;0;0;0;1
25/03/2023;15:09:55;287;Acidente com Danos Materiais;32;BR-153/MG;Sul;Tombamento;1;1;0;0;0;0;1
25/03/2023;15:19:11;289;Acidente com Vítima;570;BR-262/MG;Leste;Tombamento;1;0;0;0;0;0;1
25/03/2023;20:11:59;428;Acidente com Danos Materiais;697;BR-262/MG;Oeste;Carreta deu L;1;1;0;0;0;0;1
26/03/2023;09:54:58;165;Acidente com Danos Materiais;46,5;BR-153/MG;Sul;Tombamento;1;1;0;0;0;0;1
26/03/2023;10:46:00;198;Acidente com Vítima;386;BR-262/MG;Leste;Tombamento;1;2;0;0;0;0;1
26/03/2023;12:01:47;214;Acidente com Danos Materiais;373;BR-262/MG;Oeste;Colisão Traseira;1;1;0;0;0;0;1