data;horario;n_da_ocorrencia;tipo_de_ocorrencia;km;trecho;sentido;tipo_de_acidente;caminhao;ilesos;levemente_feridos;moderadamente_feridos;gravemente_feridos;mortos;3
26/03/2023;16:00:00;290;Acidente com Vítima Fatal;547;BR-262/MG;Leste;Colisão Transversal;1;1;0;0;0;1;3
26/03/2023;16:44:00;341;Acidente com Vítima;547;BR-262/MG;Oeste;Colisão Traseira;1;2;0;0;0;0;1
27/03/2023;10:00:00;168;Acidente com Danos Materiais;540;BR-153/GO;Norte;Colisão Traseira;1;2;0;0;0;0;1
27/03/2023;12:42:00;230;Acidente com Vítima;700,5;BR-153/GO;Norte;Colisão Traseira;2;1;0;0;0;0;1
27/03/2023;19:08:07;400;Acidente com Danos Materiais;505;BR-153/GO;Norte;Colisão Traseira;1;1;0;0;0;0;1
28/03/2023;07:43:00;112;Acidente com Danos Materiais;888;BR-262/MG;Leste;Colisão Lateral;1;2;0;0;0;0;1
28/03/2023;09:23:43;195;Acidente com Danos Materiais;461;BR-262/MG;Leste;Tombamento;2;3;0;0;0;0;1
28/03/2023;15:46:26;361;Acidente com Danos Materiais;186;BR-153/MG;Norte;Tombamento;1;1;0;0;0;0;1
28/03/2023;20:25:00;482;Acidente com Danos Materiais;781;BR-262/MG;Leste;Tombamento;1;1;0;0;0;0;1
29/03/2023;03:26:00;33;Acidente com Danos Materiais;845;BR-262/MG;Oeste;Tombamento;1;1;0;0;0;0;1
29/03/2023;11:28:46;160;Acidente com Danos Materiais;743;BR-262/MG;Leste;Tombamento;1;1;0;0;0;0;1
29/03/2023;14:16:00;205;Acidente com Danos Materiais;18;BR-060/DF;Sul;Saida de Pista;1;1;0;0;0;0;1
29/03/2023;15:20:00;225;Acidente com Vítima;659;BR-153/GO;Norte;Tombamento;1;0;0;2;0;0;2
29/03/2023;17:10:21;258;Acidente com Danos Materiais;1;BR-153/MG;Norte;Colisão Traseira;1;2;0;0;0;0;1
29/03/2023;19:34:38;309;Acidente com Vítima;84,8;BR-153/MG;Sul;Tombamento;1;0;0;1;0;0;2
29/03/2023;19:35:45;310;Acidente com Danos Materiais;379;BR-262/MG;Oeste;Tombamento;1;1;0;0;0;0;1
30/03/2023;01:16:14;13;Acidente com Danos Materiais;67;BR-060/GO;Sul;Saida de Pista;1;1;0;0;0;0;1
30/03/2023;10:06:55;142;Acidente com Danos Materiais;542;BR-153/GO;Norte;Choque - Veiculo parado no acostamento;1;2;0;0;0;0;1
30/03/2023;16:14:00;295;Acidente com Danos Materiais;493,3;BR-262/MG;Leste;Colisão Traseira;1;1;0;0;0;0;1
31/03/2023;02:44:00;44;Acidente com Vítima;639;BR-153/GO;Norte;Colisão Traseira;2;1;0;0;0;0;1
31/03/2023;12:53:00;261;Acidente com Danos Materiais;455;BR-262/MG;Oeste;Colisão Traseira;1;2;0;0;0;0;1
31/03/2023;16:13:59;334;Acidente com Danos Materiais;24;BR-153/MG;Norte;Saida de Pista;1;1;0;0;0;0;1
31/03/2023;17:09:32;353;Acidente com Danos Materiais;494;BR-153/GO;Norte;Colisão Lateral;1;2;0;0;0;0;1
31/03/2023;17:14:38;354;Acidente com Vítima;184,9;BR-153/MG;Sul;Colisão Traseira;2;1;0;1;0;0;2
31/03/2023;17:33:00;360;Acidente com Vítima;586;BR-262/MG;Leste;Colisão Transversal;1;1;0;1;0;0;2
31/03/2023;17:47:30;367;Acidente com Vítima;588;BR-262/MG;Leste;Tombamento;1;0;0;2;0;0;2
31/03/2023;19:29:00;402;Acidente com Danos Materiais;18;BR-153/MG;Norte;Choque - Barreira;1;1;0;0;0;0;1
01/01/2023;00:37:09;5;Sem vítima;584;BR-262/GO;Decrescente;Acidentes de outra natureza;1;0;0;0;0;0;1
01/01/2023;04:15:18;29;Sem vítima;593;BR-153/GO;Decrescente;Acidentes de outra natureza;1;0;0;0;0;0;1
01/01/2023;10:07:43;129;Sem vítima;129,5;BR-153/GO;Crescente;Acidentes de outra natureza;1;0;0;0;0;0;1
01/01/2023;11:29:51;163;Sem vítima;520;BR-153/GO;Decrescente;Acidentes de outra natureza;1;0;0;0;0;0;1
01/01/2023;12:35:12;203;Sem vítima;211;BR-153/GO;Decrescente;Acidentes de outra natureza;1;0;0;0;0;0;1
01/01/2023;13:34:00;237;Sem vítima;131;BR-60/GO;Crescente;Acidentes de outra natureza;1;0;0;0;0;0;1
01/01/2023;15:44:21;319;Sem vítima;687;BR-153/GO;Decrescente;Acidentes de outra natureza;1;0;0;0;0;0;1
01/01/2023;15:44:50;321;Sem vítima;570;BR-262/GO;Decrescente;Tombamento;1;1;0;0;0;0;1
01/01/2023;16:15:08;344;Sem vítima;533;BR-153/GO;Crescente;Acidentes de outra natureza;1;0;0;0;0;0;1
01/01/2023;16:23:32;349;Sem vítima;538;BR-153/GO;Crescente;Acidentes de outra natureza;1;0;0;0;0;0;1
01/01/2023;16:46:55;381;Sem vítima;553;BR-153/GO;Decrescente;Acidentes de outra natureza;1;0;0;0;0;0;1
01/01/2023;17:15:29;425;Sem vítima;567;BR-153/GO;Decrescente;Acidentes de outra natureza;1;0;0;0;0;0;1
01/01/2023;18:09:00;501;Sem vítima;654,2;BR-153/GO;Decrescente;Acidentes de outra natureza;1;0;0;0;0;0;1
01/01/2023;18:09:00;503;Sem vítima;120;BR-153/GO;Decrescente;Acidentes de outra natureza;1;0;0;0;0;0;1
01/01/2023;18:35:00;540;Sem vítima;35;BR-153/GO;Decrescente;Acidentes de outra natureza;1;0;0;0;0;0;1
02/01/2023;00:01:56;2;Sem vítima;575;BR-153/GO;Crescente;Acidentes de outra natureza;1;0;0;0;0;0;1
02/01/2023;00:36:58;11;Sem vítima;529;BR-153/GO;Crescente;Acidentes de outra natureza;1;0;0;0;0;0;1
02/01/2023;03:39:59;57;Sem vítima;2;BR-153/GO;Crescente;Acidentes de outra natureza;1;0;0;0;0;0;1
02/01/2023;05:08:28;75;Sem vítima;394;BR-262/GO;Crescente;Acidentes de outra natureza;1;0;0;0;0;0;1
02/01/2023;06:28:19;94;Sem vítima;600;BR-262/GO;Decrescente;Acidentes de outra natureza;1;0;0;0;0;0;1
02/01/2023;07:31:40;109;Sem vítima;461;BR-262/GO;Crescente;Acidentes de outra natureza;1;0;0;0;0;0;1
02/01/2023;07:54:46;118;Sem vítima;653;BR-262/GO;Decrescente;Acidentes de outra natureza;1;0;0;0;0;0;1
02/01/2023;08:09:59;128;Sem vítima;725;BR-262/GO;Crescente;Acidentes de outra natureza;1;0;0;0;0;0;1
02/01/2023;08:27:44;134;Sem vítima;503;BR-262/GO;Decrescente;Acidentes de outra natureza;1;0;0;0;0;0;1
02/01/2023;08:33:00;139;Sem vítima;517;BR-153/GO;Decrescente;Acidentes de outra natureza;1;0;0;0;0;0;1
02/01/2023;08:42:44;147;Sem vítima;474;BR-262/GO;Decrescente;Acidentes de outra natureza;1;0;0;0;0;0;1
02/01/2023;10:12:44;193;Sem vítima;424;BR-262/GO;Decrescente;Acidentes de outra natureza;1;0;0;0;0;0;1
02/01/2023;11:16:56;214;Sem vítima;653;BR-262/GO;Crescente;Acidentes de outra natureza;1;0;0;0;0;0;1
02/01/2023;11:40:00;249;Sem vítima;35;BR-153/GO;Crescente;Acidentes de outra natureza;1;0;0;0;0;0;1
02/01/2023;11:43:07;250;Sem vítima;472;BR-262/GO;Crescente;Acidentes de outra natureza;1;0;0;0;0;0;1
02/01/2023;12:27:05;268;Sem vítima;665;BR-153/GO;Crescente;Acidentes de outra natureza;1;0;0;0;0;0;1
02/01/2023;12:55:53;278;Sem vítima;76;BR-60/GO;Crescente;Acidentes de outra natureza;1;0;0;0;0;0;1
02/01/2023;13:08:47;284;Sem vítima;82,7;BR-153/GO;Decrescente;Acidentes de outra natureza;1;0;0;0;0;0;1
02/01/2023;13:26:44;293;Sem vítima;23;BR-153/GO;Decrescente;Acidentes de outra natureza;1;0;0;0;0;0;1
02/01/2023;15:10:53;369;Sem vítima;123;BR-153/GO;Crescente;Acidentes de outra natureza;1;0;0;0;0;0;1
02/01/2023;15:52:00;405;Sem vítima;441;BR-262/GO;Decrescente;Acidentes de outra natureza;1;0;0;0;0;0;1
02/01/2023;16:08:00;410;Sem vítima;122;BR-60/GO;Decrescente;Acidentes de outra natureza;1;0;0;0;0;0;1
02/01/2023;16:35:19;422;Sem vítima;466;BR-262/GO;Decrescente;Acidentes de outra natureza;1;0;0;0;0;0;1
02/01/2023;16:41:58;428;Sem vítima;590;BR-262/GO;Decrescente;Acidentes de outra natureza;1;0;0;0;0;0;1
02/01/2023;17:29:26;455;Sem vítima;575;BR-262/GO;Decrescente;Acidentes de outra natureza;1;0;0;0;0;0;1
02/01/2023;17:40:00;461;Sem vítima;666;BR-153/GO;Crescente;Acidentes de outra natureza;1;0;0;0;0;0;1
02/01/2023;17:58:56;480;Sem vítima;504;BR-153/GO;Decrescente;Acidentes de outra natureza;1;0;0;0;0;0;1
02/01/2023;18:20:45;498;Sem vítima;65;BR-153/GO;Crescente;Acidentes de outra natureza;1;0;0;0;0;0;1
02/01/2023;18:35:10;504;Sem vítima;666;BR-153/GO;Crescente;Acidentes de outra natureza;1;0;0;0;0;0;1
02/01/2023;18:42:17;510;Sem vítima;173;BR-153/GO;Crescente;Acidentes de outra natureza;1;0;0;0;0;0;1
02/01/2023;18:49:21;512;Sem vítima;389;BR-262/GO;Decrescente;Acidentes de outra natureza;1;0;0;0;0;0;1
02/01/2023;19:35:58;537;Sem vítima;550;BR-153/GO;Decrescente;Acidentes de outra natureza;1;0;0;0;0;0;1
02/01/2023;19:48:12;546;Sem vítima;842;BR-262/GO;Decrescente;Acidentes de outra natureza;1;0;0;0;0;0;1
02/01/2023;20:01:00;555;Sem vítima;674;BR-153/GO;Crescente;Acidentes de outra natureza;1;0;0;0;0;0;1
02/01/2023;20:01:00;557;Sem vítima;466;BR-262/GO;Crescente;Acidentes de outra natureza;1;0;0;0;0;0;1
02/01/2023;20:09:53;564;Sem vítima;94;BR-60/GO;Decrescente;Acidentes de outra natureza;1;0;0;0;0;0;1
02/01/2023;20:36:43;584;Sem vítima;424;BR-262/GO;Decrescente;Acidentes de outra natureza;1;0;0;0;0;0;1
02/01/2023;20:41:00;590;Sem vítima;65;BR-153/GO;Crescente;Acidentes de outra natureza;1;0;0;0;0;0;1
02/01/2023;21:38:00;625;Sem vítima;722;BR-262/GO;Crescente;Acidentes de outra natureza;1;0;0;0;0;0;1
02/01/2023;22:08:49;635;Sem vítima;197;BR-153/GO;Decrescente;Acidentes de outra natureza;1;0;0;0;0;0;1
02/01/2023;22:35:44;643;Sem vítima;737;BR-262/GO;Crescente;Acidentes de outra natureza;1;0;0;0;0;0;1
03/01/2023;01:37:21;36;Sem vítima;674;BR-262/GO;Crescente;Acidentes de outra natureza;1;0;0;0;0;0;1
03/01/2023;02:45:47;60;Sem vítima;2;BR-60/GO;Decrescente;Acidentes de outra natureza;1;0;0;0;0;0;1
03/01/2023;02:49:35;63;Sem vítima;107;BR-60/GO;Decrescente;Acidentes de outra natureza;1;0;0;0;0;0;1
03/01/2023;02:57:00;64;Sem vítima;820;BR-262/GO;Crescente;Acidentes de outra natureza;1;0;0;0;0;0;1
03/01/2023;03:36:04;74;Sem vítima;27,5;BR-60/GO;Crescente;Acidentes de outra natureza;1;0;0;0;0;0;1
03/01/2023;03:49:41;77;Sem vítima;41,5;BR-60/GO;Decrescente;Acidentes de outra natureza;1;0;0;0;0;0;1
03/01/2023;04:40:43;89;Sem vítima;549;BR-262/GO;Decrescente;Acidentes de outra natureza;1;0;0;0;0;0;1
03/01/2023;05:58:34;102;Sem vítima;388;BR-262/GO;Decrescente;Acidentes de outra natureza;1;0;0;0;0;0;1
03/01/2023;06:36:00;112;Sem vítima;431,9;BR-262/GO;Crescente;Acidentes de outra natureza;1;1;0;0;0;0;1
03/01/2023;06:54:00;115;Sem vítima;5;BR-60/GO;Decrescente;Acidentes de outra natureza;1;0;0;0;0;0;1
03/01/2023;07:23:00;125;Sem vítima;379;BR-262/GO;Crescente;Acidentes de outra natureza;1;0;0;0;0;0;1
03/01/2023;07:41:31;131;Sem vítima;775;BR-262/GO;Decrescente;Acidentes de outra natureza;1;0;0;0;0;0;1
03/01/2023;07:49:54;135;Sem vítima;604;BR-153/GO;Decrescente;Acidentes de outra natureza;1;0;0;0;0;0;1
03/01/2023;08:04:17;143;Sem vítima;423;BR-262/GO;Decrescente;Acidentes de outra natureza;1;0;0;0;0;0;1
03/01/2023;08:07:04;146;Sem vítima;29;BR-60/GO;Crescente;Acidentes de outra natureza;1;0;0;0;0;0;1
03/01/2023;08:41:27;168;Sem vítima;733;BR-262/GO;Crescente;Acidentes de outra natureza;1;0;0;0;0;0;1
03/01/2023;09:55:36;206;Sem vítima;631;BR-262/GO;Decrescente;Acidentes de outra natureza;1;0;0;0;0;0;1
03/01/2023;10:03:04;214;Sem vítima;513;BR-262/GO;Decrescente;Acidentes de outra natureza;1;0;0;0;0;0;1
03/01/2023;10:20:00;230;Sem vítima;732;BR-262/GO;Decrescente;Acidentes de outra natureza;1;0;0;0;0;0;1
03/01/2023;10:27:08;237;Sem vítima;882;BR-262/GO;Decrescente;Acidentes de outra natureza;1;0;0;0;0;0;1
03/01/2023;10:34:28;243;Sem vítima;426;BR-262/GO;Crescente;Acidentes de outra natureza;1;0;0;0;0;0;1
03/01/2023;10:53:43;255;Sem vítima;544,8;BR-153/GO;Decrescente;Acidentes de outra natureza;1;0;0;0;0;0;1
03/01/2023;11:00:00;261;Sem vítima;108;BR-60/GO;Decrescente;Acidentes de outra natureza;1;0;0;0;0;0;1
03/01/2023;11:10:26;263;Sem vítima;578;BR-262/GO;Decrescente;Acidentes de outra natureza;1;0;0;0;0;0;1
03/01/2023;11:53:12;278;Sem vítima;658;BR-262/GO;Crescente;Acidentes de outra natureza;1;0;0;0;0;0;1
03/01/2023;11:55:48;281;Sem vítima;728;BR-262/GO;Crescente;Acidentes de outra natureza;1;0;0;0;0;0;1
03/01/2023;12:16:00;304;Sem vítima;362;BR-262/GO;Decrescente;Acidentes de outra natureza;1;0;0;0;0;0;1
03/01/2023;12:36:42;315;Sem vítima;227;BR-153/GO;Decrescente;Acidentes de outra natureza;1;0;0;0;0;0;1
03/01/2023;13:00:00;327;Sem vítima;13;BR-60/GO;Decrescente;Acidentes de outra natureza;1;0;0;0;0;0;1
03/01/2023;13:18:00;329;Sem vítima;729,9;BR-262/GO;Crescente;Acidentes de outra natureza;1;0;0;0;0;0;1
03/01/2023;14:40:48;387;Sem vítima;712;BR-262/GO;Decrescente;Acidentes de outra natureza;1;0;0;0;0;0;1
03/01/2023;14:44:00;390;Sem vítima;415;BR-262/GO;Decrescente;Acidentes de outra natureza;1;0;0;0;0;0;1
03/01/2023;15:47:44;430;Sem vítima;737;BR-262/GO;Decrescente;Acidentes de outra natureza;1;0;0;0;0;0;1
03/01/2023;16:05:17;435;Sem vítima;737;BR-262/GO;Decrescente;Acidentes de outra natureza;1;0;0;0;0;0;1
03/01/2023;16:08:10;438;Sem vítima;162;BR-153/GO;Decrescente;Acidentes de outra natureza;1;0;0;0;0;0;1
03/01/2023;16:23:29;445;Sem vítima;872;BR-262/GO;Decrescente;Acidentes de outra natureza;1;0;0;0;0;0;1
03/01/2023;17:01:33;457;Sem vítima;628;BR-153/GO;Decrescente;Acidentes de outra natureza;1;0;0;0;0;0;1
03/01/2023;17:35:34;472;Sem vítima;74;BR-153/GO;Decrescente;Acidentes de outra natureza;1;0;0;0;0;0;1
03/01/2023;18:00:31;485;Sem vítima;635;BR-153/GO;Crescente;Acidentes de outra natureza;1;0;0;0;0;0;1
03/01/2023;18:19:00;489;Sem vítima;723;BR-262/GO;Decrescente;Acidentes de outra natureza;1;0;0;0;0;0;1
03/01/2023;18:31:31;493;Sem vítima;230;BR-153/GO;Decrescente;Acidentes de outra natureza;1;0;0;0;0;0;1
03/01/2023;19:02:43;503;Sem vítima;136;BR-60/GO;Decrescente;Acidentes de outra natureza;1;0;0;0;0;0;1
03/01/2023;19:50:38;516;Sem vítima;46,2;BR-153/GO;Decrescente;Acidentes de outra natureza;1;0;0;0;0;0;1
03/01/2023;19:55:17;517;Sem vítima;212;BR-153/GO;Decrescente;Acidentes de outra natureza;1;0;0;0;0;0;1
03/01/2023;20:04:55;523;Sem vítima;723;BR-262/GO;Decrescente;Acidentes de outra natureza;1;0;0;0;0;0;1
03/01/2023;20:57:03;534;Sem vítima;700;BR-153/GO;Crescente;Acidentes de outra natureza;1;0;0;0;0;0;1
03/01/2023;21:09:14;539;Sem vítima;223;BR-153/GO;Crescente;Acidentes de outra natureza;1;0;0;0;0;0;1
03/01/2023;21:22:00;544;Sem vítima;362;BR-262/GO;Decrescente;Acidentes de outra natureza;1;0;0;0;0;0;1
03/01/2023;21:53:00;554;Sem vítima;599;BR-153/GO;Decrescente;Acidentes de outra natureza;1;0;0;0;0;0;1
03/01/2023;22:52:00;565;Sem vítima;380;BR-262/GO;Crescente;Acidentes de outra natureza;1;0;0;0;0;0;1
03/01/2023;23:19:19;574;Sem vítima;552;BR-153/GO;Crescente;Acidentes de outra natureza;1;0;0;0;0;0;1
04/01/2023;00:36:02;8;Sem vítima;553;BR-153/GO;Decrescente;Acidentes de outra natureza;1;0;0;0;0;0;1
04/01/2023;05:10:06;36;Sem vítima;539;BR-262/GO;Decrescente;Acidentes de outra natureza;1;0;0;0;0;0;1
04/01/2023;06:28:00;45;Sem vítima;540;BR-153/GO;Crescente;Acidentes de outra natureza;1;0;0;0;0;0;1
04/01/2023;06:36:00;46;Sem vítima;378;BR-262/GO;Decrescente;Acidentes de outra natureza;1;0;0;0;0;0;1
04/01/2023;07:26:05;66;Sem vítima;722;BR-262/GO;Crescente;Acidentes de outra natureza;1;0;0;0;0;0;1
04/01/2023;07:26:49;67;Sem vítima;722;BR-262/GO;Crescente;Acidentes de outra natureza;1;0;0;0;0;0;1
04/01/2023;08:12:22;93;Sem vítima;176;BR-153/GO;Decrescente;Acidentes de outra natureza;1;0;0;0;0;0;1
04/01/2023;08:21:15;96;Sem vítima;461,9;BR-262/GO;Crescente;Acidentes de outra natureza;1;0;0;0;0;0;1
04/01/2023;08:31:15;105;Sem vítima;72;BR-153/GO;Decrescente;Acidentes de outra natureza;1;0;0;0;0;0;1
04/01/2023;08:43:28;115;Sem vítima;513;BR-262/GO;Crescente;Acidentes de outra natureza;1;0;0;0;0;0;1
04/01/2023;08:58:45;126;Sem vítima;96;BR-153/GO;Crescente;Acidentes de outra natureza;1;0;0;0;0;0;1
04/01/2023;09:04:59;129;Sem vítima;52;BR-153/GO;Decrescente;Acidentes de outra natureza;1;0;0;0;0;0;1
04/01/2023;10:01:00;171;Sem vítima;722;BR-262/GO;Crescente;Acidentes de outra natureza;1;0;0;0;0;0;1
04/01/2023;10:03:26;172;Sem vítima;483;BR-262/GO;Decrescente;Acidentes de outra natureza;1;0;0;0;0;0;1
04/01/2023;10:04:00;173;Sem vítima;105;BR-60/GO;Decrescente;Acidentes de outra natureza;1;0;0;0;0;0;1
04/01/2023;10:31:00;186;Sem vítima;362;BR-262/GO;Crescente;Acidentes de outra natureza;1;0;0;0;0;0;1
04/01/2023;10:40:00;192;Sem vítima;482;BR-262/GO;Decrescente;Acidentes de outra natureza;1;0;0;0;0;0;1
04/01/2023;10:43:18;193;Sem vítima;533;BR-262/GO;Decrescente;Acidentes de outra natureza;1;0;0;0;0;0;1
04/01/2023;10:44:49;194;Sem vítima;675;BR-262/GO;Crescente;Acidentes de outra natureza;1;0;0;0;0;0;1
04/01/2023;11:05:00;204;Sem vítima;129;BR-60/GO;Crescente;Acidentes de outra natureza;1;0;0;0;0;0;1
04/01/2023;11:06:08;205;Sem vítima;635;BR-262/GO;Decrescente;Acidentes de outra natureza;1;0;0;0;0;0;1
04/01/2023;11:09:20;208;Sem vítima;77;BR-153/GO;Crescente;Acidentes de outra natureza;1;0;0;0;0;0;1
04/01/2023;11:22:10;217;Sem vítima;406,5;BR-262/GO;Crescente;Acidentes de outra natureza;1;0;0;0;0;0;1
04/01/2023;11:52:00;240;Sem vítima;388;BR-262/GO;Crescente;Acidentes de outra natureza;1;0;0;0;0;0;1
04/01/2023;12:03:39;247;Sem vítima;826;BR-262/GO;Decrescente;Acidentes de outra natureza;1;0;0;0;0;0;1
04/01/2023;12:34:58;272;Sem vítima;502;BR-153/GO;Decrescente;Acidentes de outra natureza;1;0;0;0;0;0;1
04/01/2023;12:39:36;274;Sem vítima;418;BR-262/GO;Decrescente;Acidentes de outra natureza;1;0;0;0;0;0;1
04/01/2023;13:35:00;291;Sem vítima;361;BR-262/GO;Decrescente;Acidentes de outra natureza;1;0;0;0;0;0;1
04/01/2023;14:44:53;335;Sem vítima;720;BR-262/GO;Crescente;Acidentes de outra natureza;1;0;0;0;0;0;1
04/01/2023;15:22:15;375;Sem vítima;107;BR-60/GO;Decrescente;Acidentes de outra natureza;1;0;0;0;0;0;1
04/01/2023;15:30:59;390;Sem vítima;902;BR-262/GO;Decrescente;Acidentes de outra natureza;1;0;0;0;0;0;1
04/01/2023;15:52:39;413;Sem vítima;8;BR-60/GO;Decrescente;Acidentes de outra natureza;1;0;0;0;0;0;1
04/01/2023;16:46:23;474;Sem vítima;130;BR-153/GO;Decrescente;Colisão traseira;1;1;0;0;0;0;1
04/01/2023;17:00:00;497;Sem vítima;37;BR-60/GO;Decrescente;Acidentes de outra natureza;1;0;0;0;0;0;1
04/01/2023;17:29:00;524;Sem vítima;650;BR-262/GO;Decrescente;Acidentes de outra natureza;1;0;0;0;0;0;1
04/01/2023;17:29:07;521;Sem vítima;26;BR-153/GO;Decrescente;Acidentes de outra natureza;1;0;0;0;0;0;1
04/01/2023;17:34:00;529;Sem vítima;668;BR-153/GO;Decrescente;Acidentes de outra natureza;1;0;0;0;0;0;1
04/01/2023;17:52:51;535;Sem vítima;113;BR-153/GO;Decrescente;Acidentes de outra natureza;1;0;0;0;0;0;1
04/01/2023;18:29:00;544;Sem vítima;399;BR-262/GO;Crescente;Acidentes de outra natureza;1;0;0;0;0;0;1
04/01/2023;18:40:22;548;Sem vítima;643;BR-262/GO;Decrescente;Acidentes de outra natureza;1;0;0;0;0;0;1
04/01/2023;18:42:08;551;Sem vítima;138;BR-153/GO;Crescente;Acidentes de outra natureza;1;0;0;0;0;0;1
04/01/2023;19:23:25;569;Sem vítima;30;BR-60/GO;Crescente;Acidentes de outra natureza;1;0;0;0;0;0;1
04/01/2023;19:31:26;572;Sem vítima;112;BR-153/GO;Decrescente;Acidentes de outra natureza;1;0;0;0;0;0;1
04/01/2023;19:49:48;576;Sem vítima;902;BR-262/GO;Decrescente;Acidentes de outra natureza;1;0;0;0;0;0;1
04/01/2023;20:27:30;591;Sem vítima;128;BR-153/GO;Decrescente;Acidentes de outra natureza;1;0;0;0;0;0;1
04/01/2023;21:00:53;599;Sem vítima;541;BR-262/GO;Decrescente;Acidentes de outra natureza;1;0;0;0;0;0;1
04/01/2023;21:14:03;605;Sem vítima;418;BR-262/GO;Crescente;Acidentes de outra natureza;1;0;0;0;0;0;1
04/01/2023;21:29:41;613;Sem vítima;582;BR-153/GO;Decrescente;Acidentes de outra natureza;1;0;0;0;0;0;1
04/01/2023;21:34:00;616;Sem vítima;647;BR-262/GO;Decrescente;Acidentes de outra natureza;1;0;0;0;0;0;1
04/01/2023;21:49:14;620;Sem vítima;556;BR-262/GO;Decrescente;Acidentes de outra natureza;1;0;0;0;0;0;1
04/01/2023;22:04:00;624;Sem vítima;12;BR-153/GO;Crescente;Acidentes de outra natureza;1;0;0;0;0;0;1
04/01/2023;22:47:00;631;Sem vítima;56;BR-153/GO;Decrescente;Acidentes de outra natureza;1;0;0;0;0;0;1
05/01/2023;00:21:00;4;Sem vítima;83;BR-60/GO;Crescente;Acidentes de outra natureza;1;0;0;0;0;0;1
05/01/2023;00:48:00;12;Sem vítima;490;BR-153/GO;Crescente;Acidentes de outra natureza;1;0;0;0;0;0;1
05/01/2023;01:21:41;20;Sem vítima;705;BR-262/GO;Decrescente;Acidentes de outra natureza;1;0;0;0;0;0;1
05/01/2023;02:57:38;37;Sem vítima;129;BR-60/GO;Decrescente;Acidentes de outra natureza;1;0;0;0;0;0;1
05/01/2023;03:02:33;38;Sem vítima;423;BR-262/GO;Decrescente;Acidentes de outra natureza;1;0;0;0;0;0;1
05/01/2023;03:18:16;39;Sem vítima;546;BR-262/GO;Decrescente;Acidentes de outra natureza;1;0;0;0;0;0;1
05/01/2023;04:18:03;42;Sem vítima;221;BR-153/GO;Decrescente;Acidentes de outra natureza;1;0;0;0;0;0;1
05/01/2023;04:23:04;44;Sem vítima;493;BR-153/GO;Decrescente;Acidentes de outra natureza;1;0;0;0;0;0;1
05/01/2023;04:29:00;45;Sem vítima;672;BR-153/GO;Crescente;Acidentes de outra natureza;1;1;0;0;0;0;1
05/01/2023;04:43:00;48;Sem vítima;58,3;BR-60/GO;Decrescente;Acidentes de outra natureza;1;0;0;0;0;0;1
05/01/2023;04:57:00;50;Sem vítima;25;BR-60/GO;Decrescente;Acidentes de outra natureza;1;0;0;0;0;0;1
05/01/2023;05:27:11;51;Sem vítima;782;BR-262/GO;Decrescente;Acidentes de outra natureza;1;0;0;0;0;0;1
05/01/2023;06:00:05;54;Sem vítima;792;BR-262/GO;Crescente;Acidentes de outra natureza;1;0;0;0;0;0;1
05/01/2023;06:59:00;65;Sem vítima;731;BR-262/GO;Crescente;Acidentes de outra natureza;1;0;0;0;0;0;1
05/01/2023;07:03:00;69;Sem vítima;56;BR-60/GO;Decrescente;Acidentes de outra natureza;1;0;0;0;0;0;1
05/01/2023;07:05:00;71;Sem vítima;844;BR-262/GO;Crescente;Acidentes de outra natureza;1;0;0;0;0;0;1
05/01/2023;07:56:00;87;Sem vítima;544;BR-262/GO;Decrescente;Acidentes de outra natureza;1;0;0;0;0;0;1
05/01/2023;08:14:18;94;Sem vítima;747;BR-262/GO;Decrescente;Acidentes de outra natureza;1;0;0;0;0;0;1
05/01/2023;08:25:09;100;Sem vítima;786;BR-262/GO;Decrescente;Acidentes de outra natureza;1;0;0;0;0;0;1
05/01/2023;09:23:00;127;Sem vítima;48;BR-60/GO;Crescente;Acidentes de outra natureza;1;0;0;0;0;0;1
05/01/2023;09:28:31;129;Sem vítima;640;BR-262/GO;Decrescente;Acidentes de outra natureza;1;0;0;0;0;0;1
05/01/2023;09:29:07;515;Sem vítima;906;BR-262/GO;Decrescente;Acidentes de outra natureza;1;1;0;0;0;0;1
05/01/2023;09:32:12;132;Sem vítima;138;BR-60/GO;Decrescente;Acidentes de outra natureza;1;0;0;0;0;0;1
05/01/2023;10:29:40;156;Sem vítima;224;BR-153/GO;Decrescente;Acidentes de outra natureza;1;0;0;0;0;0;1