data;horario;n_da_ocorrencia;tipo_de_ocorrencia;km;trecho;sentido;tipo_de_acidente;caminhao;ilesos;levemente_feridos;moderadamente_feridos;gravemente_feridos;mortos;3
05/01/2023;11:03:40;164;Sem vítima;844;BR-262/GO;Crescente;Acidentes de outra natureza;1;0;0;0;0;0;1
05/01/2023;11:06:55;165;Sem vítima;495;BR-153/GO;Crescente;Acidentes de outra natureza;1;0;0;0;0;0;1
05/01/2023;12:21:50;190;Sem vítima;496;BR-153/GO;Crescente;Acidentes de outra natureza;1;0;0;0;0;0;1
05/01/2023;13:07:01;212;Sem vítima;693;BR-262/GO;Decrescente;Acidentes de outra natureza;1;0;0;0;0;0;1
05/01/2023;13:17:00;217;Sem vítima;224,3;BR-153/GO;Decrescente;Acidentes de outra natureza;1;0;0;0;0;0;1
05/01/2023;14:10:00;225;Sem vítima;775;BR-262/GO;Crescente;Acidentes de outra natureza;1;0;0;0;0;0;1
05/01/2023;14:11:51;226;Sem vítima;133,5;BR-153/GO;Decrescente;Acidentes de outra natureza;1;0;0;0;0;0;1
05/01/2023;14:15:00;227;Sem vítima;722;BR-262/GO;Decrescente;Acidentes de outra natureza;1;0;0;0;0;0;1
05/01/2023;15:03:16;237;Sem vítima;388;BR-262/GO;Decrescente;Acidentes de outra natureza;1;0;0;0;0;0;1
05/01/2023;15:55:04;253;Sem vítima;719;BR-262/GO;Decrescente;Acidentes de outra natureza;1;0;0;0;0;0;1
05/01/2023;16:36:01;277;Sem vítima;586;BR-262/GO;Decrescente;Acidentes de outra natureza;1;0;0;0;0;0;1
05/01/2023;17:14:49;295;Sem vítima;553;BR-153/GO;Crescente;Acidentes de outra natureza;1;0;0;0;0;0;1
05/01/2023;17:42:00;311;Sem vítima;679;BR-153/GO;Decrescente;Acidentes de outra natureza;1;0;0;0;0;0;1
05/01/2023;18:23:00;319;Sem vítima;737;BR-262/GO;Crescente;Acidentes de outra natureza;1;0;0;0;0;0;1
05/01/2023;19:27:00;332;Sem vítima;663;BR-262/GO;Decrescente;Acidentes de outra natureza;1;0;0;0;0;0;1
05/01/2023;19:40:00;339;Sem vítima;723;BR-262/GO;Decrescente;Acidentes de outra natureza;1;0;0;0;0;0;1
05/01/2023;20:32:58;356;Sem vítima;666;BR-262/GO;Decrescente;Acidentes de outra natureza;1;0;0;0;0;0;1
05/01/2023;20:45:42;359;Sem vítima;702;BR-153/GO;Decrescente;Acidentes de outra natureza;1;0;0;0;0;0;1
05/01/2023;20:48:24;361;Sem vítima;201;BR-153/GO;Crescente;Acidentes de outra natureza;1;0;0;0;0;0;1
05/01/2023;20:56:00;367;Sem vítima;86;BR-60/GO;Crescente;Acidentes de outra natureza;1;0;0;0;0;0;1
05/01/2023;21:01:00;368;Sem vítima;694;BR-153/GO;Crescente;Acidentes de outra natureza;1;0;0;0;0;0;1
05/01/2023;21:16:13;372;Sem vítima;405;BR-262/GO;Decrescente;Acidentes de outra natureza;1;0;0;0;0;0;1
05/01/2023;21:52:05;382;Sem vítima;228;BR-153/GO;Decrescente;Acidentes de outra natureza;1;0;0;0;0;0;1
05/01/2023;21:54:00;384;Sem vítima;125;BR-60/GO;Crescente;Acidentes de outra natureza;1;0;0;0;0;0;1
06/01/2023;00:14:00;4;Sem vítima;750;BR-262/GO;Crescente;Acidentes de outra natureza;1;0;0;0;0;0;1
06/01/2023;00:46:20;9;Sem vítima;175,5;BR-153/GO;Decrescente;Acidentes de outra natureza;1;0;0;0;0;0;1
06/01/2023;00:56:22;10;Sem vítima;127;BR-153/GO;Decrescente;Acidentes de outra natureza;1;0;0;0;0;0;1
06/01/2023;02:42:36;32;Sem vítima;8;BR-60/GO;Decrescente;Acidentes de outra natureza;1;0;0;0;0;0;1
06/01/2023;03:06:49;38;Sem vítima;658;BR-262/GO;Decrescente;Acidentes de outra natureza;1;0;0;0;0;0;1
06/01/2023;03:29:00;43;Sem vítima;17;BR-60/GO;Decrescente;Acidentes de outra natureza;1;0;0;0;0;0;1
06/01/2023;03:44:08;45;Sem vítima;752;BR-262/GO;Decrescente;Acidentes de outra natureza;1;0;0;0;0;0;1
06/01/2023;04:00:00;46;Sem vítima;134,5;BR-153/GO;Decrescente;Acidentes de outra natureza;1;0;0;0;0;0;1
06/01/2023;04:00:00;47;Sem vítima;371;BR-262/GO;Decrescente;Acidentes de outra natureza;1;0;0;0;0;0;1
06/01/2023;04:07:00;48;Sem vítima;767;BR-262/GO;Crescente;Acidentes de outra natureza;1;0;0;0;0;0;1
06/01/2023;04:11:10;49;Sem vítima;26;BR-60/GO;Decrescente;Acidentes de outra natureza;1;0;0;0;0;0;1
06/01/2023;04:16:11;50;Sem vítima;28;BR-60/GO;Crescente;Acidentes de outra natureza;1;0;0;0;0;0;1
06/01/2023;04:49:46;55;Sem vítima;462;BR-262/GO;Decrescente;Acidentes de outra natureza;1;0;0;0;0;0;1
06/01/2023;06:17:07;75;Sem vítima;555;BR-262/GO;Crescente;Acidentes de outra natureza;1;0;0;0;0;0;1
06/01/2023;06:59:03;83;Sem vítima;90;BR-60/GO;Decrescente;Acidentes de outra natureza;1;0;0;0;0;0;1
06/01/2023;08:22:08;106;Sem vítima;584;BR-153/GO;Decrescente;Acidentes de outra natureza;1;0;0;0;0;0;1
06/01/2023;08:25:11;111;Sem vítima;443;BR-262/GO;Decrescente;Acidentes de outra natureza;1;0;0;0;0;0;1
06/01/2023;08:30:55;113;Sem vítima;508;BR-153/GO;Decrescente;Acidentes de outra natureza;1;0;0;0;0;0;1
06/01/2023;08:37:57;117;Sem vítima;590;BR-262/GO;Crescente;Acidentes de outra natureza;1;0;0;0;0;0;1
06/01/2023;08:51:00;125;Sem vítima;26;BR-60/GO;Decrescente;Acidentes de outra natureza;1;0;0;0;0;0;1
06/01/2023;09:30:56;140;Sem vítima;661;BR-262/GO;Decrescente;Acidentes de outra natureza;1;0;0;0;0;0;1
06/01/2023;09:43:00;148;Sem vítima;403;BR-262/GO;Decrescente;Acidentes de outra natureza;1;0;0;0;0;0;1
06/01/2023;09:47:00;149;Sem vítima;201;BR-153/GO;Crescente;Acidentes de outra natureza;1;0;0;0;0;0;1
06/01/2023;09:49:09;151;Sem vítima;580;BR-153/GO;Decrescente;Acidentes de outra natureza;1;0;0;0;0;0;1
06/01/2023;09:51:03;154;Sem vítima;850;BR-262/GO;Decrescente;Acidentes de outra natureza;1;0;0;0;0;0;1
06/01/2023;10:01:10;158;Sem vítima;161;BR-153/GO;Decrescente;Acidentes de outra natureza;1;0;0;0;0;0;1
06/01/2023;10:25:00;168;Sem vítima;661;BR-153/GO;Decrescente;Acidentes de outra natureza;1;0;0;0;0;0;1
06/01/2023;11:34:14;202;Sem vítima;28,3;BR-60/GO;Decrescente;Acidentes de outra natureza;1;0;0;0;0;0;1
06/01/2023;11:58:07;220;Sem vítima;536;BR-262/GO;Decrescente;Acidentes de outra natureza;1;0;0;0;0;0;1
06/01/2023;12:22:36;228;Sem vítima;605;BR-262/GO;Crescente;Acidentes de outra natureza;1;0;0;0;0;0;1
06/01/2023;13:05:00;238;Sem vítima;49;BR-60/GO;Crescente;Acidentes de outra natureza;1;0;0;0;0;0;1
06/01/2023;13:26:06;242;Sem vítima;535;BR-153/GO;Decrescente;Acidentes de outra natureza;1;0;0;0;0;0;1
06/01/2023;13:54:53;248;Sem vítima;39,5;BR-60/GO;Decrescente;Acidentes de outra natureza;1;0;0;0;0;0;1
06/01/2023;14:44:00;262;Sem vítima;110;BR-60/GO;Decrescente;Acidentes de outra natureza;1;0;0;0;0;0;1
06/01/2023;15:01:09;273;Sem vítima;555;BR-262/GO;Crescente;Acidentes de outra natureza;1;0;0;0;0;0;1
06/01/2023;15:05:33;276;Sem vítima;790;BR-262/GO;Crescente;Acidentes de outra natureza;1;0;0;0;0;0;1
06/01/2023;15:47:00;285;Sem vítima;590;BR-153/GO;Crescente;Acidentes de outra natureza;1;0;0;0;0;0;1
06/01/2023;16:17:00;298;Sem vítima;615;BR-262/GO;Decrescente;Acidentes de outra natureza;1;0;0;0;0;0;1
06/01/2023;17:52:48;337;Sem vítima;630;BR-262/GO;Crescente;Acidentes de outra natureza;1;0;0;0;0;0;1
06/01/2023;18:29:16;350;Sem vítima;534;BR-153/GO;Decrescente;Acidentes de outra natureza;1;0;0;0;0;0;1
06/01/2023;19:04:00;371;Sem vítima;577;BR-153/GO;Decrescente;Acidentes de outra natureza;1;0;0;0;0;0;1
06/01/2023;19:17:00;376;Sem vítima;704;BR-262/GO;Decrescente;Acidentes de outra natureza;1;0;0;0;0;0;1
06/01/2023;19:26:00;386;Sem vítima;643;BR-262/GO;Crescente;Acidentes de outra natureza;1;0;0;0;0;0;1
06/01/2023;19:32:29;401;Sem vítima;542;BR-153/GO;Decrescente;Acidentes de outra natureza;1;0;0;0;0;0;1
06/01/2023;19:37:06;406;Sem vítima;579;BR-153/GO;Decrescente;Acidentes de outra natureza;1;0;0;0;0;0;1
06/01/2023;19:37:42;407;Sem vítima;90;BR-153/GO;Crescente;Acidentes de outra natureza;1;0;0;0;0;0;1
06/01/2023;20:05:00;420;Sem vítima;603;BR-262/GO;Decrescente;Acidentes de outra natureza;1;0;0;0;0;0;1
06/01/2023;20:34:04;439;Sem vítima;110,4;BR-60/GO;Crescente;Acidentes de outra natureza;1;0;0;0;0;0;1
06/01/2023;21:13:00;463;Sem vítima;420,5;BR-262/GO;Decrescente;Acidentes de outra natureza;1;0;0;0;0;0;1
06/01/2023;21:20:19;467;Sem vítima;600;BR-262/GO;Decrescente;Acidentes de outra natureza;1;0;0;0;0;0;1
06/01/2023;21:44:35;484;Sem vítima;521;BR-262/GO;Decrescente;Acidentes de outra natureza;1;0;0;0;0;0;1
06/01/2023;22:13:00;496;Sem vítima;7;BR-153/GO;Decrescente;Acidentes de outra natureza;1;0;0;0;0;0;1
06/01/2023;22:31:45;502;Sem vítima;135;BR-153/GO;Crescente;Acidentes de outra natureza;1;0;0;0;0;0;1
06/01/2023;23:26:14;516;Sem vítima;602;BR-153/GO;Decrescente;Acidentes de outra natureza;1;0;0;0;0;0;1
07/01/2023;00:08:22;4;Sem vítima;97;BR-153/GO;Decrescente;Acidentes de outra natureza;1;0;0;0;0;0;1
07/01/2023;01:54:16;39;Sem vítima;602;BR-153/GO;Decrescente;Acidentes de outra natureza;1;0;0;0;0;0;1
07/01/2023;02:23:00;43;Sem vítima;96,5;BR-60/GO;Decrescente;Acidentes de outra natureza;1;0;0;0;0;0;1
07/01/2023;05:59:00;89;Sem vítima;25;BR-60/GO;Decrescente;Acidentes de outra natureza;1;0;0;0;0;0;1
07/01/2023;06:09:39;92;Sem vítima;517;BR-262/GO;Decrescente;Colisão lateral no mesmo sentido;1;1;0;0;0;0;1
07/01/2023;06:36:00;98;Sem vítima;630;BR-262/GO;Decrescente;Acidentes de outra natureza;1;0;0;0;0;0;1
07/01/2023;06:48:27;101;Sem vítima;130;BR-153/GO;Decrescente;Acidentes de outra natureza;1;0;0;0;0;0;1
07/01/2023;07:09:00;109;Sem vítima;604;BR-262/GO;Decrescente;Acidentes de outra natureza;1;0;0;0;0;0;1
07/01/2023;07:19:49;111;Sem vítima;903;BR-262/GO;Decrescente;Acidentes de outra natureza;1;0;0;0;0;0;1
07/01/2023;07:27:02;113;Sem vítima;722;BR-262/GO;Crescente;Acidentes de outra natureza;1;0;0;0;0;0;1
07/01/2023;07:48:00;125;Sem vítima;3;BR-153/GO;Crescente;Acidentes de outra natureza;1;0;0;0;0;0;1
07/01/2023;09:06:18;151;Sem vítima;46,5;BR-153/GO;Decrescente;Acidentes de outra natureza;1;0;0;0;0;0;1
07/01/2023;09:22:35;159;Sem vítima;601;BR-262/GO;Decrescente;Acidentes de outra natureza;1;0;0;0;0;0;1
07/01/2023;09:46:00;171;Sem vítima;480;BR-262/GO;Crescente;Acidentes de outra natureza;1;0;0;0;0;0;1
07/01/2023;11:06:35;203;Sem vítima;675;BR-153/GO;Decrescente;Acidentes de outra natureza;1;0;0;0;0;0;1
07/01/2023;11:32:41;212;Sem vítima;793;BR-262/GO;Decrescente;Acidentes de outra natureza;1;0;0;0;0;0;1
07/01/2023;11:41:15;218;Sem vítima;594;BR-153/GO;Decrescente;Acidentes de outra natureza;1;0;0;0;0;0;1
07/01/2023;11:44:55;219;Sem vítima;587;BR-262/GO;Decrescente;Acidentes de outra natureza;1;0;0;0;0;0;1
07/01/2023;12:20:00;233;Sem vítima;604;BR-262/GO;Decrescente;Acidentes de outra natureza;1;0;0;0;0;0;1
07/01/2023;12:47:34;248;Sem vítima;593;BR-153/GO;Decrescente;Acidentes de outra natureza;1;0;0;0;0;0;1
07/01/2023;12:50:00;252;Sem vítima;637;BR-153/GO;Crescente;Acidentes de outra natureza;1;0;0;0;0;0;1
07/01/2023;13:31:33;270;Sem vítima;16;BR-60/GO;Crescente;Acidentes de outra natureza;1;0;0;0;0;0;1
07/01/2023;14:52:00;298;Sem vítima;431;BR-262/GO;Crescente;Acidentes de outra natureza;1;0;0;0;0;0;1
07/01/2023;15:31:41;322;Sem vítima;497;BR-153/GO;Decrescente;Acidentes de outra natureza;1;0;0;0;0;0;1
07/01/2023;16:01:00;337;Sem vítima;590;BR-262/GO;Decrescente;Acidentes de outra natureza;1;0;0;0;0;0;1
07/01/2023;16:08:00;339;Sem vítima;36,6;BR-153/GO;Decrescente;Acidentes de outra natureza;1;0;0;0;0;0;1
07/01/2023;16:17:37;346;Sem vítima;90;BR-153/GO;Crescente;Acidentes de outra natureza;1;0;0;0;0;0;1
07/01/2023;16:25:05;355;Com vítima;715;BR-262/GO;Decrescente;Choque;1;0;1;0;0;0;1
07/01/2023;16:43:28;372;Sem vítima;181;BR-153/GO;Decrescente;Acidentes de outra natureza;1;0;0;0;0;0;1
07/01/2023;17:47:34;400;Sem vítima;655;BR-153/GO;Decrescente;Acidentes de outra natureza;1;0;0;0;0;0;1
07/01/2023;18:12:49;406;Sem vítima;550;BR-153/GO;Decrescente;Acidentes de outra natureza;1;0;0;0;0;0;1
07/01/2023;18:57:01;424;Sem vítima;579;BR-262/GO;Decrescente;Acidentes de outra natureza;1;0;0;0;0;0;1
07/01/2023;18:58:55;425;Sem vítima;112;BR-153/GO;Decrescente;Acidentes de outra natureza;1;0;0;0;0;0;1
07/01/2023;19:00:00;428;Sem vítima;49;BR-60/GO;Decrescente;Acidentes de outra natureza;1;0;0;0;0;0;1
07/01/2023;19:17:00;430;Sem vítima;107;BR-60/GO;Crescente;Acidentes de outra natureza;1;0;0;0;0;0;1
07/01/2023;19:49:00;441;Sem vítima;441;BR-262/GO;Crescente;Acidentes de outra natureza;1;0;0;0;0;0;1
07/01/2023;20:30:56;459;Sem vítima;555;BR-262/GO;Crescente;Acidentes de outra natureza;1;0;0;0;0;0;1
07/01/2023;20:35:38;464;Sem vítima;115;BR-60/GO;Crescente;Acidentes de outra natureza;1;0;0;0;0;0;1
07/01/2023;22:04:00;501;Sem vítima;512;BR-153/GO;Decrescente;Acidentes de outra natureza;1;0;0;0;0;0;1
07/01/2023;22:45:00;518;Sem vítima;477;BR-262/GO;Decrescente;Acidentes de outra natureza;1;0;0;0;0;0;1
07/01/2023;23:50:04;536;Sem vítima;225;BR-153/GO;Decrescente;Acidentes de outra natureza;1;0;0;0;0;0;1
08/01/2023;00:08:05;3;Sem vítima;216;BR-153/GO;Decrescente;Acidentes de outra natureza;1;0;0;0;0;0;1
08/01/2023;01:16:00;24;Sem vítima;389;BR-262/GO;Crescente;Acidentes de outra natureza;1;0;0;0;0;0;1
08/01/2023;01:59:15;47;Sem vítima;558;BR-153/GO;Decrescente;Acidentes de outra natureza;1;0;0;0;0;0;1
08/01/2023;06:55:00;91;Sem vítima;724;BR-262/GO;Decrescente;Acidentes de outra natureza;1;0;0;0;0;0;1
08/01/2023;07:08:00;96;Sem vítima;107;BR-60/GO;Crescente;Acidentes de outra natureza;1;0;0;0;0;0;1
08/01/2023;07:14:27;98;Sem vítima;90;BR-60/GO;Crescente;Acidentes de outra natureza;1;0;0;0;0;0;1
08/01/2023;07:26:00;102;Sem vítima;25;BR-153/GO;Decrescente;Acidentes de outra natureza;1;0;0;0;0;0;1
08/01/2023;07:31:00;104;Sem vítima;111;BR-153/GO;Decrescente;Acidentes de outra natureza;1;0;0;0;0;0;1
08/01/2023;07:50:13;110;Sem vítima;479;BR-262/GO;Decrescente;Acidentes de outra natureza;1;0;0;0;0;0;1
08/01/2023;08:27:00;122;Sem vítima;563;BR-262/GO;Decrescente;Acidentes de outra natureza;1;0;0;0;0;0;1
08/01/2023;08:52:55;131;Sem vítima;632;BR-153/GO;Decrescente;Acidentes de outra natureza;1;0;0;0;0;0;1
08/01/2023;09:05:55;136;Sem vítima;98;BR-153/GO;Crescente;Acidentes de outra natureza;1;0;0;0;0;0;1
08/01/2023;09:14:00;141;Sem vítima;140;BR-153/GO;Crescente;Acidentes de outra natureza;1;0;0;0;0;0;1
08/01/2023;09:16:33;142;Sem vítima;667;BR-153/GO;Decrescente;Acidentes de outra natureza;1;0;0;0;0;0;1
08/01/2023;09:37:00;155;Sem vítima;475;BR-262/GO;Decrescente;Acidentes de outra natureza;1;0;0;0;0;0;1
08/01/2023;09:52:43;165;Sem vítima;189;BR-153/GO;Decrescente;Acidentes de outra natureza;1;0;0;0;0;0;1
08/01/2023;10:17:00;183;Sem vítima;24;BR-153/GO;Decrescente;Acidentes de outra natureza;1;0;0;0;0;0;1
08/01/2023;10:19:38;185;Sem vítima;609;BR-262/GO;Decrescente;Acidentes de outra natureza;1;0;0;0;0;0;1
08/01/2023;10:23:53;186;Sem vítima;607;BR-153/GO;Decrescente;Acidentes de outra natureza;1;0;0;0;0;0;1
08/01/2023;11:20:00;224;Sem vítima;677;BR-153/GO;Decrescente;Acidentes de outra natureza;1;0;0;0;0;0;1
08/01/2023;12:48:26;254;Sem vítima;43;BR-60/GO;Decrescente;Acidentes de outra natureza;1;0;0;0;0;0;1
08/01/2023;13:08:10;262;Sem vítima;382;BR-262/GO;Decrescente;Acidentes de outra natureza;1;0;0;0;0;0;1
08/01/2023;13:49:06;285;Sem vítima;64;BR-153/GO;Decrescente;Acidentes de outra natureza;1;0;0;0;0;0;1
08/01/2023;14:16:00;289;Sem vítima;388;BR-262/GO;Crescente;Acidentes de outra natureza;1;0;0;0;0;0;1
08/01/2023;14:49:54;300;Sem vítima;224;BR-153/GO;Decrescente;Acidentes de outra natureza;1;0;0;0;0;0;1
08/01/2023;15:31:00;311;Sem vítima;407;BR-262/GO;Decrescente;Acidentes de outra natureza;1;0;0;0;0;0;1
08/01/2023;16:38:21;337;Sem vítima;535;BR-262/GO;Decrescente;Acidentes de outra natureza;1;0;0;0;0;0;1
08/01/2023;17:39:29;367;Sem vítima;645,5;BR-153/GO;Decrescente;Acidentes de outra natureza;1;0;0;0;0;0;1
08/01/2023;19:38:00;439;Sem vítima;45;BR-60/GO;Crescente;Acidentes de outra natureza;1;0;0;0;0;0;1
08/01/2023;20:46:11;484;Sem vítima;500;BR-262/GO;Decrescente;Acidentes de outra natureza;1;0;0;0;0;0;1
08/01/2023;20:47:16;485;Sem vítima;57;BR-153/GO;Crescente;Acidentes de outra natureza;1;0;0;0;0;0;1
08/01/2023;21:03:00;492;Sem vítima;362;BR-262/GO;Decrescente;Acidentes de outra natureza;1;0;0;0;0;0;1
08/01/2023;21:12:09;500;Sem vítima;241;BR-153/GO;Decrescente;Acidentes de outra natureza;1;1;0;0;0;0;1
08/01/2023;21:51:00;517;Sem vítima;506,7;BR-153/GO;Crescente;Acidentes de outra natureza;1;0;0;0;0;0;1
08/01/2023;21:57:13;518;Sem vítima;390;BR-262/GO;Decrescente;Acidentes de outra natureza;1;0;0;0;0;0;1
08/01/2023;22:41:55;538;Sem vítima;71,4;BR-153/GO;Decrescente;Acidentes de outra natureza;1;0;0;0;0;0;1
09/01/2023;00:13:19;5;Sem vítima;570;BR-262/GO;Decrescente;Acidentes de outra natureza;1;0;0;0;0;0;1
09/01/2023;00:44:38;11;Sem vítima;107;BR-60/GO;Crescente;Acidentes de outra natureza;1;0;0;0;0;0;1
09/01/2023;00:53:28;15;Sem vítima;500,5;BR-153/GO;Decrescente;Acidentes de outra natureza;1;0;0;0;0;0;1
09/01/2023;01:29:23;32;Sem vítima;686;BR-153/GO;Decrescente;Acidentes de outra natureza;1;0;0;0;0;0;1
09/01/2023;03:35:00;50;Sem vítima;383;BR-262/GO;Crescente;Acidentes de outra natureza;1;0;0;0;0;0;1
09/01/2023;03:53:24;53;Sem vítima;25;BR-153/GO;Crescente;Acidentes de outra natureza;1;0;0;0;0;0;1
09/01/2023;06:10:00;76;Sem vítima;49;BR-60/GO;Crescente;Acidentes de outra natureza;1;0;0;0;0;0;1
09/01/2023;06:19:00;79;Sem vítima;766;BR-262/GO;Crescente;Acidentes de outra natureza;1;0;0;0;0;0;1
09/01/2023;06:44:34;88;Sem vítima;556;BR-262/GO;Decrescente;Acidentes de outra natureza;1;0;0;0;0;0;1
09/01/2023;07:50:00;102;Sem vítima;662;BR-153/GO;Decrescente;Acidentes de outra natureza;1;0;0;0;0;0;1
09/01/2023;08:25:41;121;Sem vítima;402;BR-262/GO;Decrescente;Acidentes de outra natureza;1;0;0;0;0;0;1
09/01/2023;08:32:38;129;Sem vítima;55;BR-153/GO;Decrescente;Acidentes de outra natureza;1;0;0;0;0;0;1
09/01/2023;09:42:00;159;Sem vítima;100;BR-60/GO;Decrescente;Acidentes de outra natureza;1;0;0;0;0;0;1
09/01/2023;09:49:00;165;Sem vítima;793;BR-262/GO;Crescente;Acidentes de outra natureza;1;0;0;0;0;0;1
09/01/2023;10:16:13;188;Sem vítima;57;BR-153/GO;Decrescente;Acidentes de outra natureza;1;0;0;0;0;0;1
09/01/2023;10:59:45;216;Sem vítima;461;BR-262/GO;Decrescente;Acidentes de outra natureza;1;0;0;0;0;0;1
09/01/2023;11:43:08;240;Sem vítima;234;BR-153/GO;Decrescente;Acidentes de outra natureza;1;0;0;0;0;0;1
09/01/2023;11:56:09;243;Sem vítima;233;BR-153/GO;Decrescente;Acidentes de outra natureza;1;0;0;0;0;0;1
09/01/2023;13:19:41;272;Sem vítima;545;BR-153/GO;Decrescente;Acidentes de outra natureza;1;0;0;0;0;0;1
09/01/2023;13:20:25;273;Sem vítima;117;BR-153/GO;Decrescente;Acidentes de outra natureza;1;0;0;0;0;0;1
09/01/2023;13:27:30;275;Sem vítima;135;BR-153/GO;Crescente;Acidentes de outra natureza;1;0;0;0;0;0;1
09/01/2023;14:01:00;289;Sem vítima;117,5;BR-153/GO;Decrescente;Acidentes de outra natureza;1;0;0;0;0;0;1
09/01/2023;14:18:00;295;Sem vítima;611;BR-262/GO;Decrescente;Acidentes de outra natureza;1;0;0;0;0;0;1
09/01/2023;14:31:39;301;Sem vítima;655;BR-262/GO;Decrescente;Acidentes de outra natureza;1;0;0;0;0;0;1
09/01/2023;14:52:05;309;Sem vítima;686;BR-262/GO;Decrescente;Acidentes de outra natureza;1;0;0;0;0;0;1
09/01/2023;15:30:00;332;Sem vítima;107;BR-60/GO;Decrescente;Acidentes de outra natureza;1;0;0;0;0;0;1
09/01/2023;15:37:00;335;Com vítima;514;BR-153/GO;Decrescente;Colisão lateral no mesmo sentido;1;0;1;0;0;0;1
09/01/2023;15:52:00;337;Sem vítima;849;BR-262/GO;Decrescente;Acidentes de outra natureza;1;0;0;0;0;0;1
09/01/2023;16:13:00;343;Sem vítima;30;BR-153/GO;Crescente;Acidentes de outra natureza;1;0;0;0;0;0;1
09/01/2023;16:17:02;345;Sem vítima;547;BR-153/GO;Crescente;Acidentes de outra natureza;1;0;0;0;0;0;1
09/01/2023;16:32:00;349;Sem vítima;364,5;BR-262/GO;Crescente;Acidentes de outra natureza;1;0;0;0;0;0;1
09/01/2023;17:08:27;359;Sem vítima;688;BR-262/GO;Decrescente;Acidentes de outra natureza;1;0;0;0;0;0;1
09/01/2023;17:36:31;366;Sem vítima;94;BR-153/GO;Crescente;Acidentes de outra natureza;1;0;0;0;0;0;1
09/01/2023;17:51:00;379;Sem vítima;586;BR-262/GO;Decrescente;Acidentes de outra natureza;1;0;0;0;0;0;1
09/01/2023;17:54:14;381;Sem vítima;570;BR-153/GO;Decrescente;Acidentes de outra natureza;1;0;0;0;0;0;1
09/01/2023;17:55:00;385;Sem vítima;611;BR-262/GO;Decrescente;Acidentes de outra natureza;1;0;0;0;0;0;1
09/01/2023;17:55:09;384;Sem vítima;653;BR-153/GO;Decrescente;Acidentes de outra natureza;1;0;0;0;0;0;1
09/01/2023;18:39:58;425;Sem vítima;679;BR-153/GO;Decrescente;Acidentes de outra natureza;1;0;0;0;0;0;1
09/01/2023;18:48:00;429;Sem vítima;434;BR-262/GO;Decrescente;Acidentes de outra natureza;1;0;0;0;0;0;1
09/01/2023;18:56:00;432;Sem vítima;37;BR-60/GO;Decrescente;Acidentes de outra natureza;1;0;0;0;0;0;1
09/01/2023;20:48:15;491;Sem vítima;194;BR-153/GO;Decrescente;Acidentes de outra natureza;1;0;0;0;0;0;1
09/01/2023;21:20:11;503;Sem vítima;670;BR-153/GO;Crescente;Acidentes de outra natureza;1;0;0;0;0;0;1
09/01/2023;21:28:10;508;Sem vítima;553;BR-153/GO;Decrescente;Acidentes de outra natureza;1;0;0;0;0;0;1
09/01/2023;21:30:00;509;Sem vítima;131;BR-60/GO;Crescente;Acidentes de outra natureza;1;0;0;0;0;0;1
09/01/2023;22:31:47;560;Sem vítima;667;BR-262/GO;Crescente;Acidentes de outra natureza;1;0;0;0;0;0;1
09/01/2023;23:01:30;571;Sem vítima;169;BR-153/GO;Decrescente;Acidentes de outra natureza;1;0;0;0;0;0;1
09/01/2023;23:44:27;615;Sem vítima;703;BR-262/GO;Decrescente;Acidentes de outra natureza;1;0;0;0;0;0;1
10/01/2023;00:15:39;11;Sem vítima;685;BR-153/GO;Decrescente;Acidentes de outra natureza;1;0;0;0;0;0;1
10/01/2023;00:44:41;36;Sem vítima;679;BR-153/GO;Decrescente;Acidentes de outra natureza;1;0;0;0;0;0;1
10/01/2023;00:55:19;47;Sem vítima;144;BR-153/GO;Decrescente;Acidentes de outra natureza;1;0;0;0;0;0;1
10/01/2023;01:08:41;52;Sem vítima;703;BR-262/GO;Decrescente;Acidentes de outra natureza;1;0;0;0;0;0;1
10/01/2023;01:25:28;62;Sem vítima;36;BR-60/GO;Decrescente;Acidentes de outra natureza;1;0;0;0;0;0;1
10/01/2023;01:26:27;64;Sem vítima;97,4;BR-60/GO;Decrescente;Atropelamento de animal;1;1;0;0;0;0;1