data;horario;n_da_ocorrencia;tipo_de_ocorrencia;km;trecho;sentido;tipo_de_acidente;caminhao;ilesos;levemente_feridos;moderadamente_feridos;gravemente_feridos;mortos;3
10/01/2023;01:29:04;65;Sem vítima;107;BR-60/GO;Decrescente;Acidentes de outra natureza;1;0;0;0;0;0;1
10/01/2023;02:33:11;78;Sem vítima;133,9;BR-153/GO;Decrescente;Acidentes de outra natureza;1;0;0;0;0;0;1
10/01/2023;03:21:09;86;Sem vítima;130;BR-60/GO;Crescente;Acidentes de outra natureza;1;0;0;0;0;0;1
10/01/2023;03:45:00;106;Sem vítima;480;BR-262/GO;Decrescente;Acidentes de outra natureza;1;0;0;0;0;0;1
10/01/2023;05:12:00;287;Sem vítima;24;BR-60/GO;Crescente;Acidentes de outra natureza;1;0;0;0;0;0;1
10/01/2023;05:41:03;307;Sem vítima;569,7;BR-153/GO;Decrescente;Acidentes de outra natureza;1;0;0;0;0;0;1
10/01/2023;06:24:00;323;Sem vítima;753;BR-262/GO;Decrescente;Acidentes de outra natureza;1;0;0;0;0;0;1
10/01/2023;06:26:00;324;Sem vítima;553;BR-262/GO;Crescente;Acidentes de outra natureza;1;0;0;0;0;0;1
10/01/2023;06:43:00;327;Sem vítima;100;BR-60/GO;Crescente;Acidentes de outra natureza;1;0;0;0;0;0;1
10/01/2023;07:06:00;332;Sem vítima;552,9;BR-153/GO;Decrescente;Acidentes de outra natureza;1;0;0;0;0;0;1
10/01/2023;07:39:15;345;Sem vítima;68;BR-153/GO;Crescente;Acidentes de outra natureza;1;0;0;0;0;0;1
10/01/2023;07:42:00;348;Sem vítima;37;BR-60/GO;Decrescente;Acidentes de outra natureza;1;0;0;0;0;0;1
10/01/2023;08:37:43;366;Sem vítima;105;BR-60/GO;Decrescente;Acidentes de outra natureza;1;0;0;0;0;0;1
10/01/2023;08:52:53;378;Sem vítima;500;BR-153/GO;Decrescente;Acidentes de outra natureza;1;0;0;0;0;0;1
10/01/2023;08:58:37;382;Sem vítima;792;BR-262/GO;Crescente;Acidentes de outra natureza;1;0;0;0;0;0;1
10/01/2023;09:00:10;383;Sem vítima;140;BR-153/GO;Decrescente;Acidentes de outra natureza;1;0;0;0;0;0;1
10/01/2023;09:02:48;384;Sem vítima;45,5;BR-153/GO;Decrescente;Acidentes de outra natureza;1;0;0;0;0;0;1
10/01/2023;09:12:50;400;Sem vítima;678,8;BR-153/GO;Decrescente;Acidentes de outra natureza;1;0;0;0;0;0;1
10/01/2023;09:41:32;428;Sem vítima;22;BR-153/GO;Crescente;Acidentes de outra natureza;1;0;0;0;0;0;1
10/01/2023;10:11:00;439;Sem vítima;495,9;BR-153/GO;Decrescente;Acidentes de outra natureza;1;0;0;0;0;0;1
10/01/2023;10:18:45;444;Sem vítima;21;BR-153/GO;Crescente;Acidentes de outra natureza;1;0;0;0;0;0;1
10/01/2023;10:36:00;452;Sem vítima;95;BR-60/GO;Crescente;Acidentes de outra natureza;1;0;0;0;0;0;1
10/01/2023;10:42:01;455;Sem vítima;545;BR-153/GO;Decrescente;Acidentes de outra natureza;1;0;0;0;0;0;1
10/01/2023;10:58:56;464;Sem vítima;196;BR-153/GO;Decrescente;Acidentes de outra natureza;1;0;0;0;0;0;1
10/01/2023;11:25:39;478;Sem vítima;786;BR-262/GO;Crescente;Acidentes de outra natureza;1;0;0;0;0;0;1
10/01/2023;11:27:20;480;Sem vítima;189,8;BR-153/GO;Decrescente;Acidentes de outra natureza;1;0;0;0;0;0;1
10/01/2023;11:28:00;482;Sem vítima;507;BR-153/GO;Decrescente;Acidentes de outra natureza;1;0;0;0;0;0;1
10/01/2023;11:40:31;490;Sem vítima;580;BR-153/GO;Decrescente;Acidentes de outra natureza;1;0;0;0;0;0;1
10/01/2023;12:06:00;516;Sem vítima;120;BR-60/GO;Decrescente;Acidentes de outra natureza;1;0;0;0;0;0;1
10/01/2023;12:29:22;524;Sem vítima;507;BR-262/GO;Decrescente;Acidentes de outra natureza;1;0;0;0;0;0;1
10/01/2023;12:38:00;528;Sem vítima;597;BR-262/GO;Crescente;Acidentes de outra natureza;1;0;0;0;0;0;1
10/01/2023;12:47:19;532;Sem vítima;614;BR-262/GO;Decrescente;Acidentes de outra natureza;1;0;0;0;0;0;1
10/01/2023;13:07:00;541;Sem vítima;367;BR-262/GO;Crescente;Acidentes de outra natureza;1;0;0;0;0;0;1
10/01/2023;13:36:00;552;Sem vítima;509;BR-153/GO;Crescente;Acidentes de outra natureza;1;0;0;0;0;0;1
10/01/2023;13:55:00;561;Sem vítima;410;BR-262/GO;Decrescente;Acidentes de outra natureza;1;0;0;0;0;0;1
10/01/2023;14:38:33;581;Sem vítima;620;BR-262/GO;Decrescente;Acidentes de outra natureza;1;0;0;0;0;0;1
10/01/2023;14:52:00;588;Sem vítima;742;BR-262/GO;Decrescente;Acidentes de outra natureza;1;0;0;0;0;0;1
10/01/2023;14:52:23;587;Sem vítima;579;BR-262/GO;Decrescente;Acidentes de outra natureza;1;0;0;0;0;0;1
10/01/2023;15:19:55;604;Sem vítima;129;BR-153/GO;Crescente;Acidentes de outra natureza;1;0;0;0;0;0;1
10/01/2023;15:25:00;613;Sem vítima;552;BR-153/GO;Decrescente;Acidentes de outra natureza;1;0;0;0;0;0;1
10/01/2023;15:40:00;622;Sem vítima;42,1;BR-153/GO;Decrescente;Acidentes de outra natureza;1;0;0;0;0;0;1
10/01/2023;15:45:46;628;Sem vítima;125,5;BR-153/GO;Crescente;Acidentes de outra natureza;1;0;0;0;0;0;1
10/01/2023;16:25:00;683;Sem vítima;90;BR-60/GO;Decrescente;Acidentes de outra natureza;1;0;0;0;0;0;1
10/01/2023;16:32:11;695;Sem vítima;570;BR-262/GO;Decrescente;Acidentes de outra natureza;1;0;0;0;0;0;1
10/01/2023;16:36:00;709;Sem vítima;653;BR-153/GO;Decrescente;Acidentes de outra natureza;1;0;0;0;0;0;1
10/01/2023;16:37:51;710;Sem vítima;553;BR-262/GO;Decrescente;Acidentes de outra natureza;1;0;0;0;0;0;1
10/01/2023;17:01:00;730;Sem vítima;551;BR-153/GO;Decrescente;Acidentes de outra natureza;1;0;0;0;0;0;1
10/01/2023;17:08:48;738;Sem vítima;750;BR-262/GO;Decrescente;Acidentes de outra natureza;1;0;0;0;0;0;1
10/01/2023;17:33:00;752;Sem vítima;594;BR-153/GO;Decrescente;Acidentes de outra natureza;1;0;0;0;0;0;1
10/01/2023;17:57:39;784;Sem vítima;134;BR-153/GO;Decrescente;Acidentes de outra natureza;1;0;0;0;0;0;1
10/01/2023;18:02:17;792;Sem vítima;828;BR-262/GO;Decrescente;Acidentes de outra natureza;1;0;0;0;0;0;1
10/01/2023;18:36:56;818;Sem vítima;180;BR-153/GO;Decrescente;Acidentes de outra natureza;1;0;0;0;0;0;1
10/01/2023;18:37:00;819;Sem vítima;813,2;BR-262/GO;Crescente;Acidentes de outra natureza;1;0;0;0;0;0;1
10/01/2023;18:46:58;830;Sem vítima;678;BR-153/GO;Decrescente;Acidentes de outra natureza;1;0;0;0;0;0;1
10/01/2023;19:15:00;863;Sem vítima;4;BR-60/GO;Crescente;Acidentes de outra natureza;1;0;0;0;0;0;1
10/01/2023;19:15:00;865;Sem vítima;605;BR-153/GO;Decrescente;Acidentes de outra natureza;1;0;0;0;0;0;1
10/01/2023;21:21:00;965;Sem vítima;33;BR-153/GO;Decrescente;Acidentes de outra natureza;1;0;0;0;0;0;1
10/01/2023;22:08:49;1005;Sem vítima;542;BR-153/GO;Decrescente;Acidentes de outra natureza;1;0;0;0;0;0;1
10/01/2023;23:42:13;1106;Sem vítima;453,1;BR-262/GO;Decrescente;Acidentes de outra natureza;1;0;0;0;0;0;1
11/01/2023;01:28:58;93;Sem vítima;662;BR-153/GO;Decrescente;Acidentes de outra natureza;1;0;0;0;0;0;1
11/01/2023;03:32:07;184;Sem vítima;737;BR-262/GO;Decrescente;Acidentes de outra natureza;1;0;0;0;0;0;1
11/01/2023;04:32:54;230;Sem vítima;470;BR-262/GO;Crescente;Acidentes de outra natureza;1;0;0;0;0;0;1
11/01/2023;06:41:09;293;Sem vítima;888;BR-262/GO;Decrescente;Acidentes de outra natureza;1;0;0;0;0;0;1
11/01/2023;06:52:00;301;Sem vítima;722;BR-262/GO;Decrescente;Acidentes de outra natureza;1;0;0;0;0;0;1
11/01/2023;07:50:00;350;Sem vítima;24;BR-60/GO;Crescente;Acidentes de outra natureza;1;0;0;0;0;0;1
11/01/2023;07:51:20;352;Sem vítima;659;BR-153/GO;Crescente;Acidentes de outra natureza;1;0;0;0;0;0;1
11/01/2023;07:53:25;354;Sem vítima;375;BR-262/GO;Decrescente;Acidentes de outra natureza;1;0;0;0;0;0;1
11/01/2023;07:57:00;356;Sem vítima;453;BR-262/GO;Decrescente;Acidentes de outra natureza;1;0;0;0;0;0;1
11/01/2023;08:21:01;373;Sem vítima;556;BR-262/GO;Decrescente;Acidentes de outra natureza;1;0;0;0;0;0;1
11/01/2023;08:30:07;377;Sem vítima;181;BR-153/GO;Crescente;Colisão lateral no mesmo sentido;1;1;0;0;0;0;1
11/01/2023;08:39:51;392;Sem vítima;83;BR-153/GO;Crescente;Acidentes de outra natureza;1;0;0;0;0;0;1
11/01/2023;08:53:27;405;Sem vítima;555;BR-262/GO;Decrescente;Acidentes de outra natureza;1;0;0;0;0;0;1
11/01/2023;08:56:06;411;Sem vítima;415;BR-262/GO;Crescente;Acidentes de outra natureza;1;0;0;0;0;0;1
11/01/2023;08:57:57;416;Sem vítima;76;BR-153/GO;Decrescente;Colisão traseira;1;1;0;0;0;0;1
11/01/2023;09:17:34;430;Sem vítima;560;BR-262/GO;Decrescente;Acidentes de outra natureza;1;0;0;0;0;0;1
11/01/2023;09:18:00;431;Sem vítima;52;BR-153/GO;Decrescente;Acidentes de outra natureza;1;0;0;0;0;0;1
11/01/2023;09:37:00;448;Sem vítima;106;BR-153/GO;Decrescente;Acidentes de outra natureza;1;0;0;0;0;0;1
11/01/2023;09:58:00;486;Sem vítima;93;BR-60/GO;Decrescente;Acidentes de outra natureza;1;0;0;0;0;0;1
11/01/2023;10:04:00;495;Sem vítima;48;BR-60/GO;Crescente;Acidentes de outra natureza;1;0;0;0;0;0;1
11/01/2023;10:04:29;494;Sem vítima;494;BR-262/GO;Decrescente;Acidentes de outra natureza;1;0;0;0;0;0;1
11/01/2023;10:20:08;507;Sem vítima;580;BR-153/GO;Decrescente;Acidentes de outra natureza;1;0;0;0;0;0;1
11/01/2023;11:12:07;579;Sem vítima;129,5;BR-153/GO;Decrescente;Acidentes de outra natureza;1;0;0;0;0;0;1
11/01/2023;11:28:57;620;Sem vítima;120;BR-153/GO;Decrescente;Acidentes de outra natureza;1;0;0;0;0;0;1
11/01/2023;11:36:46;635;Sem vítima;529,25;BR-153/GO;Crescente;Acidentes de outra natureza;1;0;0;0;0;0;1
11/01/2023;11:44:41;645;Sem vítima;633;BR-153/GO;Decrescente;Acidentes de outra natureza;1;0;0;0;0;0;1
11/01/2023;11:47:00;651;Sem vítima;585;BR-262/GO;Decrescente;Acidentes de outra natureza;1;0;0;0;0;0;1
11/01/2023;11:48:43;657;Sem vítima;875;BR-262/GO;Decrescente;Acidentes de outra natureza;1;0;0;0;0;0;1
11/01/2023;11:50:04;660;Sem vítima;604;BR-153/GO;Decrescente;Acidentes de outra natureza;1;0;0;0;0;0;1
11/01/2023;12:09:00;683;Sem vítima;131;BR-60/GO;Crescente;Acidentes de outra natureza;1;0;0;0;0;0;1
11/01/2023;12:10:56;686;Sem vítima;483,4;BR-262/GO;Decrescente;Acidentes de outra natureza;1;0;0;0;0;0;1
11/01/2023;12:22:00;689;Sem vítima;543;BR-153/GO;Decrescente;Acidentes de outra natureza;1;0;0;0;0;0;1
11/01/2023;12:27:58;697;Sem vítima;408;BR-262/GO;Decrescente;Acidentes de outra natureza;1;0;0;0;0;0;1
11/01/2023;12:44:00;711;Sem vítima;129;BR-60/GO;Decrescente;Acidentes de outra natureza;1;1;0;0;0;0;1
11/01/2023;12:53:42;721;Sem vítima;553;BR-153/GO;Decrescente;Acidentes de outra natureza;1;0;0;0;0;0;1
11/01/2023;12:54:48;722;Sem vítima;46;BR-153/GO;Decrescente;Acidentes de outra natureza;1;0;0;0;0;0;1
11/01/2023;12:58:50;723;Sem vítima;628;BR-262/GO;Crescente;Tombamento;1;1;0;0;0;0;1
11/01/2023;13:17:32;738;Sem vítima;122;BR-153/GO;Crescente;Acidentes de outra natureza;1;0;0;0;0;0;1
11/01/2023;13:20:45;739;Sem vítima;579;BR-262/GO;Decrescente;Acidentes de outra natureza;1;0;0;0;0;0;1
11/01/2023;13:26:00;749;Sem vítima;711;BR-262/GO;Decrescente;Acidentes de outra natureza;1;0;0;0;0;0;1
11/01/2023;14:10:00;777;Sem vítima;357;BR-262/GO;Crescente;Acidentes de outra natureza;1;0;0;0;0;0;1
11/01/2023;14:11:05;776;Sem vítima;56;BR-153/GO;Decrescente;Acidentes de outra natureza;1;0;0;0;0;0;1
11/01/2023;14:56:03;862;Sem vítima;131;BR-153/GO;Decrescente;Acidentes de outra natureza;1;0;0;0;0;0;1
11/01/2023;15:07:52;875;Sem vítima;729;BR-262/GO;Decrescente;Acidentes de outra natureza;1;0;0;0;0;0;1
11/01/2023;15:21:02;896;Sem vítima;667;BR-153/GO;Decrescente;Acidentes de outra natureza;1;0;0;0;0;0;1
11/01/2023;15:39:14;932;Sem vítima;591;BR-153/GO;Crescente;Acidentes de outra natureza;1;0;0;0;0;0;1
11/01/2023;15:55:28;946;Sem vítima;445;BR-262/GO;Decrescente;Acidentes de outra natureza;1;0;0;0;0;0;1
11/01/2023;15:59:16;948;Sem vítima;475;BR-262/GO;Decrescente;Acidentes de outra natureza;1;0;0;0;0;0;1
11/01/2023;16:21:00;979;Sem vítima;606;BR-262/GO;Crescente;Acidentes de outra natureza;1;0;0;0;0;0;1
11/01/2023;16:25:00;988;Sem vítima;770;BR-262/GO;Crescente;Acidentes de outra natureza;1;0;0;0;0;0;1
11/01/2023;16:41:00;1002;Sem vítima;604;BR-262/GO;Decrescente;Acidentes de outra natureza;1;0;0;0;0;0;1
11/01/2023;17:07:00;1022;Sem vítima;79;BR-60/GO;Decrescente;Acidentes de outra natureza;1;0;0;0;0;0;1
11/01/2023;17:20:39;1036;Sem vítima;818;BR-262/GO;Decrescente;Acidentes de outra natureza;1;0;0;0;0;0;1
11/01/2023;17:36:52;1052;Sem vítima;512;BR-262/GO;Crescente;Acidentes de outra natureza;1;0;0;0;0;0;1
11/01/2023;17:50:00;1057;Sem vítima;629;BR-153/GO;Crescente;Acidentes de outra natureza;1;0;0;0;0;0;1
11/01/2023;17:51:32;1060;Sem vítima;575;BR-153/GO;Crescente;Acidentes de outra natureza;1;0;0;0;0;0;1
11/01/2023;18:07:00;1071;Sem vítima;182,5;BR-153/GO;Decrescente;Acidentes de outra natureza;1;0;0;0;0;0;1
11/01/2023;18:39:17;1088;Sem vítima;90;BR-153/GO;Decrescente;Acidentes de outra natureza;1;0;0;0;0;0;1
11/01/2023;18:48:57;1090;Sem vítima;748;BR-262/GO;Decrescente;Acidentes de outra natureza;1;0;0;0;0;0;1
11/01/2023;19:47:06;1110;Sem vítima;498;BR-153/GO;Crescente;Acidentes de outra natureza;1;0;0;0;0;0;1
11/01/2023;20:28:37;1176;Sem vítima;586;BR-153/GO;Crescente;Acidentes de outra natureza;1;0;0;0;0;0;1
11/01/2023;20:40:00;1191;Sem vítima;604;BR-153/GO;Decrescente;Acidentes de outra natureza;1;0;0;0;0;0;1
11/01/2023;21:23:00;1257;Sem vítima;102;BR-60/GO;Decrescente;Acidentes de outra natureza;1;0;0;0;0;0;1
11/01/2023;21:39:09;1273;Sem vítima;175;BR-153/GO;Decrescente;Acidentes de outra natureza;1;0;0;0;0;0;1
11/01/2023;22:01:38;1319;Sem vítima;553;BR-153/GO;Crescente;Acidentes de outra natureza;1;0;0;0;0;0;1
11/01/2023;22:27:00;1340;Sem vítima;557;BR-153/GO;Decrescente;Acidentes de outra natureza;1;0;0;0;0;0;1
11/01/2023;22:30:43;1342;Sem vítima;58;BR-153/GO;Decrescente;Acidentes de outra natureza;1;0;0;0;0;0;1
12/01/2023;00:03:34;8;Sem vítima;552;BR-262/GO;Decrescente;Acidentes de outra natureza;1;0;0;0;0;0;1
12/01/2023;00:39:12;31;Sem vítima;534;BR-153/GO;Decrescente;Acidentes de outra natureza;1;0;0;0;0;0;1
12/01/2023;01:07:55;35;Sem vítima;895,5;BR-262/GO;Decrescente;Acidentes de outra natureza;1;0;0;0;0;0;1
12/01/2023;01:30:35;38;Sem vítima;87,8;BR-153/GO;Decrescente;Acidentes de outra natureza;1;0;0;0;0;0;1
12/01/2023;01:34:39;39;Sem vítima;158;BR-153/GO;Decrescente;Acidentes de outra natureza;1;0;0;0;0;0;1
12/01/2023;02:26:13;67;Sem vítima;666;BR-153/GO;Decrescente;Acidentes de outra natureza;1;0;0;0;0;0;1
12/01/2023;03:02:19;91;Sem vítima;557;BR-262/GO;Decrescente;Acidentes de outra natureza;1;0;0;0;0;0;1
12/01/2023;03:17:25;102;Sem vítima;82,8;BR-60/GO;Decrescente;Acidentes de outra natureza;1;0;0;0;0;0;1
12/01/2023;04:00:00;106;Sem vítima;428;BR-262/GO;Decrescente;Acidentes de outra natureza;1;0;0;0;0;0;1
12/01/2023;04:01:13;107;Sem vítima;135;BR-153/GO;Decrescente;Acidentes de outra natureza;1;0;0;0;0;0;1
12/01/2023;04:11:52;108;Sem vítima;493;BR-153/GO;Decrescente;Tombamento;1;1;0;0;0;0;1
12/01/2023;06:23:00;126;Sem vítima;111;BR-60/GO;Decrescente;Acidentes de outra natureza;1;0;0;0;0;0;1
12/01/2023;07:27:00;150;Sem vítima;136;BR-60/GO;Crescente;Acidentes de outra natureza;1;0;0;0;0;0;1
12/01/2023;07:29:34;151;Sem vítima;131;BR-153/GO;Decrescente;Acidentes de outra natureza;1;0;0;0;0;0;1
12/01/2023;07:32:12;155;Sem vítima;228;BR-153/GO;Crescente;Acidentes de outra natureza;1;0;0;0;0;0;1
12/01/2023;07:54:51;174;Sem vítima;534,5;BR-153/GO;Decrescente;Acidentes de outra natureza;1;0;0;0;0;0;1
12/01/2023;08:07:45;187;Sem vítima;512;BR-262/GO;Decrescente;Acidentes de outra natureza;1;0;0;0;0;0;1
12/01/2023;09:04:49;273;Sem vítima;72;BR-153/GO;Decrescente;Acidentes de outra natureza;1;0;0;0;0;0;1
12/01/2023;09:06:07;280;Sem vítima;552;BR-153/GO;Crescente;Acidentes de outra natureza;1;0;0;0;0;0;1
12/01/2023;09:19:25;297;Sem vítima;136;BR-153/GO;Crescente;Acidentes de outra natureza;1;0;0;0;0;0;1
12/01/2023;09:31:00;342;Sem vítima;25;BR-60/GO;Crescente;Acidentes de outra natureza;1;0;0;0;0;0;1
12/01/2023;09:52:40;376;Sem vítima;70;BR-153/GO;Decrescente;Acidentes de outra natureza;1;0;0;0;0;0;1
12/01/2023;10:00:42;385;Sem vítima;833;BR-262/GO;Crescente;Acidentes de outra natureza;1;0;0;0;0;0;1
12/01/2023;10:01:15;386;Sem vítima;107;BR-60/GO;Crescente;Acidentes de outra natureza;1;0;0;0;0;0;1
12/01/2023;10:04:41;392;Sem vítima;614;BR-262/GO;Decrescente;Acidentes de outra natureza;1;0;0;0;0;0;1
12/01/2023;10:10:45;395;Sem vítima;98;BR-153/GO;Crescente;Acidentes de outra natureza;1;0;0;0;0;0;1
12/01/2023;10:11:00;396;Sem vítima;375;BR-262/GO;Decrescente;Acidentes de outra natureza;1;0;0;0;0;0;1
12/01/2023;10:18:06;399;Sem vítima;642;BR-153/GO;Crescente;Acidentes de outra natureza;1;0;0;0;0;0;1
12/01/2023;10:29:02;412;Sem vítima;28;BR-153/GO;Decrescente;Acidentes de outra natureza;1;0;0;0;0;0;1
12/01/2023;10:55:57;447;Sem vítima;729;BR-262/GO;Decrescente;Acidentes de outra natureza;1;0;0;0;0;0;1
12/01/2023;11:04:00;460;Sem vítima;703;BR-153/GO;Decrescente;Acidentes de outra natureza;1;0;0;0;0;0;1
12/01/2023;11:18:35;483;Sem vítima;589;BR-262/GO;Crescente;Acidentes de outra natureza;1;0;0;0;0;0;1
12/01/2023;11:26:00;491;Sem vítima;692;BR-262/GO;Decrescente;Acidentes de outra natureza;1;0;0;0;0;0;1
12/01/2023;11:32:45;492;Sem vítima;641;BR-262/GO;Decrescente;Acidentes de outra natureza;1;0;0;0;0;0;1
12/01/2023;11:35:00;504;Sem vítima;563;BR-262/GO;Decrescente;Acidentes de outra natureza;1;0;0;0;0;0;1
12/01/2023;11:51:06;520;Sem vítima;775;BR-262/GO;Crescente;Acidentes de outra natureza;1;0;0;0;0;0;1
12/01/2023;11:58:00;524;Sem vítima;662,5;BR-153/GO;Decrescente;Acidentes de outra natureza;1;0;0;0;0;0;1
12/01/2023;11:58:55;525;Sem vítima;90;BR-60/GO;Decrescente;Acidentes de outra natureza;1;0;0;0;0;0;1
12/01/2023;12:18:07;544;Sem vítima;663;BR-153/GO;Decrescente;Acidentes de outra natureza;1;0;0;0;0;0;1
12/01/2023;12:26:00;550;Sem vítima;677;BR-153/GO;Decrescente;Acidentes de outra natureza;1;0;0;0;0;0;1
12/01/2023;13:00:55;568;Sem vítima;707;BR-262/GO;Decrescente;Acidentes de outra natureza;1;0;0;0;0;0;1
12/01/2023;13:03:33;573;Sem vítima;685;BR-153/GO;Decrescente;Acidentes de outra natureza;1;0;0;0;0;0;1
12/01/2023;13:42:10;619;Sem vítima;828;BR-262/GO;Decrescente;Acidentes de outra natureza;1;0;0;0;0;0;1
12/01/2023;13:45:13;621;Sem vítima;877;BR-262/GO;Decrescente;Acidentes de outra natureza;1;0;0;0;0;0;1
12/01/2023;13:51:37;623;Sem vítima;119;BR-153/GO;Decrescente;Acidentes de outra natureza;1;0;0;0;0;0;1
12/01/2023;14:07:24;626;Sem vítima;14;BR-153/GO;Crescente;Acidentes de outra natureza;1;0;0;0;0;0;1
12/01/2023;14:19:36;631;Sem vítima;568;BR-262/GO;Decrescente;Acidentes de outra natureza;1;0;0;0;0;0;1
12/01/2023;14:52:59;679;Sem vítima;666;BR-153/GO;Decrescente;Acidentes de outra natureza;1;0;0;0;0;0;1
12/01/2023;14:54:51;681;Sem vítima;778;BR-262/GO;Crescente;Acidentes de outra natureza;1;0;0;0;0;0;1
12/01/2023;14:56:00;687;Sem vítima;83;BR-60/GO;Crescente;Acidentes de outra natureza;1;0;0;0;0;0;1
12/01/2023;14:58:49;694;Sem vítima;96,8;BR-153/GO;Decrescente;Acidentes de outra natureza;1;0;0;0;0;0;1
12/01/2023;15:23:00;752;Sem vítima;699;BR-262/GO;Decrescente;Acidentes de outra natureza;1;0;0;0;0;0;1
12/01/2023;15:26:00;753;Sem vítima;554;BR-153/GO;Crescente;Acidentes de outra natureza;1;0;0;0;0;0;1
12/01/2023;15:38:43;756;Sem vítima;745;BR-262/GO;Decrescente;Acidentes de outra natureza;1;0;0;0;0;0;1
12/01/2023;15:45:00;764;Sem vítima;14;BR-153/GO;Crescente;Acidentes de outra natureza;1;0;0;0;0;0;1
12/01/2023;15:46:40;765;Sem vítima;131,8;BR-60/GO;Crescente;Acidentes de outra natureza;1;0;0;0;0;0;1
12/01/2023;15:55:15;791;Sem vítima;2;BR-60/GO;Crescente;Acidentes de outra natureza;1;0;0;0;0;0;1
12/01/2023;16:08:41;833;Sem vítima;738;BR-262/GO;Decrescente;Acidentes de outra natureza;1;0;0;0;0;0;1
12/01/2023;16:22:00;835;Sem vítima;3;BR-60/GO;Crescente;Acidentes de outra natureza;1;0;0;0;0;0;1
12/01/2023;16:26:26;850;Sem vítima;472,3;BR-262/GO;Decrescente;Acidentes de outra natureza;1;0;0;0;0;0;1
12/01/2023;16:49:46;884;Sem vítima;93,6;BR-153/GO;Decrescente;Acidentes de outra natureza;1;0;0;0;0;0;1
12/01/2023;17:08:39;911;Sem vítima;895;BR-262/GO;Decrescente;Acidentes de outra natureza;1;0;0;0;0;0;1
12/01/2023;17:16:00;915;Sem vítima;722;BR-262/GO;Decrescente;Acidentes de outra natureza;1;0;0;0;0;0;1
12/01/2023;17:46:00;934;Sem vítima;103;BR-60/GO;Decrescente;Acidentes de outra natureza;1;0;0;0;0;0;1
12/01/2023;18:11:18;956;Sem vítima;414;BR-262/GO;Decrescente;Acidentes de outra natureza;1;0;0;0;0;0;1
12/01/2023;18:43:19;979;Sem vítima;26;BR-153/GO;Decrescente;Acidentes de outra natureza;1;0;0;0;0;0;1
12/01/2023;19:08:00;999;Sem vítima;107,9;BR-60/GO;Decrescente;Acidentes de outra natureza;1;0;0;0;0;0;1
12/01/2023;19:13:25;1001;Sem vítima;833;BR-262/GO;Crescente;Acidentes de outra natureza;1;0;0;0;0;0;1
12/01/2023;19:17:00;1002;Sem vítima;375;BR-262/GO;Decrescente;Acidentes de outra natureza;1;0;0;0;0;0;1
12/01/2023;19:21:00;1010;Sem vítima;5,1;BR-60/GO;Decrescente;Acidentes de outra natureza;1;0;0;0;0;0;1
12/01/2023;19:40:24;1025;Sem vítima;46;BR-60/GO;Decrescente;Acidentes de outra natureza;1;0;0;0;0;0;1
12/01/2023;20:24:48;1115;Sem vítima;725,5;BR-262/GO;Decrescente;Acidentes de outra natureza;1;0;0;0;0;0;1
12/01/2023;20:30:00;1118;Sem vítima;18,9;BR-60/GO;Decrescente;Acidentes de outra natureza;1;0;0;0;0;0;1
12/01/2023;20:44:00;1124;Sem vítima;466,5;BR-262/GO;Crescente;Acidentes de outra natureza;1;0;0;0;0;0;1
12/01/2023;21:13:00;1130;Sem vítima;133;BR-60/GO;Decrescente;Acidentes de outra natureza;1;0;0;0;0;0;1
12/01/2023;21:35:21;1157;Sem vítima;868;BR-262/GO;Decrescente;Acidentes de outra natureza;1;0;0;0;0;0;1
12/01/2023;22:07:23;1205;Sem vítima;472;BR-262/GO;Decrescente;Acidentes de outra natureza;1;0;0;0;0;0;1
12/01/2023;22:12:00;1214;Sem vítima;567;BR-153/GO;Decrescente;Acidentes de outra natureza;1;0;0;0;0;0;1
12/01/2023;22:24:00;1219;Sem vítima;65;BR-153/GO;Decrescente;Acidentes de outra natureza;1;0;0;0;0;0;1
12/01/2023;22:35:53;1241;Sem vítima;24;BR-153/GO;Crescente;Acidentes de outra natureza;1;0;0;0;0;0;1
12/01/2023;22:38:00;1252;Sem vítima;415;BR-262/GO;Decrescente;Acidentes de outra natureza;1;0;0;0;0;0;1
12/01/2023;23:49:00;1356;Sem vítima;697,5;BR-262/GO;Crescente;Acidentes de outra natureza;1;0;0;0;0;0;1