data;horario;n_da_ocorrencia;tipo_de_ocorrencia;km;trecho;sentido;tipo_de_acidente;caminhao;ilesos;levemente_feridos;moderadamente_feridos;gravemente_feridos;mortos;3
13/01/2023;00:05:38;7;Sem vítima;26;BR-60/GO;Decrescente;Acidentes de outra natureza;1;0;0;0;0;0;1
13/01/2023;00:42:16;36;Sem vítima;414;BR-262/GO;Decrescente;Choque;1;1;0;0;0;0;1
13/01/2023;00:54:50;56;Sem vítima;81;BR-153/GO;Decrescente;Acidentes de outra natureza;1;0;0;0;0;0;1
13/01/2023;00:56:00;58;Sem vítima;374;BR-262/GO;Crescente;Acidentes de outra natureza;1;0;0;0;0;0;1
13/01/2023;01:27:05;92;Sem vítima;557;BR-153/GO;Decrescente;Acidentes de outra natureza;1;0;0;0;0;0;1
13/01/2023;01:47:18;113;Sem vítima;91;BR-153/GO;Crescente;Acidentes de outra natureza;1;0;0;0;0;0;1
13/01/2023;02:08:20;125;Sem vítima;65;BR-153/GO;Decrescente;Acidentes de outra natureza;1;0;0;0;0;0;1
13/01/2023;03:12:52;241;Sem vítima;533;BR-153/GO;Decrescente;Acidentes de outra natureza;1;0;0;0;0;0;1
13/01/2023;03:24:00;248;Sem vítima;69;BR-60/GO;Decrescente;Acidentes de outra natureza;1;0;0;0;0;0;1
13/01/2023;04:22:18;333;Sem vítima;669;BR-262/GO;Decrescente;Acidentes de outra natureza;1;0;0;0;0;0;1
13/01/2023;05:18:34;404;Sem vítima;693;BR-153/GO;Decrescente;Acidentes de outra natureza;1;0;0;0;0;0;1
13/01/2023;05:56:49;428;Sem vítima;677;BR-262/GO;Decrescente;Acidentes de outra natureza;1;0;0;0;0;0;1
13/01/2023;06:14:00;431;Sem vítima;584,8;BR-153/GO;Crescente;Acidentes de outra natureza;1;0;0;0;0;0;1
13/01/2023;07:13:00;441;Sem vítima;118;BR-60/GO;Crescente;Acidentes de outra natureza;1;0;0;0;0;0;1
13/01/2023;07:20:26;444;Sem vítima;784;BR-262/GO;Decrescente;Acidentes de outra natureza;1;0;0;0;0;0;1
13/01/2023;07:59:45;456;Sem vítima;794;BR-262/GO;Crescente;Acidentes de outra natureza;1;0;0;0;0;0;1
13/01/2023;08:01:31;457;Sem vítima;467;BR-262/GO;Decrescente;Acidentes de outra natureza;1;0;0;0;0;0;1
13/01/2023;09:14:11;497;Sem vítima;683,5;BR-153/GO;Crescente;Acidentes de outra natureza;1;0;0;0;0;0;1
13/01/2023;09:29:26;507;Sem vítima;669;BR-262/GO;Decrescente;Acidentes de outra natureza;1;0;0;0;0;0;1
13/01/2023;09:49:00;512;Sem vítima;665;BR-262/GO;Crescente;Acidentes de outra natureza;1;0;0;0;0;0;1
13/01/2023;10:15:00;532;Sem vítima;64;BR-60/GO;Crescente;Acidentes de outra natureza;1;0;0;0;0;0;1
13/01/2023;10:15:12;530;Sem vítima;539;BR-153/GO;Decrescente;Acidentes de outra natureza;1;0;0;0;0;0;1
13/01/2023;10:43:00;548;Sem vítima;669;BR-153/GO;Decrescente;Acidentes de outra natureza;1;0;0;0;0;0;1
13/01/2023;10:43:20;547;Sem vítima;381;BR-262/GO;Decrescente;Acidentes de outra natureza;1;0;0;0;0;0;1
13/01/2023;11:06:34;562;Sem vítima;66;BR-153/GO;Decrescente;Acidentes de outra natureza;1;0;0;0;0;0;1
13/01/2023;11:16:35;569;Sem vítima;529;BR-262/GO;Crescente;Acidentes de outra natureza;1;0;0;0;0;0;1
13/01/2023;11:31:00;576;Sem vítima;662;BR-262/GO;Decrescente;Acidentes de outra natureza;1;0;0;0;0;0;1
13/01/2023;11:39:27;579;Sem vítima;863,7;BR-262/GO;Decrescente;Acidentes de outra natureza;1;0;0;0;0;0;1
13/01/2023;11:52:18;588;Sem vítima;479;BR-262/GO;Decrescente;Acidentes de outra natureza;1;0;0;0;0;0;1
13/01/2023;12:01:16;592;Sem vítima;529;BR-262/GO;Crescente;Acidentes de outra natureza;1;0;0;0;0;0;1
13/01/2023;12:16:00;598;Sem vítima;662;BR-153/GO;Decrescente;Acidentes de outra natureza;1;0;0;0;0;0;1
13/01/2023;12:20:26;601;Sem vítima;812;BR-262/GO;Decrescente;Acidentes de outra natureza;1;0;0;0;0;0;1
13/01/2023;13:10:24;653;Sem vítima;827;BR-262/GO;Decrescente;Acidentes de outra natureza;1;0;0;0;0;0;1
13/01/2023;13:39:00;676;Sem vítima;195;BR-153/GO;Crescente;Acidentes de outra natureza;1;0;0;0;0;0;1
13/01/2023;14:26:00;705;Sem vítima;26,5;BR-153/GO;Decrescente;Acidentes de outra natureza;1;0;0;0;0;0;1
13/01/2023;14:33:00;709;Sem vítima;748;BR-262/GO;Decrescente;Acidentes de outra natureza;1;0;0;0;0;0;1
13/01/2023;14:56:00;726;Sem vítima;815;BR-262/GO;Decrescente;Acidentes de outra natureza;1;0;0;0;0;0;1
13/01/2023;15:02:11;727;Sem vítima;80,6;BR-153/GO;Crescente;Acidentes de outra natureza;1;0;0;0;0;0;1
13/01/2023;15:33:00;740;Sem vítima;493;BR-153/GO;Decrescente;Acidentes de outra natureza;1;0;0;0;0;0;1
13/01/2023;15:41:00;744;Sem vítima;22;BR-60/GO;Crescente;Acidentes de outra natureza;1;0;0;0;0;0;1
13/01/2023;16:20:23;757;Sem vítima;47,5;BR-153/GO;Crescente;Acidentes de outra natureza;1;0;0;0;0;0;1
13/01/2023;16:39:00;807;Sem vítima;3,5;BR-153/GO;Decrescente;Acidentes de outra natureza;1;0;0;0;0;0;1
13/01/2023;16:55:53;827;Sem vítima;719;BR-262/GO;Crescente;Acidentes de outra natureza;1;0;0;0;0;0;1
13/01/2023;16:58:11;830;Sem vítima;625;BR-262/GO;Crescente;Acidentes de outra natureza;1;0;0;0;0;0;1
13/01/2023;17:21:32;884;Sem vítima;46,5;BR-153/GO;Decrescente;Acidentes de outra natureza;1;0;0;0;0;0;1
13/01/2023;17:25:22;895;Sem vítima;517;BR-262/GO;Decrescente;Acidentes de outra natureza;1;0;0;0;0;0;1
13/01/2023;17:36:44;911;Sem vítima;429;BR-262/GO;Decrescente;Acidentes de outra natureza;1;0;0;0;0;0;1
13/01/2023;18:25:13;970;Sem vítima;180;BR-153/GO;Crescente;Acidentes de outra natureza;1;0;0;0;0;0;1
13/01/2023;18:38:00;973;Sem vítima;245;BR-153/GO;Crescente;Acidentes de outra natureza;1;0;0;0;0;0;1
13/01/2023;18:56:00;978;Sem vítima;667;BR-153/GO;Crescente;Acidentes de outra natureza;1;0;0;0;0;0;1
13/01/2023;19:19:00;991;Sem vítima;557;BR-153/GO;Decrescente;Acidentes de outra natureza;1;0;0;0;0;0;1
13/01/2023;19:20:00;992;Sem vítima;659;BR-153/GO;Crescente;Acidentes de outra natureza;1;0;0;0;0;0;1
13/01/2023;19:27:30;996;Sem vítima;792;BR-262/GO;Crescente;Acidentes de outra natureza;1;0;0;0;0;0;1
13/01/2023;19:51:46;1007;Sem vítima;11;BR-60/GO;Decrescente;Acidentes de outra natureza;1;0;0;0;0;0;1
13/01/2023;20:11:00;1015;Sem vítima;430;BR-262/GO;Decrescente;Acidentes de outra natureza;1;0;0;0;0;0;1
13/01/2023;20:34:13;1025;Sem vítima;557;BR-153/GO;Crescente;Acidentes de outra natureza;1;0;0;0;0;0;1
13/01/2023;20:52:51;1035;Sem vítima;87;BR-153/GO;Crescente;Acidentes de outra natureza;1;0;0;0;0;0;1
13/01/2023;21:00:17;1039;Sem vítima;520;BR-153/GO;Crescente;Acidentes de outra natureza;1;0;0;0;0;0;1
13/01/2023;21:09:10;1043;Sem vítima;519;BR-153/GO;Decrescente;Acidentes de outra natureza;1;0;0;0;0;0;1
13/01/2023;21:13:57;1044;Sem vítima;135,2;BR-153/GO;Crescente;Acidentes de outra natureza;1;0;0;0;0;0;1
13/01/2023;21:38:05;1055;Sem vítima;107;BR-60/GO;Decrescente;Acidentes de outra natureza;1;0;0;0;0;0;1
13/01/2023;22:25:09;1070;Sem vítima;600;BR-262/GO;Decrescente;Acidentes de outra natureza;1;0;0;0;0;0;1
13/01/2023;23:20:00;1081;Sem vítima;532;BR-153/GO;Decrescente;Acidentes de outra natureza;1;0;0;0;0;0;1
13/01/2023;23:38:47;1084;Sem vítima;64;BR-153/GO;Crescente;Acidentes de outra natureza;1;0;0;0;0;0;1
13/01/2023;23:50:00;1087;Sem vítima;520;BR-262/GO;Decrescente;Acidentes de outra natureza;1;0;0;0;0;0;1
14/01/2023;00:06:21;2;Sem vítima;58;BR-153/GO;Decrescente;Acidentes de outra natureza;1;0;0;0;0;0;1
14/01/2023;01:01:02;15;Sem vítima;194;BR-153/GO;Decrescente;Acidentes de outra natureza;1;0;0;0;0;0;1
14/01/2023;03:06:12;53;Sem vítima;194;BR-153/GO;Crescente;Acidentes de outra natureza;1;0;0;0;0;0;1
14/01/2023;03:27:06;67;Sem vítima;685,3;BR-153/GO;Decrescente;Acidentes de outra natureza;1;0;0;0;0;0;1
14/01/2023;03:32:58;73;Sem vítima;57;BR-153/GO;Decrescente;Acidentes de outra natureza;1;0;0;0;0;0;1
14/01/2023;05:10:03;135;Sem vítima;387;BR-262/GO;Crescente;Acidentes de outra natureza;1;0;0;0;0;0;1
14/01/2023;05:20:06;137;Sem vítima;24,5;BR-153/GO;Crescente;Acidentes de outra natureza;1;0;0;0;0;0;1
14/01/2023;06:17:00;151;Sem vítima;362;BR-262/GO;Decrescente;Acidentes de outra natureza;1;0;0;0;0;0;1
14/01/2023;06:55:30;156;Sem vítima;227;BR-153/GO;Decrescente;Acidentes de outra natureza;1;0;0;0;0;0;1
14/01/2023;07:09:30;157;Sem vítima;367;BR-262/GO;Decrescente;Acidentes de outra natureza;1;0;0;0;0;0;1
14/01/2023;07:43:06;169;Sem vítima;450;BR-262/GO;Decrescente;Acidentes de outra natureza;1;0;0;0;0;0;1
14/01/2023;07:45:36;170;Sem vítima;194;BR-153/GO;Crescente;Acidentes de outra natureza;1;0;0;0;0;0;1
14/01/2023;09:11:57;197;Sem vítima;667;BR-153/GO;Decrescente;Acidentes de outra natureza;1;0;0;0;0;0;1
14/01/2023;09:12:22;198;Sem vítima;667;BR-153/GO;Crescente;Acidentes de outra natureza;1;0;0;0;0;0;1
14/01/2023;09:30:42;205;Sem vítima;195;BR-153/GO;Decrescente;Acidentes de outra natureza;1;0;0;0;0;0;1
14/01/2023;09:37:02;208;Sem vítima;90;BR-60/GO;Crescente;Acidentes de outra natureza;1;0;0;0;0;0;1
14/01/2023;09:47:09;217;Sem vítima;484;BR-262/GO;Crescente;Acidentes de outra natureza;1;0;0;0;0;0;1
14/01/2023;09:59:00;225;Sem vítima;180;BR-153/GO;Crescente;Acidentes de outra natureza;1;0;0;0;0;0;1
14/01/2023;10:08:00;234;Sem vítima;31;BR-153/GO;Decrescente;Acidentes de outra natureza;1;0;0;0;0;0;1
14/01/2023;10:29:51;239;Sem vítima;426;BR-262/GO;Decrescente;Acidentes de outra natureza;1;0;0;0;0;0;1
14/01/2023;10:35:12;241;Sem vítima;171,2;BR-153/GO;Crescente;Acidentes de outra natureza;1;0;0;0;0;0;1
14/01/2023;10:39:00;243;Sem vítima;31;BR-60/GO;Decrescente;Acidentes de outra natureza;1;0;0;0;0;0;1
14/01/2023;10:52:24;248;Sem vítima;553;BR-153/GO;Decrescente;Acidentes de outra natureza;1;0;0;0;0;0;1
14/01/2023;10:53:49;249;Sem vítima;793;BR-262/GO;Decrescente;Acidentes de outra natureza;1;0;0;0;0;0;1
14/01/2023;11:01:19;267;Sem vítima;651;BR-153/GO;Decrescente;Acidentes de outra natureza;1;0;0;0;0;0;1
14/01/2023;11:07:00;273;Sem vítima;675;BR-262/GO;Crescente;Acidentes de outra natureza;1;0;0;0;0;0;1
14/01/2023;11:24:13;288;Sem vítima;133,8;BR-153/GO;Decrescente;Acidentes de outra natureza;1;0;0;0;0;0;1
14/01/2023;11:29:35;307;Sem vítima;515;BR-262/GO;Decrescente;Acidentes de outra natureza;1;0;0;0;0;0;1
14/01/2023;12:17:53;346;Sem vítima;424,7;BR-262/GO;Crescente;Acidentes de outra natureza;1;0;0;0;0;0;1
14/01/2023;12:39:54;351;Sem vítima;147;BR-153/GO;Decrescente;Acidentes de outra natureza;1;0;0;0;0;0;1
14/01/2023;13:40:54;380;Sem vítima;45,5;BR-153/GO;Decrescente;Acidentes de outra natureza;1;0;0;0;0;0;1
14/01/2023;14:05:37;395;Sem vítima;44;BR-60/GO;Crescente;Acidentes de outra natureza;1;0;0;0;0;0;1
14/01/2023;14:11:00;399;Sem vítima;537;BR-262/GO;Decrescente;Acidentes de outra natureza;1;0;0;0;0;0;1
14/01/2023;14:17:00;401;Sem vítima;148;BR-153/GO;Decrescente;Acidentes de outra natureza;1;0;0;0;0;0;1
14/01/2023;14:25:41;404;Sem vítima;722;BR-262/GO;Decrescente;Acidentes de outra natureza;1;0;0;0;0;0;1
14/01/2023;14:32:00;409;Sem vítima;567;BR-262/GO;Decrescente;Acidentes de outra natureza;1;0;0;0;0;0;1
14/01/2023;14:46:17;414;Sem vítima;430;BR-262/GO;Decrescente;Acidentes de outra natureza;1;0;0;0;0;0;1
14/01/2023;14:48:00;415;Sem vítima;664,5;BR-153/GO;Crescente;Acidentes de outra natureza;1;0;0;0;0;0;1
14/01/2023;14:50:06;416;Sem vítima;821;BR-262/GO;Decrescente;Acidentes de outra natureza;1;0;0;0;0;0;1
14/01/2023;14:54:00;418;Sem vítima;375;BR-262/GO;Crescente;Acidentes de outra natureza;1;0;0;0;0;0;1
14/01/2023;15:02:14;424;Sem vítima;27,9;BR-60/GO;Crescente;Acidentes de outra natureza;1;0;0;0;0;0;1
14/01/2023;15:15:40;426;Sem vítima;606;BR-262/GO;Decrescente;Acidentes de outra natureza;1;0;0;0;0;0;1
14/01/2023;15:35:50;442;Sem vítima;746;BR-262/GO;Decrescente;Acidentes de outra natureza;1;0;0;0;0;0;1
14/01/2023;15:50:04;452;Sem vítima;106;BR-60/GO;Decrescente;Acidentes de outra natureza;1;0;0;0;0;0;1
14/01/2023;15:54:00;459;Sem vítima;881;BR-262/GO;Crescente;Acidentes de outra natureza;1;0;0;0;0;0;1
14/01/2023;16:09:15;476;Sem vítima;136;BR-60/GO;Decrescente;Acidentes de outra natureza;1;0;0;0;0;0;1
14/01/2023;16:27:07;493;Sem vítima;500;BR-262/GO;Decrescente;Acidentes de outra natureza;1;0;0;0;0;0;1
14/01/2023;16:50:16;546;Sem vítima;62;BR-60/GO;Crescente;Acidentes de outra natureza;1;0;0;0;0;0;1
14/01/2023;17:16:37;557;Sem vítima;664;BR-153/GO;Decrescente;Acidentes de outra natureza;1;0;0;0;0;0;1
14/01/2023;17:43:33;581;Sem vítima;653;BR-153/GO;Decrescente;Acidentes de outra natureza;1;0;0;0;0;0;1
14/01/2023;18:33:52;676;Sem vítima;746;BR-262/GO;Decrescente;Acidentes de outra natureza;1;0;0;0;0;0;1
14/01/2023;19:20:00;704;Sem vítima;663;BR-262/GO;Decrescente;Acidentes de outra natureza;1;0;0;0;0;0;1
14/01/2023;19:30:14;709;Sem vítima;665;BR-153/GO;Decrescente;Acidentes de outra natureza;1;0;0;0;0;0;1
14/01/2023;20:20:07;744;Sem vítima;71;BR-153/GO;Decrescente;Acidentes de outra natureza;1;0;0;0;0;0;1
14/01/2023;21:02:02;767;Sem vítima;777,4;BR-262/GO;Crescente;Acidentes de outra natureza;1;0;0;0;0;0;1
14/01/2023;21:21:05;773;Sem vítima;664;BR-262/GO;Decrescente;Acidentes de outra natureza;1;0;0;0;0;0;1
14/01/2023;21:34:00;780;Sem vítima;3;BR-60/GO;Decrescente;Acidentes de outra natureza;1;0;0;0;0;0;1
14/01/2023;22:02:17;785;Sem vítima;584;BR-153/GO;Crescente;Acidentes de outra natureza;1;0;0;0;0;0;1
14/01/2023;22:24:00;800;Sem vítima;30;BR-153/GO;Decrescente;Acidentes de outra natureza;1;0;0;0;0;0;1
14/01/2023;23:25:00;827;Sem vítima;246;BR-153/GO;Crescente;Acidentes de outra natureza;1;0;0;0;0;0;1
14/01/2023;23:36:43;834;Sem vítima;228;BR-153/GO;Decrescente;Acidentes de outra natureza;1;0;0;0;0;0;1
14/01/2023;23:44:37;838;Sem vítima;599;BR-153/GO;Crescente;Acidentes de outra natureza;1;0;0;0;0;0;1
15/01/2023;00:18:57;12;Sem vítima;551;BR-262/GO;Decrescente;Acidentes de outra natureza;1;0;0;0;0;0;1
15/01/2023;00:23:17;15;Sem vítima;26;BR-60/GO;Crescente;Acidentes de outra natureza;1;0;0;0;0;0;1
15/01/2023;08:49:00;163;Sem vítima;225;BR-153/GO;Decrescente;Acidentes de outra natureza;1;0;0;0;0;0;1
15/01/2023;08:50:22;164;Sem vítima;747;BR-262/GO;Decrescente;Acidentes de outra natureza;1;0;0;0;0;0;1
15/01/2023;08:51:00;165;Sem vítima;79;BR-60/GO;Crescente;Colisão lateral no mesmo sentido;1;1;0;0;0;0;1
15/01/2023;09:42:17;223;Sem vítima;741;BR-262/GO;Decrescente;Acidentes de outra natureza;1;0;0;0;0;0;1
15/01/2023;09:59:00;236;Sem vítima;774;BR-262/GO;Decrescente;Acidentes de outra natureza;1;0;0;0;0;0;1
15/01/2023;10:28:29;266;Sem vítima;179;BR-153/GO;Decrescente;Acidentes de outra natureza;1;0;0;0;0;0;1
15/01/2023;10:43:00;275;Sem vítima;527;BR-153/GO;Decrescente;Acidentes de outra natureza;1;0;0;0;0;0;1
15/01/2023;10:46:00;280;Sem vítima;101;BR-60/GO;Crescente;Acidentes de outra natureza;1;0;0;0;0;0;1
15/01/2023;11:14:41;312;Sem vítima;603;BR-153/GO;Crescente;Acidentes de outra natureza;1;0;0;0;0;0;1
15/01/2023;11:18:00;314;Sem vítima;419;BR-262/GO;Decrescente;Acidentes de outra natureza;1;0;0;0;0;0;1
15/01/2023;11:37:00;330;Sem vítima;533;BR-153/GO;Decrescente;Acidentes de outra natureza;1;0;0;0;0;0;1
15/01/2023;12:11:00;361;Sem vítima;577;BR-153/GO;Decrescente;Acidentes de outra natureza;1;0;0;0;0;0;1
15/01/2023;12:21:39;373;Sem vítima;724;BR-262/GO;Decrescente;Acidentes de outra natureza;1;0;0;0;0;0;1
15/01/2023;12:25:02;376;Sem vítima;552;BR-262/GO;Decrescente;Acidentes de outra natureza;1;0;0;0;0;0;1
15/01/2023;12:43:00;386;Sem vítima;386;BR-262/GO;Crescente;Acidentes de outra natureza;1;0;0;0;0;0;1
15/01/2023;12:55:00;397;Sem vítima;49;BR-60/GO;Crescente;Acidentes de outra natureza;1;0;0;0;0;0;1
15/01/2023;13:20:17;419;Sem vítima;580;BR-153/GO;Decrescente;Acidentes de outra natureza;1;0;0;0;0;0;1
15/01/2023;13:44:11;443;Sem vítima;529;BR-153/GO;Decrescente;Acidentes de outra natureza;1;0;0;0;0;0;1
15/01/2023;13:56:25;450;Sem vítima;44;BR-153/GO;Crescente;Acidentes de outra natureza;1;0;0;0;0;0;1
15/01/2023;14:11:20;465;Sem vítima;627;BR-153/GO;Crescente;Acidentes de outra natureza;1;0;0;0;0;0;1
15/01/2023;14:50:00;506;Sem vítima;503;BR-153/GO;Decrescente;Acidentes de outra natureza;1;0;0;0;0;0;1
15/01/2023;14:50:00;512;Sem vítima;379;BR-262/GO;Crescente;Acidentes de outra natureza;1;0;0;0;0;0;1
15/01/2023;14:53:00;513;Sem vítima;398;BR-262/GO;Decrescente;Acidentes de outra natureza;1;0;0;0;0;0;1
15/01/2023;14:53:32;508;Sem vítima;69;BR-153/GO;Crescente;Acidentes de outra natureza;1;0;0;0;0;0;1
15/01/2023;15:18:21;537;Sem vítima;103;BR-153/GO;Crescente;Acidentes de outra natureza;1;0;0;0;0;0;1
15/01/2023;15:42:51;565;Sem vítima;665;BR-153/GO;Crescente;Acidentes de outra natureza;1;0;0;0;0;0;1
15/01/2023;16:49:00;627;Sem vítima;359;BR-262/GO;Decrescente;Acidentes de outra natureza;1;0;0;0;0;0;1
15/01/2023;16:59:00;652;Sem vítima;503;BR-153/GO;Decrescente;Acidentes de outra natureza;1;0;0;0;0;0;1
15/01/2023;17:00:00;655;Sem vítima;3,5;BR-153/GO;Crescente;Acidentes de outra natureza;1;0;0;0;0;0;1
15/01/2023;17:44:35;693;Sem vítima;163,8;BR-153/GO;Crescente;Acidentes de outra natureza;1;0;0;0;0;0;1
15/01/2023;17:45:00;695;Sem vítima;565;BR-153/GO;Decrescente;Acidentes de outra natureza;1;0;0;0;0;0;1
15/01/2023;17:48:00;699;Sem vítima;3;BR-60/GO;Decrescente;Acidentes de outra natureza;1;0;0;0;0;0;1
15/01/2023;18:24:54;717;Sem vítima;664;BR-262/GO;Decrescente;Acidentes de outra natureza;1;0;0;0;0;0;1
15/01/2023;18:48:00;743;Sem vítima;618;BR-262/GO;Decrescente;Acidentes de outra natureza;1;0;0;0;0;0;1
15/01/2023;19:01:00;748;Sem vítima;723;BR-262/GO;Crescente;Acidentes de outra natureza;1;0;0;0;0;0;1
15/01/2023;19:07:35;757;Sem vítima;618;BR-262/GO;Decrescente;Acidentes de outra natureza;1;0;0;0;0;0;1
15/01/2023;19:13:01;773;Sem vítima;377;BR-262/GO;Decrescente;Acidentes de outra natureza;1;0;0;0;0;0;1
15/01/2023;19:34:57;806;Sem vítima;52;BR-153/GO;Crescente;Acidentes de outra natureza;1;0;0;0;0;0;1
15/01/2023;19:42:00;810;Sem vítima;622;BR-262/GO;Decrescente;Acidentes de outra natureza;1;0;0;0;0;0;1
15/01/2023;20:11:52;820;Sem vítima;37;BR-60/GO;Decrescente;Acidentes de outra natureza;1;0;0;0;0;0;1
15/01/2023;21:19:07;836;Sem vítima;125,3;BR-153/GO;Decrescente;Acidentes de outra natureza;1;0;0;0;0;0;1
15/01/2023;21:52:00;853;Sem vítima;622;BR-262/GO;Decrescente;Acidentes de outra natureza;1;0;0;0;0;0;1
15/01/2023;21:55:59;855;Sem vítima;82;BR-153/GO;Decrescente;Acidentes de outra natureza;1;0;0;0;0;0;1
15/01/2023;22:31:27;865;Sem vítima;750;BR-262/GO;Decrescente;Acidentes de outra natureza;1;0;0;0;0;0;1
16/01/2023;00:50:37;17;Sem vítima;689;BR-262/GO;Decrescente;Acidentes de outra natureza;1;0;0;0;0;0;1
16/01/2023;06:36:17;66;Sem vítima;606;BR-153/GO;Decrescente;Acidentes de outra natureza;1;0;0;0;0;0;1
16/01/2023;06:46:00;81;Sem vítima;518;BR-153/GO;Crescente;Acidentes de outra natureza;1;0;0;0;0;0;1
16/01/2023;06:54:07;94;Sem vítima;131;BR-153/GO;Decrescente;Acidentes de outra natureza;1;0;0;0;0;0;1
16/01/2023;08:34:00;136;Sem vítima;109;BR-153/GO;Decrescente;Acidentes de outra natureza;1;0;0;0;0;0;1
16/01/2023;09:26:00;159;Sem vítima;645;BR-262/GO;Decrescente;Acidentes de outra natureza;1;0;0;0;0;0;1
16/01/2023;09:39:26;172;Sem vítima;404;BR-262/GO;Decrescente;Acidentes de outra natureza;1;0;0;0;0;0;1
16/01/2023;09:53:36;183;Sem vítima;131;BR-60/GO;Crescente;Acidentes de outra natureza;1;0;0;0;0;0;1
16/01/2023;10:00:55;199;Sem vítima;564;BR-153/GO;Decrescente;Acidentes de outra natureza;1;0;0;0;0;0;1
16/01/2023;10:14:27;213;Sem vítima;408;BR-262/GO;Decrescente;Acidentes de outra natureza;1;0;0;0;0;0;1
16/01/2023;10:42:20;237;Sem vítima;376;BR-262/GO;Decrescente;Acidentes de outra natureza;1;0;0;0;0;0;1
16/01/2023;10:54:07;249;Sem vítima;529;BR-153/GO;Decrescente;Acidentes de outra natureza;1;0;0;0;0;0;1
16/01/2023;11:02:00;252;Sem vítima;119;BR-60/GO;Decrescente;Acidentes de outra natureza;1;0;0;0;0;0;1
16/01/2023;11:03:50;253;Sem vítima;427;BR-262/GO;Decrescente;Acidentes de outra natureza;1;0;0;0;0;0;1
16/01/2023;11:10:48;255;Sem vítima;737;BR-262/GO;Decrescente;Acidentes de outra natureza;1;0;0;0;0;0;1
16/01/2023;11:11:59;256;Sem vítima;610;BR-153/GO;Crescente;Acidentes de outra natureza;1;0;0;0;0;0;1
16/01/2023;11:15:39;258;Sem vítima;559;BR-262/GO;Decrescente;Acidentes de outra natureza;1;0;0;0;0;0;1
16/01/2023;11:51:44;288;Sem vítima;452;BR-262/GO;Decrescente;Acidentes de outra natureza;1;0;0;0;0;0;1
16/01/2023;12:46:22;314;Sem vítima;536;BR-262/GO;Decrescente;Acidentes de outra natureza;1;0;0;0;0;0;1
16/01/2023;13:31:05;348;Sem vítima;26;BR-60/GO;Decrescente;Acidentes de outra natureza;1;0;0;0;0;0;1
16/01/2023;14:05:32;384;Sem vítima;751;BR-262/GO;Decrescente;Acidentes de outra natureza;1;0;0;0;0;0;1
16/01/2023;14:12:36;388;Sem vítima;687;BR-262/GO;Decrescente;Acidentes de outra natureza;1;0;0;0;0;0;1
16/01/2023;14:31:07;403;Sem vítima;483;BR-262/GO;Decrescente;Acidentes de outra natureza;1;0;0;0;0;0;1
16/01/2023;14:39:00;408;Sem vítima;41;BR-60/GO;Decrescente;Acidentes de outra natureza;1;0;0;0;0;0;1
16/01/2023;15:18:00;442;Sem vítima;541;BR-153/GO;Decrescente;Acidentes de outra natureza;1;0;0;0;0;0;1
16/01/2023;15:24:41;444;Sem vítima;649;BR-153/GO;Decrescente;Acidentes de outra natureza;1;0;0;0;0;0;1
16/01/2023;15:34:03;456;Sem vítima;555;BR-262/GO;Decrescente;Acidentes de outra natureza;1;0;0;0;0;0;1
16/01/2023;16:09:00;471;Sem vítima;386;BR-262/GO;Decrescente;Acidentes de outra natureza;1;0;0;0;0;0;1
16/01/2023;16:14:43;475;Sem vítima;567;BR-153/GO;Crescente;Acidentes de outra natureza;1;0;0;0;0;0;1
16/01/2023;16:31:00;480;Sem vítima;623;BR-153/GO;Crescente;Acidentes de outra natureza;1;0;0;0;0;0;1
16/01/2023;16:49:00;487;Sem vítima;431;BR-262/GO;Crescente;Acidentes de outra natureza;1;0;0;0;0;0;1
16/01/2023;16:55:32;489;Sem vítima;737;BR-262/GO;Decrescente;Acidentes de outra natureza;1;0;0;0;0;0;1
16/01/2023;17:19:58;500;Sem vítima;379;BR-262/GO;Crescente;Acidentes de outra natureza;1;0;0;0;0;0;1
16/01/2023;17:26:54;501;Sem vítima;97;BR-153/GO;Decrescente;Acidentes de outra natureza;1;0;0;0;0;0;1
16/01/2023;17:39:14;505;Sem vítima;834;BR-262/GO;Decrescente;Acidentes de outra natureza;1;0;0;0;0;0;1