data;horario;n_da_ocorrencia;tipo_de_ocorrencia;km;trecho;sentido;tipo_de_acidente;caminhao;ilesos;levemente_feridos;moderadamente_feridos;gravemente_feridos;mortos;3
16/01/2023;18:04:00;518;Sem vítima;699;BR-262/GO;Decrescente;Acidentes de outra natureza;1;0;0;0;0;0;1
16/01/2023;18:24:33;520;Sem vítima;479;BR-262/GO;Decrescente;Acidentes de outra natureza;1;0;0;0;0;0;1
16/01/2023;18:32:00;523;Sem vítima;122;BR-60/GO;Crescente;Acidentes de outra natureza;1;0;0;0;0;0;1
16/01/2023;19:36:28;538;Sem vítima;161;BR-153/GO;Decrescente;Acidentes de outra natureza;1;0;0;0;0;0;1
16/01/2023;19:46:09;542;Sem vítima;138;BR-60/GO;Decrescente;Acidentes de outra natureza;1;0;0;0;0;0;1
16/01/2023;20:13:00;556;Sem vítima;43;BR-153/GO;Decrescente;Acidentes de outra natureza;1;0;0;0;0;0;1
16/01/2023;20:20:00;558;Sem vítima;574;BR-153/GO;Decrescente;Acidentes de outra natureza;1;0;0;0;0;0;1
16/01/2023;20:24:00;564;Sem vítima;615;BR-262/GO;Crescente;Acidentes de outra natureza;1;0;0;0;0;0;1
16/01/2023;20:26:17;566;Sem vítima;89;BR-153/GO;Crescente;Acidentes de outra natureza;1;0;0;0;0;0;1
16/01/2023;20:36:43;571;Sem vítima;5;BR-60/GO;Crescente;Acidentes de outra natureza;1;0;0;0;0;0;1
16/01/2023;20:48:35;577;Sem vítima;574;BR-153/GO;Decrescente;Acidentes de outra natureza;1;0;0;0;0;0;1
16/01/2023;20:51:00;578;Sem vítima;52;BR-153/GO;Decrescente;Acidentes de outra natureza;1;0;0;0;0;0;1
16/01/2023;21:10:05;583;Sem vítima;685;BR-262/GO;Decrescente;Acidentes de outra natureza;1;0;0;0;0;0;1
16/01/2023;21:29:55;591;Sem vítima;695;BR-262/GO;Decrescente;Acidentes de outra natureza;1;0;0;0;0;0;1
16/01/2023;21:49:00;597;Sem vítima;118;BR-60/GO;Decrescente;Acidentes de outra natureza;1;0;0;0;0;0;1
16/01/2023;22:08:34;602;Sem vítima;14;BR-60/GO;Decrescente;Acidentes de outra natureza;1;0;0;0;0;0;1
16/01/2023;22:15:00;606;Sem vítima;364;BR-262/GO;Crescente;Acidentes de outra natureza;1;0;0;0;0;0;1
16/01/2023;23:17:41;622;Sem vítima;631;BR-262/GO;Crescente;Acidentes de outra natureza;1;0;0;0;0;0;1
16/01/2023;23:54:00;631;Sem vítima;11;BR-60/GO;Decrescente;Acidentes de outra natureza;1;0;0;0;0;0;1
17/01/2023;00:52:15;13;Sem vítima;137;BR-60/GO;Decrescente;Acidentes de outra natureza;1;0;0;0;0;0;1
17/01/2023;01:02:51;15;Sem vítima;79;BR-60/GO;Crescente;Acidentes de outra natureza;1;0;0;0;0;0;1
17/01/2023;01:07:20;16;Sem vítima;827;BR-262/GO;Decrescente;Acidentes de outra natureza;1;0;0;0;0;0;1
17/01/2023;01:07:52;17;Sem vítima;183;BR-153/GO;Decrescente;Acidentes de outra natureza;1;0;0;0;0;0;1
17/01/2023;03:44:47;28;Sem vítima;186;BR-153/GO;Decrescente;Acidentes de outra natureza;1;0;0;0;0;0;1
17/01/2023;05:53:09;45;Sem vítima;34;BR-60/GO;Decrescente;Acidentes de outra natureza;1;0;0;0;0;0;1
18/01/2023;10:21:00;166;Sem vítima;700;BR-262/GO;Crescente;Colisão traseira;1;1;0;0;0;0;1
19/01/2023;15:08:00;417;Sem vítima;128;BR-60/GO;Decrescente;Colisão traseira;1;1;0;0;0;0;1
20/01/2023;17:51:51;396;Sem vítima;174;BR-153/GO;Decrescente;Acidentes de outra natureza;1;1;0;0;0;0;1
20/01/2023;21:21:23;460;Sem vítima;581;BR-262/GO;Crescente;Colisão transversal;1;1;0;0;0;0;1
21/01/2023;11:50:11;143;Sem vítima;506;BR-153/GO;Decrescente;Colisão traseira;1;1;0;0;0;0;1
24/01/2023;05:29:01;32;Sem vítima;580;BR-262/GO;Decrescente;Acidentes de outra natureza;1;1;0;0;0;0;1
24/01/2023;23:32:00;705;Sem vítima;128;BR-153/GO;Decrescente;Colisão traseira;1;1;0;0;0;0;1
25/01/2023;19:33:53;542;Sem vítima;561;BR-262/GO;Decrescente;Atropelamento de animal;1;1;0;0;0;0;1
26/01/2023;05:40:00;88;Sem vítima;101;BR-60/GO;Decrescente;Acidentes de outra natureza;1;1;0;0;0;0;1
26/01/2023;11:28:00;229;Sem vítima;501;BR-153/GO;Decrescente;Colisão traseira;1;1;0;0;0;0;1
26/01/2023;17:07:00;396;Sem vítima;112;BR-60/GO;Crescente;Colisão traseira;1;1;0;0;0;0;1
27/01/2023;05:44:07;124;Sem vítima;638;BR-153/GO;Decrescente;Acidentes de outra natureza;1;1;0;0;0;0;1
27/01/2023;08:44:50;225;Sem vítima;500;BR-262/GO;Decrescente;Colisão lateral no mesmo sentido;1;1;0;0;0;0;1
27/01/2023;17:17:21;537;Sem vítima;549;BR-262/GO;Decrescente;Choque;1;1;0;0;0;0;1
29/01/2023;14:29:19;226;Sem vítima;575;BR-262/GO;Decrescente;Tombamento;1;1;0;0;0;0;1
29/01/2023;14:37:00;231;Com vítima;613;BR-262/GO;Decrescente;Acidentes de outra natureza;1;0;1;0;0;0;1
30/01/2023;13:17:44;295;Sem vítima;103,9;BR-153/GO;Crescente;Colisão lateral no mesmo sentido;1;1;0;0;0;0;1
30/01/2023;16:52:11;397;Sem vítima;608;BR-262/GO;Crescente;Colisão lateral no mesmo sentido;1;1;0;0;0;0;1
31/01/2023;23:40:00;558;Sem vítima;11;BR-153/GO;Crescente;Acidentes de outra natureza;1;1;0;0;0;0;1
02/02/2023;00:49:34;21;Sem vítima;788;BR-262/GO;Decrescente;Tombamento;1;0;0;0;0;0;1
02/02/2023;05:10:19;91;Sem vítima;60;BR-60/GO;Crescente;Atropelamento de animal;1;1;0;0;0;0;1
02/02/2023;08:34:23;138;Sem vítima;497;BR-153/GO;Decrescente;Colisão traseira;1;1;0;0;0;0;1
04/02/2023;15:50:00;261;Sem vítima;512;BR-153/GO;Decrescente;Choque;1;1;0;0;0;0;1
05/02/2023;02:33:22;11;Com vítima;666,5;BR-262/GO;Crescente;Acidentes de outra natureza;1;0;1;0;0;0;1
05/02/2023;14:12:31;258;Sem vítima;616;BR-262/GO;Decrescente;Tombamento;1;1;0;0;0;0;1
06/02/2023;11:07:02;148;Sem vítima;46,5;BR-153/GO;Decrescente;Tombamento;1;1;0;0;0;0;1
07/02/2023;03:32:00;50;Sem vítima;549;BR-262/GO;Crescente;Tombamento;1;1;0;0;0;0;1
07/02/2023;06:29:44;87;Com vítima;632;BR-262/GO;Decrescente;Tombamento;1;0;1;0;0;0;1
07/02/2023;19:48:25;485;Com vítima;153,6;BR-153/GO;Crescente;Tombamento;1;0;0;1;0;0;2
08/02/2023;14:55:00;311;Com vítima;617;BR-153/GO;Decrescente;Colisão traseira;1;0;1;0;0;0;1
08/02/2023;18:31:31;401;Com vítima;43;BR-153/GO;Crescente;Acidentes de outra natureza;1;0;1;0;0;0;1
10/02/2023;09:17:10;84;Sem vítima;475;BR-262/GO;Decrescente;Colisão traseira;1;1;0;0;0;0;1
10/02/2023;10:38:34;121;Sem vítima;686;BR-262/GO;Decrescente;Colisão traseira;1;1;0;0;0;0;1
10/02/2023;17:42:06;263;Sem vítima;51,3;BR-153/GO;Crescente;Colisão traseira;1;1;0;0;0;0;1
12/02/2023;08:03:56;89;Sem vítima;17;BR-153/GO;Decrescente;Colisão traseira;1;1;0;0;0;0;1
13/02/2023;00:57:49;21;Com vítima;617,8;BR-153/GO;Decrescente;Tombamento;1;0;1;0;0;0;1
14/02/2023;14:13:24;255;Com vítima;567;BR-262/GO;Decrescente;Colisão transversal;1;0;0;0;0;1;3
14/02/2023;21:02:32;447;Sem vítima;567;BR-262/GO;Decrescente;Colisão transversal;1;2;0;0;0;0;1
15/02/2023;15:55:00;355;Sem vítima;525;BR-153/GO;Decrescente;Choque;1;1;0;0;0;0;1
15/02/2023;17:29:00;403;Sem vítima;505,3;BR-262/GO;Crescente;Tombamento;1;1;0;0;0;0;1
16/02/2023;06:33:57;63;Com vítima;552;BR-262/GO;Crescente;Tombamento;1;0;1;0;0;0;1
16/02/2023;08:32:43;124;Sem vítima;549;BR-262/GO;Decrescente;Colisão lateral no mesmo sentido;1;1;0;0;0;0;1
16/02/2023;23:00:00;566;Com vítima;415;BR-262/GO;Decrescente;Acidentes de outra natureza;1;0;1;0;0;0;1
17/02/2023;02:07:06;36;Sem vítima;53,95;BR-153/GO;Crescente;Acidentes de outra natureza;1;1;0;0;0;0;1
17/02/2023;10:34:31;203;Sem vítima;5;BR-60/GO;Crescente;Tombamento;1;1;0;0;0;0;1
17/02/2023;19:25:20;432;Sem vítima;28;BR-60/GO;Crescente;Tombamento;1;1;0;0;0;0;1
17/02/2023;21:22:00;466;Sem vítima;547;BR-262/GO;Decrescente;Acidentes de outra natureza;1;1;0;0;0;0;1
17/02/2023;23:15:00;496;Sem vítima;422;BR-262/GO;Decrescente;Acidentes de outra natureza;1;1;0;0;0;0;1
17/02/2023;23:37:18;501;Sem vítima;580;BR-262/GO;Decrescente;Tombamento;1;1;0;0;0;0;1
18/02/2023;04:07:31;71;Sem vítima;13;BR-153/GO;Decrescente;Acidentes de outra natureza;1;1;0;0;0;0;1
18/02/2023;10:47:52;190;Sem vítima;90;BR-153/GO;Crescente;Acidentes de outra natureza;1;1;0;0;0;0;1
18/02/2023;11:41:48;213;Sem vítima;77,9;BR-153/GO;Crescente;Acidentes de outra natureza;1;1;0;0;0;0;1
18/02/2023;12:04:54;218;Com vítima;555;BR-153/GO;Decrescente;Tombamento;1;0;0;1;0;0;2
18/02/2023;15:39:50;310;Com vítima;131,6;BR-153/GO;Crescente;Colisão lateral no mesmo sentido;1;1;0;0;0;0;1
18/02/2023;16:54:18;345;Sem vítima;235,5;BR-153/GO;Decrescente;Acidentes de outra natureza;1;1;0;0;0;0;1
18/02/2023;18:09:02;375;Sem vítima;28;BR-60/GO;Decrescente;Colisão lateral no mesmo sentido;1;1;0;0;0;0;1
18/02/2023;21:44:00;449;Sem vítima;547;BR-262/GO;Crescente;Tombamento;1;1;0;0;0;0;1
20/02/2023;06:03:15;109;Sem vítima;641;BR-153/GO;Crescente;Acidentes de outra natureza;1;1;0;0;0;0;1
21/02/2023;06:56:36;74;Sem vítima;702;BR-153/GO;Decrescente;Acidentes de outra natureza;1;1;0;0;0;0;1
24/02/2023;02:13:28;23;Sem vítima;627;BR-262/GO;Decrescente;Acidentes de outra natureza;1;1;0;0;0;0;1
24/02/2023;08:11:54;104;Sem vítima;587;BR-262/GO;Decrescente;Carreta deu L;1;1;0;0;0;0;1
24/02/2023;15:09:00;323;Com vítima;129,95;BR-153/GO;Decrescente;Colisão traseira;1;1;0;0;0;0;1
28/02/2023;03:02:33;27;Com vítima;428;BR-262/GO;Decrescente;Colisão traseira;1;0;1;0;0;0;1
28/02/2023;07:31:00;82;Sem vítima;1;BR-60/GO;Decrescente;Tombamento;1;1;0;0;0;0;1
02/03/2023;16:30:00;435;Com vítima;503,2;BR-153/GO;Crescente;Colisão traseira;1;0;1;0;0;0;1
02/03/2023;17:25:11;455;Com vítima;599;BR-153/GO;Crescente;Tombamento;1;0;1;0;0;0;1
03/03/2023;08:38:00;99;Sem vítima;643;BR-262/GO;Decrescente;Colisão traseira;1;1;0;0;0;0;1
03/03/2023;20:03:37;439;Sem vítima;96;BR-153/GO;Decrescente;Acidentes de outra natureza;1;1;0;0;0;0;1
03/03/2023;21:18:22;468;Sem vítima;686;BR-153/GO;Crescente;Colisão traseira;1;1;0;0;0;0;1
04/03/2023;01:12:03;37;Sem vítima;623;BR-153/GO;Crescente;Acidentes de outra natureza;1;1;0;0;0;0;1
05/03/2023;23:20:29;343;Sem vítima;635;BR-153/GO;Crescente;Acidentes de outra natureza;1;1;0;0;0;0;1
05/03/2023;23:27:00;345;Sem vítima;815;BR-262/GO;Crescente;Atropelamento de animal;1;1;0;0;0;0;1
07/03/2023;13:40:00;224;Sem vítima;6;BR-60/GO;Decrescente;Acidentes de outra natureza;1;1;0;0;0;0;1
08/03/2023;11:10:42;224;Sem vítima;748;BR-262/GO;Decrescente;Colisão traseira;1;1;0;0;0;0;1
08/03/2023;16:00:38;350;Sem vítima;43,1;BR-60/GO;Decrescente;Choque;1;1;0;0;0;0;1
10/03/2023;08:13:57;110;Sem vítima;426;BR-262/GO;Crescente;Colisão lateral no mesmo sentido;1;2;0;0;0;0;1
13/03/2023;15:22:34;270;Sem vítima;92;BR-60/GO;Crescente;Colisão traseira;1;1;0;0;0;0;1
14/03/2023;06:51:00;53;Sem vítima;515;BR-153/GO;Crescente;Tombamento;1;1;0;0;0;0;1
14/03/2023;08:12:00;75;Sem vítima;79;BR-60/GO;Decrescente;Acidentes de outra natureza;1;1;0;0;0;0;1
14/03/2023;09:03:00;96;Sem vítima;98,8;BR-60/GO;Crescente;Acidentes de outra natureza;1;1;0;0;0;0;1
14/03/2023;09:40:09;112;Sem vítima;633;BR-262/GO;Crescente;Colisão lateral no mesmo sentido;1;1;0;0;0;0;1
16/03/2023;01:22:19;14;Sem vítima;124;BR-60/GO;Crescente;Colisão lateral no mesmo sentido;1;1;0;0;0;0;1
17/03/2023;02:07:01;16;Sem vítima;78;BR-60/GO;Crescente;Tombamento;1;1;0;0;0;0;1
17/03/2023;13:06:47;376;Sem vítima;626;BR-153/GO;Decrescente;Colisão traseira;1;1;0;0;0;0;1
17/03/2023;22:58:59;643;Sem vítima;590;BR-262/GO;Decrescente;Acidentes de outra natureza;1;1;0;0;0;0;1
20/03/2023;09:24:18;166;Sem vítima;29;BR-153/GO;Crescente;Colisão traseira;1;1;0;0;0;0;1
20/03/2023;22:40:20;628;Sem vítima;568;BR-262/GO;Decrescente;Colisão transversal;1;1;0;0;0;0;1
23/03/2023;09:19:26;130;Sem vítima;357;BR-262/GO;Decrescente;Colisão traseira;1;1;0;0;0;0;1
24/03/2023;07:12:00;160;Sem vítima;363;BR-262/GO;Decrescente;Colisão traseira;1;1;0;0;0;0;1
24/03/2023;12:02:48;378;Sem vítima;604,5;BR-262/GO;Decrescente;Tombamento;1;1;0;0;0;0;1
25/03/2023;02:25:00;41;Sem vítima;628;BR-262/GO;Crescente;Acidentes de outra natureza;1;1;0;0;0;0;1
25/03/2023;08:47:34;113;Sem vítima;487;BR-262/GO;Decrescente;Tombamento;1;0;0;0;0;0;1
25/03/2023;11:37:47;196;Sem vítima;492;BR-153/GO;Decrescente;Colisão transversal;1;1;0;0;0;0;1
25/03/2023;15:09:55;287;Sem vítima;32;BR-153/GO;Crescente;Tombamento;1;1;0;0;0;0;1
25/03/2023;15:19:11;289;Sem vítima;570;BR-262/GO;Decrescente;Tombamento;1;1;0;0;0;0;1
25/03/2023;20:11:59;428;Sem vítima;697;BR-262/GO;Crescente;Carreta deu L;1;1;0;0;0;0;1
26/03/2023;09:54:58;165;Sem vítima;46,5;BR-153/GO;Crescente;Tombamento;1;1;0;0;0;0;1
28/03/2023;09:23:43;195;Sem vítima;461;BR-262/GO;Decrescente;Tombamento;1;1;0;0;0;0;1
28/03/2023;15:46:26;361;Sem vítima;186;BR-153/GO;Decrescente;Tombamento;1;1;0;0;0;0;1
28/03/2023;20:25:00;482;Sem vítima;781;BR-262/GO;Decrescente;Tombamento;1;1;0;0;0;0;1
29/03/2023;03:26:00;33;Sem vítima;845;BR-262/GO;Crescente;Tombamento;1;1;0;0;0;0;1
29/03/2023;11:28:46;160;Sem vítima;743;BR-262/GO;Decrescente;Tombamento;1;1;0;0;0;0;1
29/03/2023;14:16:00;205;Sem vítima;18;BR-60/GO;Crescente;Acidentes de outra natureza;1;1;0;0;0;0;1
29/03/2023;17:10:21;258;Sem vítima;1;BR-153/GO;Decrescente;Colisão traseira;1;1;0;0;0;0;1
29/03/2023;17:32:53;266;Sem vítima;193,7;BR-153/GO;Decrescente;Colisão traseira;1;1;0;0;0;0;1
30/03/2023;01:16:14;13;Sem vítima;67;BR-60/GO;Crescente;Acidentes de outra natureza;1;1;0;0;0;0;1
30/03/2023;16:14:00;295;Sem vítima;493,3;BR-262/GO;Decrescente;Colisão traseira;1;1;0;0;0;0;1
31/03/2023;12:53:00;261;Sem vítima;455;BR-262/GO;Crescente;Colisão traseira;1;1;0;0;0;0;1
31/03/2023;17:14:38;354;Sem vítima;184,9;BR-153/GO;Crescente;Colisão traseira;1;1;0;0;0;0;1
31/03/2023;17:33:00;360;Sem vítima;586;BR-262/GO;Decrescente;Colisão transversal;1;1;0;0;0;0;1
01/04/2023;14:43:00;327;Sem vítima;369;BR-262/GO;Decrescente;Tombamento;1;1;0;0;0;0;1
02/04/2023;06:30:57;56;Sem vítima;17;BR-153/GO;Decrescente;Colisão lateral no mesmo sentido;1;1;0;0;0;0;1
02/04/2023;07:21:00;63;Sem vítima;132;BR-60/GO;Decrescente;Colisão traseira;1;1;0;0;0;0;1
02/04/2023;21:58:46;401;Sem vítima;673;BR-262/GO;Decrescente;Choque;1;1;0;0;0;0;1
04/04/2023;19:27:34;409;Sem vítima;358;BR-262/GO;Decrescente;Tombamento;1;1;0;0;0;0;1
05/04/2023;14:23:29;291;Sem vítima;384;BR-262/GO;Decrescente;Acidentes de outra natureza;1;1;0;0;0;0;1
05/04/2023;21:09:30;436;Sem vítima;637,7;BR-153/GO;Crescente;Colisão traseira;1;1;0;0;0;0;1
06/04/2023;05:33:00;83;Sem vítima;524;BR-262/GO;Crescente;Colisão traseira;1;1;0;0;0;0;1
07/04/2023;07:47:07;71;Sem vítima;587;BR-262/GO;Crescente;Colisão traseira;1;1;0;0;0;0;1
07/04/2023;12:19:28;179;Sem vítima;586,2;BR-262/GO;Decrescente;Acidentes de outra natureza;1;1;0;0;0;0;1
07/04/2023;22:55:15;389;Sem vítima;518;BR-153/GO;Crescente;Colisão lateral no mesmo sentido;1;1;0;0;0;0;1
08/04/2023;12:27:00;186;Sem vítima;568,4;BR-262/GO;Crescente;Acidentes de outra natureza;1;1;0;0;0;0;1
08/04/2023;14:47:36;215;Sem vítima;605;BR-262/GO;Decrescente;Tombamento;1;1;0;0;0;0;1
08/04/2023;18:22:44;283;Sem vítima;666;BR-153/GO;Crescente;Choque;1;1;0;0;0;0;1
08/04/2023;20:34:50;315;Sem vítima;493;BR-153/GO;Crescente;Colisão traseira;1;1;0;0;0;0;1
10/04/2023;08:35:17;110;Sem vítima;552;BR-153/GO;Decrescente;Atropelamento de animal;1;1;0;0;0;0;1
11/04/2023;01:19:07;10;Sem vítima;3;BR-153/GO;Crescente;Tombamento;1;1;0;0;0;0;1
11/04/2023;17:11:00;283;Sem vítima;611,9;BR-262/GO;Decrescente;Tombamento;1;1;0;0;0;0;1
12/04/2023;02:37:23;38;Sem vítima;719;BR-262/GO;Decrescente;Acidentes de outra natureza;1;1;0;0;0;0;1
12/04/2023;16:09:35;309;Sem vítima;46,8;BR-60/GO;Decrescente;Capotamento;1;1;0;0;0;0;1
13/04/2023;09:15:29;154;Sem vítima;584;BR-153/GO;Decrescente;Acidentes de outra natureza;1;1;0;0;0;0;1
14/04/2023;07:03:00;58;Sem vítima;353;BR-262/GO;Decrescente;Tombamento;1;1;0;0;0;0;1
14/04/2023;13:33:01;293;Sem vítima;578;BR-262/GO;Decrescente;Acidentes de outra natureza;1;1;0;0;0;0;1
14/04/2023;14:59:16;332;Sem vítima;439;BR-262/GO;Decrescente;Tombamento;1;1;0;0;0;0;1
14/04/2023;15:48:36;353;Sem vítima;195;BR-153/GO;Decrescente;Acidentes de outra natureza;1;1;0;0;0;0;1
14/04/2023;17:34:15;398;Sem vítima;93;BR-60/GO;Crescente;Tombamento;1;1;0;0;0;0;1
14/04/2023;17:42:50;401;Sem vítima;221;BR-153/GO;Decrescente;Acidentes de outra natureza;1;1;0;0;0;0;1
15/04/2023;04:28:24;52;Sem vítima;388;BR-262/GO;Decrescente;Capotamento;1;1;0;0;0;0;1
17/04/2023;02:31:36;26;Sem vítima;665,9;BR-153/GO;Crescente;Acidentes de outra natureza;1;1;0;0;0;0;1
18/04/2023;13:17:53;231;Sem vítima;91;BR-60/GO;Decrescente;Acidentes de outra natureza;1;1;0;0;0;0;1
18/04/2023;17:10:00;308;Sem vítima;136;BR-60/GO;Crescente;Tombamento;1;1;0;0;0;0;1
18/04/2023;18:54:41;331;Sem vítima;136,1;BR-60/GO;Crescente;Engavetamento;1;1;0;0;0;0;1
19/04/2023;08:01:40;78;Sem vítima;50,5;BR-153/GO;Decrescente;Tombamento;1;1;0;0;0;0;1
20/04/2023;12:39:26;284;Sem vítima;355;BR-262/GO;Crescente;Tombamento;1;1;0;0;0;0;1
21/04/2023;01:04:00;13;Sem vítima;643;BR-262/GO;Crescente;Colisão traseira;1;1;0;0;0;0;1
22/04/2023;08:47:00;105;Sem vítima;161;BR-153/GO;Decrescente;Colisão lateral no mesmo sentido;1;1;0;0;0;0;1
22/04/2023;09:00:04;113;Sem vítima;9;BR-60/GO;Decrescente;Tombamento;1;1;0;0;0;0;1
23/04/2023;08:45:22;87;Sem vítima;517;BR-262/GO;Decrescente;Capotamento;1;1;0;0;0;0;1
25/04/2023;18:17:00;390;Com vítima;100;BR-60/GO;Crescente;Colisão lateral no mesmo sentido;1;0;0;1;0;0;2
26/04/2023;01:38:34;12;Sem vítima;554;BR-262/GO;Crescente;Colisão traseira;1;1;0;0;0;0;1
26/04/2023;07:52:09;99;Sem vítima;782;BR-262/GO;Crescente;Colisão lateral no mesmo sentido;1;1;0;0;0;0;1
26/04/2023;13:05:59;288;Sem vítima;743;BR-262/GO;Decrescente;Acidentes de outra natureza;1;1;0;0;0;0;1
26/04/2023;13:12:42;291;Com vítima;21;BR-153/GO;Decrescente;Tombamento;1;0;1;0;0;0;1
26/04/2023;14:36:13;324;Sem vítima;143;BR-153/GO;Decrescente;Colisão traseira;1;1;0;0;0;0;1
28/04/2023;05:08:14;51;Sem vítima;556;BR-262/GO;Crescente;Tombamento;1;1;0;0;0;0;1
29/04/2023;05:31:09;63;Sem vítima;461;BR-262/GO;Crescente;Colisão traseira;1;1;0;0;0;0;1
29/04/2023;11:25:43;236;Sem vítima;14;BR-153/GO;Decrescente;Acidentes de outra natureza;1;1;0;0;0;0;1
29/04/2023;18:25:54;459;Sem vítima;134,5;BR-153/GO;Decrescente;Colisão traseira;1;1;0;0;0;0;1
30/04/2023;09:22:19;165;Sem vítima;23;BR-60/GO;Decrescente;Choque;1;1;0;0;0;0;1
30/04/2023;16:41:00;329;Sem vítima;4,3;BR-60/GO;Crescente;Acidentes de outra natureza;1;1;0;0;0;0;1
30/04/2023;18:20:00;363;Sem vítima;526;BR-262/GO;Decrescente;Colisão lateral no mesmo sentido;1;1;0;0;0;0;1
02/05/2023;21:44:21;432;Sem vítima;546;BR-262/GO;Decrescente;Atropelamento de animal;1;1;0;0;0;0;1
03/05/2023;10:41:47;194;Sem vítima;14;BR-153/GO;Crescente;Tombamento;1;1;0;0;0;0;1
04/05/2023;09:41:21;156;Sem vítima;629;BR-262/GO;Decrescente;Colisão traseira;1;1;0;0;0;0;1
04/05/2023;10:02:00;164;Sem vítima;68;BR-60/GO;Decrescente;Acidentes de outra natureza;1;1;0;0;0;0;1
05/05/2023;07:48:32;76;Com vítima;584;BR-153/GO;Crescente;Tombamento;1;0;0;1;0;0;2
05/05/2023;13:47:47;207;Sem vítima;578,5;BR-153/GO;Decrescente;Tombamento;1;1;0;0;0;0;1
05/05/2023;18:29:34;341;Sem vítima;526;BR-153/GO;Decrescente;Colisão transversal;1;1;0;0;0;0;1
07/05/2023;18:49:05;345;Sem vítima;498;BR-153/GO;Decrescente;Engavetamento;1;1;0;0;0;0;1
07/05/2023;22:46:00;401;Sem vítima;38;BR-60/GO;Crescente;Acidentes de outra natureza;1;1;0;0;0;0;1
09/05/2023;02:27:00;18;Sem vítima;666,5;BR-262/GO;Decrescente;Acidentes de outra natureza;1;1;0;0;0;0;1
09/05/2023;06:45:22;53;Sem vítima;31;BR-60/GO;Decrescente;Colisão transversal;1;1;0;0;0;0;1
09/05/2023;22:00:00;381;Sem vítima;548;BR-262/GO;Crescente;Tombamento;1;1;0;0;0;0;1
11/05/2023;07:04:56;73;Sem vítima;65;BR-153/GO;Decrescente;Colisão traseira;1;1;0;0;0;0;1
11/05/2023;16:21:36;365;Sem vítima;537;BR-262/GO;Decrescente;Acidentes de outra natureza;1;1;0;0;0;0;1
12/05/2023;00:44:16;10;Sem vítima;887;BR-262/GO;Decrescente;Acidentes de outra natureza;1;1;0;0;0;0;1
12/05/2023;18:12:00;418;Sem vítima;657;BR-153/GO;Crescente;Colisão lateral no mesmo sentido;1;1;0;0;0;0;1
12/05/2023;23:11:41;515;Sem vítima;26;BR-60/GO;Decrescente;Tombamento;1;1;0;0;0;0;1
13/05/2023;07:04:00;54;Sem vítima;115,2;BR-60/GO;Decrescente;Colisão traseira;1;1;0;0;0;0;1
15/05/2023;00:38:00;14;Sem vítima;631;BR-262/GO;Decrescente;Tombamento;1;1;0;0;0;0;1
15/05/2023;11:00:54;154;Sem vítima;355;BR-262/GO;Decrescente;Colisão lateral no mesmo sentido;1;1;0;0;0;0;1
16/05/2023;00:08:35;3;Sem vítima;552,95;BR-262/GO;Decrescente;Acidentes de outra natureza;1;1;0;0;0;0;1
16/05/2023;00:25:33;9;Sem vítima;12;BR-153/GO;Crescente;Tombamento;1;1;0;0;0;0;1
16/05/2023;19:20:00;464;Sem vítima;526;BR-262/GO;Crescente;Acidentes de outra natureza;1;1;0;0;0;0;1
16/05/2023;19:51:21;473;Com vítima;507;BR-153/GO;Crescente;Colisão traseira;1;0;0;1;0;0;2
16/05/2023;22:02:35;499;Sem vítima;673;BR-262/GO;Decrescente;Choque;1;1;0;0;0;0;1
16/05/2023;23:01:58;506;Sem vítima;364;BR-262/GO;Decrescente;Colisão traseira;1;1;0;0;0;0;1
16/05/2023;23:37:00;513;Sem vítima;387,5;BR-262/GO;Decrescente;Tombamento;1;1;0;0;0;0;1
17/05/2023;07:04:31;45;Com vítima;126;BR-153/GO;Crescente;Tombamento;1;0;0;1;0;0;2
17/05/2023;22:45:00;392;Sem vítima;6;BR-60/GO;Crescente;Acidentes de outra natureza;1;1;0;0;0;0;1
20/05/2023;04:53:41;30;Sem vítima;706;BR-262/GO;Decrescente;Acidentes de outra natureza;1;1;0;0;0;0;1
20/05/2023;19:20:56;364;Sem vítima;387;BR-262/GO;Decrescente;Tombamento;1;1;0;0;0;0;1
21/05/2023;20:25:50;339;Sem vítima;18;BR-60/GO;Decrescente;Colisão traseira;1;1;0;0;0;0;1
22/05/2023;18:48:00;360;Sem vítima;0,9;BR-153/GO;Crescente;Colisão lateral no mesmo sentido;1;1;0;0;0;0;1
23/05/2023;04:24:09;39;Sem vítima;732,5;BR-262/GO;Decrescente;Acidentes de outra natureza;1;1;0;0;0;0;1
23/05/2023;06:19:14;51;Com vítima;553;BR-262/GO;Crescente;Tombamento;1;0;1;0;0;0;1
23/05/2023;06:42:00;54;Sem vítima;31;BR-60/GO;Decrescente;Colisão traseira;1;1;0;0;0;0;1
23/05/2023;11:10:21;156;Com vítima;148;BR-153/GO;Decrescente;Colisão lateral no mesmo sentido;1;1;0;0;0;0;1
23/05/2023;13:31:53;205;Sem vítima;473;BR-262/GO;Decrescente;Engavetamento;1;1;0;0;0;0;1
23/05/2023;20:22:48;337;Com vítima;643;BR-153/GO;Crescente;Tombamento;1;0;0;1;0;0;2
24/05/2023;08:30:25;89;Sem vítima;460;BR-262/GO;Crescente;Colisão traseira;1;1;0;0;0;0;1