data;horario;n_da_ocorrencia;tipo_de_ocorrencia;km;trecho;sentido;tipo_de_acidente;caminhao;ilesos;levemente_feridos;moderadamente_feridos;gravemente_feridos;mortos;3
24/05/2023;09:09:14;107;Sem vítima;586;BR-262/GO;Crescente;Tombamento;1;1;0;0;0;0;1
24/05/2023;16:23:27;262;Com vítima;375;BR-262/GO;Decrescente;Colisão traseira;1;1;0;0;0;0;1
25/05/2023;18:43:29;381;Com vítima;695;BR-262/GO;Decrescente;Colisão traseira;1;1;0;0;0;0;1
25/05/2023;19:29:20;399;Sem vítima;698;BR-262/GO;Decrescente;Colisão traseira;1;1;0;0;0;0;1
26/05/2023;01:59:00;21;Sem vítima;27;BR-153/GO;Crescente;Tombamento;1;1;0;0;0;0;1
26/05/2023;10:24:07;139;Sem vítima;699;BR-153/GO;Crescente;Colisão lateral no mesmo sentido;1;1;0;0;0;0;1
26/05/2023;12:37:34;195;Sem vítima;889;BR-262/GO;Decrescente;Tombamento;1;1;0;0;0;0;1
26/05/2023;19:15:43;341;Sem vítima;553;BR-153/GO;Crescente;Choque;1;1;0;0;0;0;1
27/05/2023;07:02:00;68;Sem vítima;67;BR-153/GO;Decrescente;Acidentes de outra natureza;1;1;0;0;0;0;1
27/05/2023;08:15:11;91;Sem vítima;193;BR-153/GO;Decrescente;Acidentes de outra natureza;1;1;0;0;0;0;1
27/05/2023;08:44:12;107;Com vítima;763;BR-262/GO;Decrescente;Tombamento;1;0;1;0;0;0;1
27/05/2023;13:10:17;193;Sem vítima;190;BR-153/GO;Decrescente;Colisão traseira;1;1;0;0;0;0;1
28/05/2023;06:38:06;45;Sem vítima;172;BR-153/GO;Decrescente;Tombamento;1;1;0;0;0;0;1
28/05/2023;09:44:55;110;Sem vítima;659;BR-262/GO;Decrescente;Colisão traseira;1;1;0;0;0;0;1
28/05/2023;13:35:10;195;Sem vítima;536;BR-262/GO;Crescente;Colisão traseira;1;1;0;0;0;0;1
28/05/2023;20:54:52;366;Com vítima;77,8;BR-153/GO;Crescente;Tombamento;1;0;1;0;0;0;1
29/05/2023;02:04:35;19;Sem vítima;232;BR-153/GO;Crescente;Acidentes de outra natureza;1;1;0;0;0;0;1
29/05/2023;18:40:22;293;Com vítima;72;BR-60/GO;Crescente;Colisão traseira;1;0;0;1;0;0;2
30/05/2023;10:16:14;134;Sem vítima;143,9;BR-153/GO;Decrescente;Acidentes de outra natureza;1;1;0;0;0;0;1
30/05/2023;16:39:00;323;Sem vítima;396;BR-262/GO;Crescente;Tombamento;1;1;0;0;0;0;1
31/05/2023;06:25:00;40;Sem vítima;15;BR-153/GO;Crescente;Acidentes de outra natureza;1;1;0;0;0;0;1
31/05/2023;08:36:56;85;Sem vítima;97;BR-153/GO;Crescente;Carreta deu L;1;1;0;0;0;0;1
31/05/2023;10:13:00;130;Sem vítima;691;BR-262/GO;Decrescente;Colisão traseira;1;1;0;0;0;0;1
31/05/2023;15:54:55;274;Sem vítima;595;BR-262/GO;Decrescente;Colisão frontal;1;0;0;0;0;0;1
31/05/2023;17:14:30;321;Sem vítima;45;BR-153/GO;Decrescente;Acidentes de outra natureza;1;1;0;0;0;0;1
31/05/2023;17:49:00;341;Sem vítima;742;BR-262/GO;Crescente;Acidentes de outra natureza;1;1;0;0;0;0;1
01/06/2023;08:36:46;76;Sem vítima;141;BR-153/GO;Crescente;Acidentes de outra natureza;1;1;0;0;0;0;1
01/06/2023;11:14:00;142;Sem vítima;508;BR-153/GO;Crescente;Choque;1;1;0;0;0;0;1
01/06/2023;11:14:54;144;Sem vítima;503;BR-153/GO;Crescente;Colisão traseira;1;1;0;0;0;0;1
01/06/2023;12:40:50;176;Sem vítima;504;BR-153/GO;Decrescente;Colisão traseira;1;1;0;0;0;0;1
01/06/2023;17:54:00;309;Sem vítima;450;BR-262/GO;Decrescente;Colisão traseira;1;1;0;0;0;0;1
02/06/2023;18:48:12;325;Sem vítima;703;BR-153/GO;Crescente;Colisão traseira;1;1;0;0;0;0;1
02/06/2023;19:33:35;348;Sem vítima;476;BR-262/GO;Crescente;Choque;1;0;0;0;0;0;1
03/06/2023;16:37:48;423;Com vítima;701;BR-262/GO;Decrescente;Colisão lateral no mesmo sentido;1;1;0;0;0;0;1
04/06/2023;14:54:56;297;Com vítima;540;BR-262/GO;Crescente;Colisão frontal;1;0;0;0;0;1;3
06/06/2023;10:35:47;139;Sem vítima;128,8;BR-153/GO;Decrescente;Choque;1;1;0;0;0;0;1
06/06/2023;16:10:00;242;Sem vítima;468;BR-262/GO;Decrescente;Engavetamento;1;1;0;0;0;0;1
06/06/2023;21:25:04;369;Sem vítima;135;BR-60/GO;Crescente;Atropelamento de animal;1;1;0;0;0;0;1
07/06/2023;01:23:27;22;Sem vítima;529;BR-153/GO;Crescente;Acidentes de outra natureza;1;1;0;0;0;0;1
07/06/2023;12:05:00;214;Sem vítima;568,18;BR-153/GO;Decrescente;Tombamento;1;1;0;0;0;0;1
07/06/2023;20:22:51;397;Sem vítima;548;BR-262/GO;Decrescente;Tombamento;1;1;0;0;0;0;1
09/06/2023;11:48:48;180;Sem vítima;64;BR-60/GO;Decrescente;Tombamento;1;1;0;0;0;0;1
09/06/2023;16:34:00;275;Com vítima;589;BR-262/GO;Decrescente;Acidentes de outra natureza;1;0;0;1;0;0;2
09/06/2023;17:39:34;306;Sem vítima;37,5;BR-153/GO;Decrescente;Tombamento;1;1;0;0;0;0;1
10/06/2023;09:34:38;108;Sem vítima;670,95;BR-262/GO;Decrescente;Tombamento;1;1;0;0;0;0;1
10/06/2023;11:56:00;167;Com vítima;416,6;BR-262/GO;Decrescente;Choque;1;0;0;1;0;0;2
10/06/2023;16:46:00;296;Sem vítima;7,1;BR-60/GO;Decrescente;Tombamento;1;1;0;0;0;0;1
11/06/2023;05:24:00;45;Sem vítima;388;BR-262/GO;Decrescente;Acidentes de outra natureza;1;1;0;0;0;0;1
12/06/2023;11:55:17;194;Sem vítima;696;BR-153/GO;Decrescente;Colisão traseira;1;1;0;0;0;0;1
12/06/2023;14:58:37;257;Sem vítima;509;BR-153/GO;Crescente;Colisão lateral no mesmo sentido;1;1;0;0;0;0;1
13/06/2023;14:46:48;248;Com vítima;28,1;BR-153/GO;Decrescente;Acidentes de outra natureza;1;0;0;1;0;0;2
13/06/2023;17:01:00;342;Sem vítima;495;BR-153/GO;Crescente;Colisão lateral no mesmo sentido;1;1;0;0;0;0;1
14/06/2023;10:30:00;125;Com vítima;95;BR-60/GO;Crescente;Engavetamento;1;0;1;0;0;0;1
14/06/2023;15:33:00;233;Sem vítima;534;BR-153/GO;Decrescente;Colisão traseira;1;1;0;0;0;0;1
14/06/2023;17:59:00;279;Sem vítima;671,1;BR-153/GO;Crescente;Tombamento;1;1;0;0;0;0;1
15/06/2023;07:20:00;66;Com vítima;369;BR-262/GO;Crescente;Colisão lateral no mesmo sentido;1;1;0;0;0;0;1
15/06/2023;15:10:00;244;Com vítima;671,5;BR-153/GO;Crescente;Colisão traseira;1;1;0;0;0;0;1
15/06/2023;20:27:00;334;Sem vítima;446;BR-262/GO;Decrescente;Engavetamento;1;1;0;0;0;0;1
16/06/2023;00:26:00;8;Sem vítima;128;BR-60/GO;Crescente;Colisão lateral no mesmo sentido;1;1;0;0;0;0;1
16/06/2023;05:54:19;42;Com vítima;598;BR-153/GO;Decrescente;Tombamento;1;0;1;0;0;0;1
16/06/2023;16:58:00;294;Com vítima;431;BR-262/GO;Crescente;Tombamento;1;0;0;0;0;1;3
16/06/2023;22:16:52;382;Com vítima;435;BR-262/GO;Decrescente;Colisão transversal;1;1;0;0;0;0;1
17/06/2023;01:08:09;12;Sem vítima;702;BR-153/GO;Decrescente;Colisão traseira;1;1;0;0;0;0;1
17/06/2023;06:41:18;39;Com vítima;156;BR-153/GO;Decrescente;Colisão frontal;1;0;0;0;0;1;3
17/06/2023;08:50:00;71;Sem vítima;428;BR-262/GO;Decrescente;Acidentes de outra natureza;1;1;0;0;0;0;1
17/06/2023;19:25:00;300;Com vítima;693;BR-153/GO;Decrescente;Tombamento;1;0;0;1;0;0;2
23/06/2023;00:48:43;10;Sem vítima;577;BR-262/GO;Decrescente;Colisão traseira;1;0;0;0;0;0;1
23/06/2023;05:57:00;33;Sem vítima;533;BR-153/GO;Decrescente;Colisão traseira;1;0;0;0;0;0;1
23/06/2023;07:45:00;88;Sem vítima;491;BR-262/GO;Crescente;Colisão lateral no mesmo sentido;1;0;0;0;0;0;1
23/06/2023;07:45:21;87;Sem vítima;777;BR-262/GO;Decrescente;Colisão lateral no mesmo sentido;1;0;0;0;0;0;1
23/06/2023;23:10:00;794;Sem vítima;448;BR-262/GO;Crescente;Acidentes de outra natureza;1;0;0;0;0;0;1
24/06/2023;09:43:37;119;Com vítima;238;BR-153/GO;Decrescente;Colisão frontal;1;0;0;0;0;0;1
24/06/2023;15:29:00;337;Com vítima;512;BR-153/GO;Decrescente;Colisão traseira;1;0;0;0;0;0;1
26/06/2023;17:09:00;494;Com vítima;360;BR-262/GO;Crescente;Colisão traseira;1;0;1;0;0;0;1
26/06/2023;19:38:37;572;Sem vítima;564;BR-153/GO;Decrescente;Acidentes de outra natureza;1;0;0;0;0;0;1
26/06/2023;19:49:02;579;Sem vítima;358;BR-262/GO;Crescente;Colisão traseira;1;2;0;0;0;0;1
29/06/2023;08:42:00;128;Sem vítima;605;BR-153/GO;Decrescente;Acidentes de outra natureza;1;1;0;0;0;0;1
29/06/2023;08:57:41;134;Com vítima;495,5;BR-153/GO;Decrescente;Colisão traseira;1;1;0;0;0;0;1
29/06/2023;22:30:11;468;Com vítima;72,3;BR-153/GO;Decrescente;Colisão traseira;1;0;0;1;0;0;2
30/06/2023;13:54:08;220;Com vítima;138;BR-153/GO;Decrescente;Colisão lateral no mesmo sentido;1;1;0;0;0;0;1
01/07/2023;08:53:47;150;Sem vítima;576;BR-262/GO;Crescente;Tombamento;1;1;0;0;0;0;1
01/07/2023;12:52:00;243;Sem vítima;771,5;BR-262/GO;Decrescente;Colisão transversal;1;1;0;0;0;0;1
02/07/2023;06:43:10;66;Com vítima;86;BR-153/GO;Crescente;Colisão transversal;1;1;0;0;0;0;1
06/07/2023;08:34:42;132;Com vítima;25;BR-153/GO;Decrescente;Tombamento;1;0;1;0;0;0;1
06/07/2023;08:35:50;133;Sem vítima;1;BR-60/GO;Decrescente;Colisão traseira;1;2;0;0;0;0;1
06/07/2023;14:22:48;265;Sem vítima;48;BR-153/GO;Decrescente;Tombamento;1;1;0;0;0;0;1
06/07/2023;16:26:33;309;Com vítima;699;BR-153/GO;Decrescente;Colisão frontal;1;0;1;0;0;0;1
07/07/2023;20:03:28;529;Sem vítima;477;BR-262/GO;Decrescente;Colisão transversal;1;2;0;0;0;0;1
08/07/2023;06:49:00;96;Com vítima;66,2;BR-60/GO;Crescente;Capotamento;1;0;0;0;0;0;1
08/07/2023;23:15:57;507;Sem vítima;699;BR-153/GO;Decrescente;Tombamento;1;1;0;0;0;0;1
09/07/2023;14:37:25;246;Com vítima;21;BR-153/GO;Decrescente;Colisão lateral no mesmo sentido;1;0;1;0;0;0;1
15/07/2023;08:58:23;263;Sem vítima;75;BR-153/GO;Decrescente;Colisão traseira;1;1;0;0;0;0;1
15/07/2023;10:05:51;321;Com vítima;777;BR-262/GO;Decrescente;Engavetamento;1;1;0;0;0;0;1
15/07/2023;10:35:33;355;Com vítima;576;BR-262/GO;Crescente;Acidentes de outra natureza;1;0;1;0;0;0;1
15/07/2023;17:12:00;596;Com vítima;98,3;BR-153/GO;Crescente;Tombamento;1;0;0;0;0;1;3
16/07/2023;17:23:01;391;Com vítima;554;BR-262/GO;Crescente;Tombamento;1;0;1;0;0;0;1
16/07/2023;21:21:30;473;Sem vítima;674;BR-262/GO;Decrescente;Colisão traseira;1;1;0;0;0;0;1
16/07/2023;21:35:00;488;Sem vítima;528;BR-262/GO;Decrescente;Colisão lateral no mesmo sentido;1;2;0;0;0;0;1
16/07/2023;23:02:00;520;Sem vítima;10;BR-153/GO;Crescente;Colisão traseira;1;1;0;0;0;0;1
17/07/2023;00:41:02;10;Sem vítima;94;BR-153/GO;Decrescente;Acidentes de outra natureza;1;1;0;0;0;0;1
17/07/2023;20:01:27;431;Sem vítima;563;BR-262/GO;Decrescente;Tombamento;1;1;0;0;0;0;1
18/07/2023;12:45:48;243;Sem vítima;152;BR-153/GO;Decrescente;Colisão traseira;1;1;0;0;0;0;1
18/07/2023;17:23:03;358;Sem vítima;632,8;BR-262/GO;Decrescente;Colisão traseira;1;1;0;0;0;0;1
18/07/2023;23:06:56;533;Sem vítima;595;BR-262/GO;Decrescente;Acidentes de outra natureza;1;1;0;0;0;0;1
19/07/2023;10:35:00;224;Sem vítima;571;BR-153/GO;Crescente;Colisão traseira;1;1;0;0;0;0;1
19/07/2023;15:54:00;455;Sem vítima;503;BR-153/GO;Crescente;Colisão traseira;1;1;0;0;0;0;1
20/07/2023;02:44:06;29;Com vítima;573;BR-153/GO;Crescente;Acidentes de outra natureza;1;0;1;0;0;0;1
22/07/2023;02:12:12;30;Sem vítima;669;BR-153/GO;Crescente;Acidentes de outra natureza;1;1;0;0;0;0;1
22/07/2023;19:58:37;480;Com vítima;132;BR-153/GO;Decrescente;Colisão traseira;1;0;1;0;0;0;1
23/07/2023;10:11:35;318;Sem vítima;594;BR-153/GO;Crescente;Colisão lateral no mesmo sentido;1;1;0;0;0;0;1
23/07/2023;19:25:04;640;Sem vítima;657;BR-153/GO;Crescente;Colisão traseira;1;1;0;0;0;0;1
24/07/2023;01:23:07;10;Sem vítima;583;BR-262/GO;Decrescente;Tombamento;1;1;0;0;0;0;1
24/07/2023;14:36:32;335;Sem vítima;514;BR-153/GO;Decrescente;Colisão traseira;1;1;0;0;0;0;1
24/07/2023;18:40:54;468;Sem vítima;17;BR-60/GO;Decrescente;Acidentes de outra natureza;1;1;0;0;0;0;1
24/07/2023;20:34:30;512;Sem vítima;685;BR-153/GO;Decrescente;Choque;1;1;0;0;0;0;1
25/07/2023;05:27:01;46;Sem vítima;738;BR-262/GO;Decrescente;Colisão traseira;1;0;0;0;0;0;1
25/07/2023;07:04:22;81;Sem vítima;593;BR-153/GO;Decrescente;Tombamento;1;1;0;0;0;0;1
25/07/2023;09:35:00;221;Sem vítima;367;BR-262/GO;Decrescente;Colisão lateral no mesmo sentido;1;1;0;0;0;0;1
25/07/2023;12:39:01;290;Sem vítima;572,5;BR-262/GO;Crescente;Colisão lateral no mesmo sentido;1;1;0;0;0;0;1
25/07/2023;15:57:22;384;Sem vítima;107;BR-60/GO;Decrescente;Choque;1;1;0;0;0;0;1
26/07/2023;10:09:10;136;Sem vítima;139;BR-153/GO;Decrescente;Colisão traseira;1;1;0;0;0;0;1
27/07/2023;00:45:21;7;Sem vítima;675;BR-262/GO;Decrescente;Colisão traseira;1;1;0;0;0;0;1
27/07/2023;13:48:17;313;Com vítima;179;BR-153/GO;Crescente;Tombamento;1;1;0;0;0;0;1
28/07/2023;00:42:55;35;Sem vítima;75;BR-153/GO;Crescente;Tombamento;1;1;0;0;0;0;1
28/07/2023;08:55:00;162;Sem vítima;94;BR-153/GO;Crescente;Colisão traseira;1;1;0;0;0;0;1
28/07/2023;13:08:48;297;Com vítima;94,15;BR-60/GO;Decrescente;Tombamento;1;0;0;1;0;0;2
28/07/2023;13:49:22;319;Sem vítima;605;BR-262/GO;Decrescente;Engavetamento;1;1;0;0;0;0;1
28/07/2023;16:23:38;382;Com vítima;102,2;BR-153/GO;Decrescente;Colisão lateral no mesmo sentido;1;0;0;1;0;0;2
29/07/2023;16:22:33;384;Com vítima;369;BR-262/GO;Decrescente;Tombamento;1;0;0;1;0;0;2
29/07/2023;18:28:40;435;Sem vítima;580;BR-262/GO;Decrescente;Acidentes de outra natureza;1;1;0;0;0;0;1
31/07/2023;00:49:20;12;Sem vítima;575,5;BR-153/GO;Decrescente;Tombamento;1;1;0;0;0;0;1
31/07/2023;06:59:00;49;Com vítima;419;BR-262/GO;Crescente;Colisão lateral no mesmo sentido;1;1;0;0;0;0;1
31/07/2023;09:08:31;137;Sem vítima;377;BR-262/GO;Crescente;Colisão lateral no mesmo sentido;1;1;0;0;0;0;1
31/07/2023;13:27:40;239;Sem vítima;136;BR-153/GO;Decrescente;Acidentes de outra natureza;1;1;0;0;0;0;1
01/08/2023;05:56:00;57;Sem vítima;363;BR-262/GO;Decrescente;Colisão traseira;1;1;0;0;0;0;1
01/08/2023;07:41:00;86;Com vítima;497,5;BR-153/GO;Decrescente;Colisão lateral no mesmo sentido;1;1;0;0;0;0;1
01/08/2023;12:16:07;210;Sem vítima;708;BR-262/GO;Decrescente;Colisão traseira;1;1;0;0;0;0;1
01/08/2023;22:11:12;454;Sem vítima;502;BR-153/GO;Crescente;Colisão lateral no mesmo sentido;1;1;0;0;0;0;1
02/08/2023;23:09:49;525;Sem vítima;94;BR-153/GO;Crescente;Atropelamento de animal;1;1;0;0;0;0;1
03/08/2023;09:21:42;121;Sem vítima;109;BR-60/GO;Decrescente;Colisão traseira;1;1;0;0;0;0;1
03/08/2023;12:00:00;209;Sem vítima;118;BR-60/GO;Crescente;Colisão traseira;1;1;0;0;0;0;1
07/08/2023;08:13:27;108;Com vítima;816;BR-262/GO;Decrescente;Acidentes de outra natureza;1;1;0;0;0;0;1
07/08/2023;14:14:50;246;Sem vítima;592;BR-262/GO;Decrescente;Tombamento;1;1;0;0;0;0;1
07/08/2023;17:43:00;333;Com vítima;670;BR-153/GO;Decrescente;Capotamento;1;1;0;0;0;0;1
10/08/2023;03:41:42;44;Sem vítima;556;BR-153/GO;Decrescente;Colisão traseira;1;1;0;0;0;0;1
10/08/2023;17:20:55;326;Sem vítima;822;BR-262/GO;Decrescente;Acidentes de outra natureza;1;1;0;0;0;0;1
11/08/2023;10:45:28;203;Sem vítima;54;BR-153/GO;Crescente;Tombamento;1;1;0;0;0;0;1
11/08/2023;12:57:40;267;Sem vítima;104;BR-60/GO;Decrescente;Acidentes de outra natureza;1;1;0;0;0;0;1
15/08/2023;00:58:00;12;Sem vítima;12;BR-153/GO;Decrescente;Acidentes de outra natureza;1;1;0;0;0;0;1
15/08/2023;05:48:11;62;Sem vítima;21,3;BR-60/GO;Crescente;Acidentes de outra natureza;1;1;0;0;0;0;1
16/08/2023;07:14:52;87;Com vítima;93;BR-60/GO;Decrescente;Tombamento;1;0;1;0;0;0;1
16/08/2023;14:44:23;389;Sem vítima;221,2;BR-153/GO;Decrescente;Acidentes de outra natureza;1;1;0;0;0;0;1
17/08/2023;09:35:00;155;Sem vítima;496;BR-153/GO;Crescente;Engavetamento;1;1;0;0;0;0;1
20/08/2023;10:18:35;116;Sem vítima;608;BR-262/GO;Decrescente;Acidentes de outra natureza;1;1;0;0;0;0;1
20/08/2023;15:25:01;256;Sem vítima;577,3;BR-262/GO;Crescente;Acidentes de outra natureza;1;1;0;0;0;0;1
21/08/2023;06:00:53;29;Sem vítima;133;BR-60/GO;Crescente;Engavetamento;1;1;0;0;0;0;1
21/08/2023;08:02:31;85;Sem vítima;507;BR-153/GO;Decrescente;Colisão traseira;1;1;0;0;0;0;1
21/08/2023;13:20:24;250;Sem vítima;437;BR-262/GO;Crescente;Acidentes de outra natureza;1;1;0;0;0;0;1
21/08/2023;19:02:50;409;Sem vítima;75;BR-60/GO;Crescente;Tombamento;1;1;0;0;0;0;1
21/08/2023;21:24:53;454;Sem vítima;850;BR-262/GO;Decrescente;Tombamento;1;1;0;0;0;0;1
22/08/2023;00:14:00;4;Sem vítima;548;BR-262/GO;Crescente;Acidentes de outra natureza;1;1;0;0;0;0;1
22/08/2023;18:00:59;509;Com vítima;592;BR-153/GO;Crescente;Colisão traseira;1;1;0;0;0;0;1
22/08/2023;21:27:00;583;Sem vítima;27;BR-60/GO;Decrescente;Acidentes de outra natureza;1;1;0;0;0;0;1
23/08/2023;09:47:17;353;Sem vítima;379;BR-262/GO;Decrescente;Acidentes de outra natureza;1;1;0;0;0;0;1
23/08/2023;12:54:00;432;Sem vítima;405;BR-262/GO;Decrescente;Acidentes de outra natureza;1;1;0;0;0;0;1
23/08/2023;13:55:26;462;Sem vítima;863;BR-262/GO;Crescente;Tombamento;1;1;0;0;0;0;1
24/08/2023;05:40:01;58;Com vítima;133;BR-153/GO;Decrescente;Colisão traseira;1;1;0;0;0;0;1
24/08/2023;11:59:33;310;Com vítima;119,8;BR-153/GO;Decrescente;Acidentes de outra natureza;1;0;1;0;0;0;1
24/08/2023;13:52:01;349;Sem vítima;91;BR-60/GO;Decrescente;Acidentes de outra natureza;1;1;0;0;0;0;1
24/08/2023;16:26:39;423;Com vítima;87;BR-60/GO;Decrescente;Tombamento;1;0;1;0;0;0;1
24/08/2023;19:59:00;533;Com vítima;17;BR-60/GO;Crescente;Acidentes de outra natureza;1;1;0;0;0;0;1
24/08/2023;23:50:00;585;Com vítima;5;BR-60/GO;Decrescente;Colisão traseira;1;0;0;1;0;0;2
25/08/2023;04:56:00;34;Sem vítima;612;BR-262/GO;Crescente;Acidentes de outra natureza;1;1;0;0;0;0;1
26/08/2023;01:10:41;15;Sem vítima;16,4;BR-153/GO;Crescente;Acidentes de outra natureza;1;1;0;0;0;0;1
26/08/2023;16:13:33;346;Sem vítima;587;BR-262/GO;Crescente;Acidentes de outra natureza;1;1;0;0;0;0;1
27/08/2023;19:38:32;415;Sem vítima;608;BR-262/GO;Decrescente;Acidentes de outra natureza;1;1;0;0;0;0;1
27/08/2023;21:57:46;467;Sem vítima;547;BR-262/GO;Decrescente;Colisão lateral no mesmo sentido;1;1;0;0;0;0;1
28/08/2023;06:38:26;45;Sem vítima;586;BR-262/GO;Decrescente;Colisão lateral no mesmo sentido;1;1;0;0;0;0;1
28/08/2023;14:02:00;279;Sem vítima;625;BR-262/GO;Decrescente;Acidentes de outra natureza;1;1;0;0;0;0;1
28/08/2023;20:36:03;432;Sem vítima;119;BR-153/GO;Decrescente;Acidentes de outra natureza;1;1;0;0;0;0;1
29/08/2023;16:26:47;302;Sem vítima;505,5;BR-153/GO;Crescente;Colisão lateral no mesmo sentido;1;1;0;0;0;0;1
29/08/2023;20:39:11;405;Sem vítima;128;BR-60/GO;Decrescente;Tombamento;1;0;0;0;0;0;1
30/08/2023;01:35:19;14;Sem vítima;201;BR-153/GO;Decrescente;Atropelamento de animal;1;0;0;0;0;0;1
30/08/2023;16:55:00;431;Sem vítima;445;BR-262/GO;Crescente;Colisão lateral no mesmo sentido;1;0;0;0;0;0;1
30/08/2023;17:01:04;432;Sem vítima;501;BR-262/GO;Decrescente;Colisão traseira;1;0;0;0;0;0;1
31/08/2023;04:02:54;43;Sem vítima;475;BR-262/GO;Crescente;Atropelamento de animal;1;0;0;0;0;0;1
31/08/2023;15:33:20;385;Sem vítima;45;BR-153/GO;Crescente;Choque;1;1;0;0;0;0;1
31/08/2023;16:10:00;375;Sem vítima;668;BR-262/GO;Crescente;Acidentes de outra natureza;1;1;0;0;0;0;1
01/09/2023;08:04:23;74;Sem vítima;481;BR-262/GO;Decrescente;Colisão traseira;1;1;0;0;0;0;1
01/09/2023;08:26:24;89;Com vítima;503;BR-153/GO;Decrescente;Colisão traseira;1;1;0;0;0;0;1
01/09/2023;12:05:00;235;Com vítima;501;BR-153/GO;Crescente;Colisão traseira;1;1;0;0;0;0;1
02/09/2023;12:53:24;262;Sem vítima;781;BR-262/GO;Crescente;Acidentes de outra natureza;1;0;0;0;0;0;1
03/09/2023;10:01:11;182;Com vítima;519;BR-262/GO;Crescente;Tombamento;1;0;0;0;0;0;1
03/09/2023;21:46:29;543;Sem vítima;743;BR-262/GO;Decrescente;Acidentes de outra natureza;1;0;0;0;0;0;1
03/09/2023;23:10:34;569;Sem vítima;361;BR-262/GO;Decrescente;Colisão lateral no mesmo sentido;1;1;0;0;0;0;1
04/09/2023;11:15:59;233;Sem vítima;480;BR-262/GO;Decrescente;Acidentes de outra natureza;1;1;0;0;0;0;1
05/09/2023;06:09:19;53;Sem vítima;25;BR-60/GO;Crescente;Colisão frontal;1;1;0;0;0;0;1
06/09/2023;03:43:05;26;Sem vítima;785;BR-262/GO;Decrescente;Colisão traseira;1;1;0;0;0;0;1
06/09/2023;07:08:05;61;Sem vítima;587;BR-262/GO;Decrescente;Acidentes de outra natureza;1;1;0;0;0;0;1
06/09/2023;13:33:26;244;Sem vítima;586;BR-262/GO;Crescente;Tombamento;1;1;0;0;0;0;1
06/09/2023;23:26:00;506;Sem vítima;27;BR-60/GO;Decrescente;Acidentes de outra natureza;1;1;0;0;0;0;1
09/09/2023;09:16:42;127;Sem vítima;507;BR-153/GO;Crescente;Acidentes de outra natureza;1;1;0;0;0;0;1
09/09/2023;15:32:58;278;Sem vítima;575;BR-262/GO;Decrescente;Tombamento;1;1;0;0;0;0;1
10/09/2023;17:33:00;405;Sem vítima;109,4;BR-60/GO;Decrescente;Colisão traseira;1;1;0;0;0;0;1
12/09/2023;02:58:58;33;Sem vítima;734;BR-262/GO;Decrescente;Acidentes de outra natureza;1;0;0;0;0;0;1
12/09/2023;17:37:48;349;Sem vítima;499;BR-153/GO;Decrescente;Colisão traseira;1;0;0;0;0;0;1
12/09/2023;19:45:25;406;Sem vítima;385;BR-262/GO;Decrescente;Atropelamento de animal;1;0;0;0;0;0;1
13/09/2023;00:55:27;13;Sem vítima;699;BR-262/GO;Crescente;Tombamento;1;0;0;0;0;0;1
13/09/2023;08:08:00;94;Sem vítima;1;BR-153/GO;Crescente;Colisão lateral no mesmo sentido;1;0;0;0;0;0;1
13/09/2023;14:14:44;273;Sem vítima;132,5;BR-153/GO;Decrescente;Colisão traseira;1;0;0;0;0;0;1
14/09/2023;02:08:00;25;Sem vítima;42;BR-60/GO;Decrescente;Colisão traseira;1;1;0;0;0;0;1
14/09/2023;08:51:00;106;Sem vítima;197;BR-153/GO;Crescente;Colisão lateral no mesmo sentido;1;0;0;0;0;0;1
14/09/2023;22:09:00;389;Sem vítima;702;BR-153/GO;Decrescente;Acidentes de outra natureza;1;0;0;0;0;0;1
15/09/2023;14:16:56;272;Sem vítima;560;BR-262/GO;Decrescente;Tombamento;1;1;0;0;0;0;1
15/09/2023;15:13:22;306;Sem vítima;374;BR-262/GO;Decrescente;Acidentes de outra natureza;1;0;0;0;0;0;1
17/09/2023;09:29:48;163;Sem vítima;505;BR-153/GO;Decrescente;Colisão traseira;1;0;0;0;0;0;1
18/09/2023;01:27:42;15;Com vítima;493;BR-262/GO;Crescente;Colisão frontal;1;0;0;0;0;1;3
18/09/2023;07:48:00;67;Sem vítima;446;BR-262/GO;Crescente;Acidentes de outra natureza;1;1;0;0;0;0;1
18/09/2023;15:26:59;308;Sem vítima;411,9;BR-262/GO;Decrescente;Colisão lateral no mesmo sentido;1;0;0;0;0;0;1
19/09/2023;00:32:00;6;Sem vítima;621;BR-153/GO;Decrescente;Colisão traseira;1;0;0;0;0;0;1
19/09/2023;10:16:00;260;Sem vítima;646;BR-262/GO;Crescente;Colisão traseira;1;1;0;0;0;0;1
19/09/2023;12:14:00;323;Sem vítima;449;BR-262/GO;Crescente;Tombamento;1;1;0;0;0;0;1
19/09/2023;20:42:00;579;Sem vítima;22;BR-153/GO;Decrescente;Tombamento;1;0;0;0;0;0;1
19/09/2023;20:55:50;581;Sem vítima;518;BR-262/GO;Crescente;Tombamento;1;2;0;0;0;0;1
20/09/2023;10:48:37;190;Com vítima;83;BR-153/GO;Decrescente;Tombamento;1;0;2;0;0;0;1
20/09/2023;15:01:00;309;Sem vítima;135;BR-60/GO;Crescente;Colisão traseira;1;2;0;0;0;0;1